Price,Close,High,Low,Open,Volume,Return,Volatility,Volatility_ma10
Ticker,^NSEI,^NSEI,^NSEI,^NSEI,^NSEI,,,
Date,,,,,,,,
2019-02-14,10746.0498046875,10792.7001953125,10718.75,10786.099609375,627000,-0.007879921603800577,0.006977647298320457,0.006994359193116996
2019-02-15,10724.400390625,10785.75,10620.400390625,10780.25,521900,-0.002014639281967212,0.006980904555783484,0.006987096338039704
2019-02-18,10640.9501953125,10759.900390625,10628.400390625,10738.650390625,345400,-0.00778133902809619,0.007128826641572418,0.007035062015529385
2019-02-19,10604.349609375,10722.849609375,10585.650390625,10636.7001953125,291500,-0.0034395975233135756,0.007139186279834327,0.007090639517955048
2019-02-20,10735.4501953125,10752.7001953125,10646.400390625,10655.4501953125,289200,0.012362906803977669,0.007627514553686336,0.0071987610791097514
2019-02-21,10789.849609375,10808.849609375,10721.5,10744.099609375,279600,0.005067269008080633,0.007712521622930684,0.007273750244593068
2019-02-22,10791.650390625,10801.5498046875,10758.400390625,10782.7001953125,396800,0.00016689586186968697,0.007502962801908167,0.007333062263212771
2019-02-25,10880.099609375,10887.099609375,10788.0498046875,10813.25,385900,0.008196078963680797,0.007714046346356721,0.007367226718975236
2019-02-26,10835.2998046875,10888.75,10729.2998046875,10775.2998046875,415000,-0.004117591409631749,0.007633390950434779,0.007386053452674427
2019-02-27,10806.650390625,10939.7001953125,10751.2001953125,10881.2001953125,381100,-0.002644081343287419,0.007220275725919253,0.0073637276776746625
2019-02-28,10792.5,10865.7001953125,10784.849609375,10865.7001953125,644200,-0.0013094150466157473,0.007225519383587931,0.00738851488620141
2019-03-01,10863.5,10877.900390625,10823.099609375,10842.650390625,308500,0.006578642575862936,0.007337505388891035,0.007424174969512165
2019-03-05,10987.4501953125,10994.900390625,10817.0,10864.849609375,373200,0.011409784628572783,0.006830509041118817,0.007394343209466805
2019-03-06,11053.0,11062.2998046875,10998.849609375,11024.849609375,372600,0.005965879573721855,0.006837197348156714,0.007364144316299044
2019-03-07,11058.2001953125,11089.0498046875,11027.099609375,11077.9501953125,321200,0.00047047817900125466,0.006833538397227481,0.007284746700653158
2019-03-08,11035.400390625,11049.0,11008.9501953125,11038.849609375,326600,-0.0020618006804727917,0.006850743356840238,0.007198568874044113
2019-03-11,11168.0498046875,11180.900390625,11059.849609375,11068.75,352200,0.012020353532001593,0.006876067544099375,0.007135879348263234
2019-03-12,11301.2001953125,11320.400390625,11227.0,11231.349609375,391300,0.011922438828049886,0.007316258424701562,0.0070961005560977175
2019-03-13,11341.7001953125,11352.2998046875,11276.599609375,11326.2001953125,383000,0.0035836901656514097,0.006757655974586819,0.0070085270585129224
2019-03-14,11343.25,11383.4501953125,11313.75,11382.5,294500,0.00013664659273393553,0.006592642432364376,0.006945763729157435
2019-03-15,11426.849609375,11487.0,11370.7998046875,11376.849609375,463700,0.007369987382364052,0.006474492910412682,0.00687066108183991
2019-03-18,11462.2001953125,11530.150390625,11412.5,11473.849609375,320300,0.0030936423551506387,0.006015339251126019,0.006738444468063408
2019-03-19,11532.400390625,11543.849609375,11451.25,11500.2998046875,326100,0.006124495656707252,0.005931338624528044,0.0066485274264043315
2019-03-20,11521.0498046875,11556.099609375,11503.099609375,11553.349609375,366300,-0.0009842344657688962,0.005452083394771003,0.00651001603106576
2019-03-22,11456.900390625,11572.7998046875,11434.5498046875,11549.2001953125,386200,-0.005568018119008533,0.005610968427190811,0.006387759034062093
2019-03-25,11354.25,11395.650390625,11311.599609375,11395.650390625,294500,-0.008959700017030503,0.005888131685390703,0.00629149786691714
2019-03-26,11483.25,11496.75,11352.4501953125,11375.2001953125,282600,0.011361384503600025,0.006168768288235144,0.006220767941330716
2019-03-27,11445.0498046875,11546.2001953125,11413.0,11531.4501953125,350400,-0.0033266013813597617,0.006294485494157289,0.006118590648276289
2019-03-28,11570.0,11588.5,11452.4501953125,11463.650390625,527700,0.010917400749215211,0.006437053201511983,0.006086530370968806
2019-04-01,11669.150390625,11738.099609375,11644.75,11665.2001953125,379600,0.008569610252809001,0.006334970044906226,0.006060763132222991
2019-04-02,11713.2001953125,11729.349609375,11655.849609375,11711.5498046875,386100,0.0037748939051200914,0.006173674218364316,0.006030681263018154
2019-04-03,11643.9501953125,11761.0,11629.150390625,11735.2998046875,365800,-0.005912133221091298,0.006442285890976918,0.006073375927003243
2019-04-04,11598.0,11662.5498046875,11559.2001953125,11660.2001953125,349000,-0.003946272059030087,0.006609647727125289,0.006141206837262969
2019-04-05,11665.9501953125,11689.650390625,11609.5,11638.400390625,266700,0.005858785593421345,0.006369048581792851,0.006232903355965153
2019-04-08,11604.5,11710.2998046875,11549.099609375,11704.349609375,260900,-0.005267483083991831,0.006565331501315665,0.006328339663377638
2019-04-09,11671.9501953125,11683.900390625,11569.7001953125,11612.0498046875,300500,0.005812417192683883,0.006592632783987118,0.00639878977323728
2019-04-10,11584.2998046875,11680.0498046875,11571.75,11646.849609375,359900,-0.007509489773200095,0.0068857482132610205,0.006470487765739869
2019-04-11,11596.7001953125,11606.7001953125,11550.5498046875,11592.5498046875,279800,0.0010704480058416621,0.006520707153084169,0.006493109931632555
2019-04-12,11643.4501953125,11657.349609375,11578.7998046875,11612.849609375,246000,0.0040313191867198395,0.006124476107798193,0.006461852222261177
2019-04-15,11690.349609375,11704.599609375,11648.25,11667.0,290000,0.0040279653604204935,0.0061330143474826,0.006441656652518814
2019-04-16,11787.150390625,11810.9501953125,11731.5498046875,11736.2001953125,354300,0.008280400884877803,0.006300293999007318,0.006454318630583114
2019-04-18,11752.7998046875,11856.150390625,11738.5,11856.150390625,339700,-0.0029142400664389223,0.006249139250223827,0.006435003966507804
2019-04-22,11594.4501953125,11727.0498046875,11583.9501953125,11727.0498046875,260400,-0.013473352052831178,0.0070176483899190125,0.006475804032787177
2019-04-23,11575.9501953125,11645.9501953125,11564.7998046875,11612.9501953125,272500,-0.0015955909670886115,0.006913556578313881,0.006530254832439281
2019-04-24,11726.150390625,11740.849609375,11578.849609375,11601.5,335200,0.012975193636658888,0.007444481086359263,0.00661816979094364
2019-04-25,11641.7998046875,11796.75,11624.2998046875,11735.7001953125,604400,-0.007193374050953438,0.0075227665652302465,0.006711183169067954
2019-04-26,11754.650390625,11762.900390625,11661.75,11683.75,333500,0.009693568677590747,0.007414524231799752,0.006764060770921826
2019-04-30,11748.150390625,11756.25,11655.900390625,11748.75,532600,-0.0005529726349993158,0.007085017670125439,0.006820491822625953
2019-05-02,11724.75,11789.2998046875,11699.5498046875,11725.5498046875,380300,-0.001991836148409698,0.007049117999300849,0.006912956011776219
2019-05-03,11712.25,11770.900390625,11699.349609375,11722.599609375,305500,-0.0010661208128105448,0.006697196012115243,0.0069693741782394835
2019-05-06,11598.25,11632.5498046875,11571.349609375,11605.7998046875,299000,-0.00973339879186319,0.0067988447298791,0.007019229251326661
2019-05-07,11497.900390625,11657.0498046875,11484.4501953125,11651.5,337500,-0.008652133673183404,0.006968058445998962,0.007091121170904174
2019-05-08,11359.4501953125,11479.099609375,11346.9501953125,11478.7001953125,372800,-0.012041345863927244,0.007310223293030875,0.007120378661215361
2019-05-09,11301.7998046875,11357.599609375,11255.0498046875,11322.400390625,373000,-0.005075103956069027,0.007335904455580358,0.0071626134489420085
2019-05-10,11278.900390625,11345.7998046875,11251.0498046875,11314.150390625,387300,-0.0020261741013145596,0.0071558298815213245,0.007133748328458214
2019-05-13,11148.2001953125,11300.2001953125,11125.599609375,11258.7001953125,357600,-0.011588026384304118,0.007445689749459393,0.0071260406468811295
2019-05-14,11222.0498046875,11294.75,11108.2998046875,11151.650390625,398100,0.006624352638199937,0.007489621125098551,0.00713355033621101
2019-05-15,11157.0,11286.7998046875,11136.9501953125,11271.7001953125,414200,-0.005796606308085428,0.00743394848979736,0.007168443418178201
2019-05-16,11257.099609375,11281.5498046875,11143.349609375,11180.349609375,350700,0.008971910851931497,0.007776532440630328,0.007241184862311151
2019-05-17,11407.150390625,11426.150390625,11259.849609375,11261.900390625,412100,0.013329435330307948,0.008344338445383818,0.007405899105638006
2019-05-20,11828.25,11845.2001953125,11591.7001953125,11651.900390625,452100,0.036915407876193296,0.011725158527279456,0.00789853048537804
2019-05-21,11709.099609375,11883.5498046875,11682.7998046875,11863.650390625,381000,-0.010073374389702572,0.011809603526146642,0.00838268499339281
2019-05-22,11737.900390625,11784.7998046875,11682.400390625,11727.9501953125,355900,0.0024596922232125173,0.011807224105242762,0.008832385074613999
2019-05-23,11657.0498046875,12041.150390625,11614.5,11901.2998046875,569000,-0.006887993870017373,0.011515185384341684,0.009250313167490132
2019-05-24,11844.099609375,11859.0,11658.099609375,11748.0,374600,0.016046067214389392,0.01200177143673496,0.009734907323011495
2019-05-27,11924.75,11957.150390625,11812.400390625,11855.5,348400,0.006809330661248669,0.011771454256422193,0.010167483773707776
2019-05-28,11928.75,11958.5498046875,11864.900390625,11958.349609375,598300,0.0003354368016101894,0.011627514868656992,0.010581273148063619
2019-05-29,11861.099609375,11931.900390625,11836.7998046875,11905.7998046875,318100,-0.005671205333752538,0.011551071143662564,0.01099298541345014
2019-05-30,11945.900390625,11968.5498046875,11859.400390625,11865.2998046875,421200,0.007149487319284775,0.011638186010369398,0.011379150770424045
2019-05-31,11922.7998046875,12039.25,11829.4501953125,11999.7998046875,438900,-0.0019337668306382838,0.011637481682306076,0.011708465094116273
2019-06-03,12088.5498046875,12103.0498046875,11920.099609375,11953.75,315300,0.013901936014629301,0.011967209190022797,0.011732670160390608
2019-06-04,12021.650390625,12095.2001953125,12005.849609375,12052.650390625,289200,-0.005534114111566901,0.011802767155520604,0.011731986523328002
2019-06-06,11843.75,12039.7998046875,11830.25,12039.7998046875,415200,-0.014798333410505293,0.012145473988131992,0.011765811511616927
2019-06-07,11870.650390625,11897.5,11769.5,11865.2001953125,302500,0.0022712730870713127,0.011743604265318704,0.011788653399714627
2019-06-10,11922.7001953125,11975.0498046875,11871.75,11934.900390625,303300,0.004384747505377318,0.011632977887365266,0.011751774044777659
2019-06-11,11965.599609375,12000.349609375,11904.349609375,11959.849609375,332200,0.0035981290613484873,0.011585458302046306,0.01173317444934007
2019-06-12,11906.2001953125,11962.4501953125,11866.349609375,11962.4501953125,283700,-0.004964181988503125,0.011257339096522354,0.011696156872126606
2019-06-13,11914.0498046875,11931.349609375,11817.0498046875,11873.900390625,447900,0.0006592875347493088,0.011241781189377778,0.011665227876698128
2019-06-14,11823.2998046875,11911.849609375,11797.7001953125,11910.099609375,390300,-0.007617057296864349,0.011319054430337015,0.01163331471869489
2019-06-17,11672.150390625,11844.0498046875,11657.75,11844.0,295500,-0.012784029548381648,0.011717069263304217,0.011641273476794703
2019-06-18,11691.5,11727.2001953125,11641.150390625,11677.0498046875,365500,0.0016577587443133979,0.011415281371813676,0.01158608069497379
2019-06-19,11691.4501953125,11802.5,11625.099609375,11744.4501953125,446900,-4.259905700743083e-06,0.007967661506089884,0.011202570130030719
2019-06-20,11831.75,11843.5,11635.0498046875,11653.650390625,442000,0.012000205478679637,0.008099744326859913,0.01079799716390351
2019-06-21,11724.099609375,11827.9501953125,11705.099609375,11827.599609375,468400,-0.009098433505187353,0.008350694437626541,0.010458706181134297
2019-06-24,11699.650390625,11754.0,11670.2001953125,11725.7998046875,277600,-0.002085381356743965,0.008217990595219483,0.010117207451919717
2019-06-25,11796.4501953125,11814.400390625,11651.0,11681.0,300500,0.008273734808782462,0.007622365381762745,0.00972089815989136
2019-06-26,11847.5498046875,11871.849609375,11757.5498046875,11768.150390625,327900,0.004331778503613437,0.0075276164323694154,0.009347925893476067
2019-06-27,11841.5498046875,11911.150390625,11821.0498046875,11860.849609375,480200,-0.0005064338279993086,0.007526404106931622,0.008976388185231452
2019-06-28,11788.849609375,11871.7001953125,11775.5,11861.150390625,303900,-0.004450447465215945,0.007487640114096361,0.008593246753607387
2019-07-01,11865.599609375,11884.650390625,11830.7998046875,11839.900390625,278400,0.006510389269786421,0.0074572379131294915,0.008167263618589913
2019-07-02,11910.2998046875,11917.4501953125,11814.7001953125,11890.2998046875,363200,0.003767209141051886,0.007498239873800811,0.007775559468788627
2019-07-03,11916.75,11945.2001953125,11887.0498046875,11932.150390625,340500,0.0005415644793391738,0.006791107550687549,0.0076579040732483936
2019-07-04,11946.75,11969.25,11923.650390625,11928.7998046875,333600,0.0025174649128327786,0.006729133699178605,0.0075208430104802635
2019-07-05,11811.150390625,11981.75,11797.900390625,11964.75,530700,-0.011350334557515662,0.0063906223227847,0.007324835798996078
2019-07-08,11558.599609375,11771.900390625,11523.2998046875,11770.400390625,464000,-0.02138240331360608,0.00786422176516084,0.007289458915990215
2019-07-09,11555.900390625,11582.5498046875,11461.0,11531.599609375,442500,-0.00023352472109261502,0.007763042367420503,0.00730352661455599
2019-07-10,11498.900390625,11593.7001953125,11475.650390625,11536.150390625,337600,-0.004932545113165099,0.007708237222923722,0.0073215886936114204
2019-07-11,11582.900390625,11599.0,11519.5,11561.4501953125,317300,0.007305046321514741,0.007923499889010378,0.007361298271819296
2019-07-12,11552.5,11639.5498046875,11538.599609375,11601.150390625,359400,-0.0026245922523520093,0.007915713662976049,0.007404105626707265
2019-07-15,11588.349609375,11618.400390625,11532.2998046875,11614.75,368800,0.0031031905972733753,0.007842528753925446,0.007442634710786861
2019-07-16,11662.599609375,11670.0498046875,11573.9501953125,11596.650390625,480200,0.006407297199588324,0.007502424682071082,0.007443053191613888
2019-07-17,11687.5,11706.650390625,11651.150390625,11670.75,464800,0.0021350634900458854,0.007508456877346268,0.007514788124279759
2019-07-18,11596.900390625,11677.150390625,11582.400390625,11675.599609375,498300,-0.007751838235294128,0.007697197071747573,0.007611594461536655
2019-07-19,11419.25,11640.349609375,11399.2998046875,11627.9501953125,446000,-0.01531878214359883,0.007811799557504997,0.007753712185008685
2019-07-22,11346.2001953125,11398.150390625,11301.25,11392.849609375,516000,-0.006397075524881224,0.007704679452420658,0.007737757953734667
2019-07-23,11331.0498046875,11398.150390625,11302.7998046875,11372.25,458900,-0.0013352832106081625,0.007703717094357947,0.007731825426428413
2019-07-24,11271.2998046875,11359.75,11229.7998046875,11322.4501953125,413200,-0.005273121293252303,0.007406274436174704,0.00770162914775351
2019-07-25,11252.150390625,11361.400390625,11239.349609375,11290.400390625,553700,-0.0016989534831232112,0.007258230637671053,0.007635102222619578
2019-07-26,11284.2998046875,11307.599609375,11210.0498046875,11247.4501953125,522700,0.0028571795564771296,0.007339393086445909,0.007577470164966564
2019-07-29,11189.2001953125,11310.9501953125,11152.400390625,11307.5,482900,-0.008427603929443195,0.007449050733161182,0.007538122362890138
2019-07-30,11085.400390625,11267.4501953125,11072.650390625,11213.7001953125,479100,-0.009276785013729971,0.007293892245265002,0.007517269119209529
2019-07-31,11118.0,11145.2998046875,10999.400390625,11034.0498046875,536700,0.00294076968140633,0.0072565092114998475,0.007492074352624887
2019-08-01,10980.0,11076.75,10881.0,11060.2001953125,499900,-0.012412304371289817,0.007465880048748016,0.007468942650324932
2019-08-02,10997.349609375,11080.150390625,10848.9501953125,10930.2998046875,547400,0.0015801101434427256,0.007428526908837206,0.007430615385458151
2019-08-05,10862.599609375,10895.7998046875,10782.599609375,10895.7998046875,506600,-0.012252952282714391,0.007476194687232637,0.0074077669089393505
2019-08-06,10948.25,11018.5498046875,10813.7998046875,10815.400390625,517900,0.007884888857643269,0.0067578302735923235,0.007313178226862787
2019-08-07,10855.5,10975.650390625,10835.900390625,10958.099609375,548500,-0.00847167355513434,0.006854556840077971,0.0072580064672531155
2019-08-08,11032.4501953125,11058.0498046875,10842.9501953125,10899.2001953125,482500,0.016300510829763803,0.008015304496818157,0.007333713853167825
2019-08-09,11109.650390625,11181.4501953125,11062.7998046875,11087.900390625,538100,0.006997556657477588,0.007997834213256217,0.007399557965848856
2019-08-13,10925.849609375,11145.900390625,10901.599609375,11139.400390625,624600,-0.01654424529912324,0.008609603842528055,0.007515613276785543
2019-08-14,11029.400390625,11078.150390625,10935.599609375,11003.25,511500,0.009477595331455646,0.008927842756534356,0.007679008327912479
2019-08-16,11047.7998046875,11068.650390625,10924.2998046875,11043.650390625,470900,0.0016682152620135504,0.008754603206956025,0.007828817727458096
2019-08-19,11053.900390625,11146.900390625,11037.849609375,11094.7998046875,369500,0.0005521991749806165,0.008719090899819754,0.00795413881256527
2019-08-20,11017.0,11076.2998046875,10985.2998046875,11063.900390625,444700,-0.0033382235519596737,0.00864191417808639,0.00807547753949019
2019-08-21,10918.7001953125,11034.2001953125,10906.650390625,11018.150390625,557900,-0.008922556475220111,0.008268639068686521,0.008154721977635577
2019-08-22,10741.349609375,10908.25,10718.2998046875,10905.2998046875,668200,-0.016242829527789215,0.008787360829061695,0.008357675033182514
2019-08-23,10829.349609375,10862.5498046875,10637.150390625,10699.599609375,667100,0.008192639025843995,0.009094810816099117,0.008581700430784628
2019-08-26,11057.849609375,11070.2998046875,10756.5498046875,11000.2998046875,684100,0.021100066785376237,0.010368564210261711,0.008817026402128985
2019-08-27,11105.349609375,11141.75,11049.5,11106.5498046875,685600,0.004295591066795668,0.010426634420043705,0.009059906422807733
2019-08-28,11046.099609375,11129.650390625,10987.650390625,11101.2998046875,550000,-0.005335266523260329,0.010445104697106194,0.009243456508265548
2019-08-29,10948.2998046875,11021.099609375,10922.400390625,10996.0498046875,649900,-0.0088537862364102,0.010460734511980038,0.009396745683810114
2019-08-30,11023.25,11042.599609375,10874.7998046875,10987.7998046875,628200,0.006845829640179435,0.01041319317294217,0.009562604680408728
2019-09-03,10797.900390625,10967.5,10772.7001953125,10960.9501953125,483000,-0.02044311880570615,0.011273465383014766,0.009818042128728232
2019-09-04,10844.650390625,10858.75,10746.349609375,10790.400390625,508800,0.004329545403159107,0.011040093183498512,0.010057860029269443
2019-09-05,10847.900390625,10920.099609375,10816.0,10860.9501953125,595700,0.000299686931614751,0.01103137527552579,0.01033413364995337
2019-09-06,10946.2001953125,10957.0498046875,10867.4501953125,10883.7998046875,497200,0.009061643373168504,0.010884538186682264,0.010543851385715428
2019-09-09,11003.0498046875,11028.849609375,10889.7998046875,10936.7001953125,412500,0.005193547382711383,0.010807843178364649,0.01071515462194198
2019-09-11,11035.7001953125,11054.7998046875,11011.650390625,11028.5,687100,0.0029673946046386845,0.010630805453172496,0.010741378746233057
2019-09-12,10982.7998046875,11081.75,10964.9501953125,11058.2998046875,551400,-0.00479356902496042,0.010079001103519225,0.010706615414580612
2019-09-13,11075.900390625,11084.4501953125,10945.75,10986.7998046875,624300,0.008476944640087414,0.010136581898648613,0.010675763134734851
2019-09-16,11003.5,11052.7001953125,10968.2001953125,10994.849609375,434500,-0.006536749886833726,0.009542463369796984,0.010583936020516547
2019-09-17,10817.599609375,11000.099609375,10796.5,11000.099609375,482000,-0.01689465993774708,0.010009340880658007,0.010543550791288131
2019-09-18,10840.650390625,10885.150390625,10804.849609375,10872.7998046875,519200,0.002130859163064436,0.010015725781581247,0.010417776831144778
2019-09-19,10704.7998046875,10845.2001953125,10670.25,10845.2001953125,642600,-0.012531589991591652,0.010326074246580334,0.010346374937452961
2019-09-20,11274.2001953125,11381.900390625,10691.0,10746.7998046875,1356800,0.05319112930777714,0.01575662948285273,0.010818900358185654
2019-09-23,11600.2001953125,11694.849609375,11471.349609375,11542.7001953125,882800,0.028915576657539077,0.016675948608776133,0.011398041400395041
2019-09-24,11588.2001953125,11655.0498046875,11539.2001953125,11590.7001953125,651700,-0.0010344649056013289,0.016118603141357588,0.011929117396694337
2019-09-25,11440.2001953125,11564.9501953125,11416.099609375,11564.849609375,629100,-0.012771612287114875,0.01647443549508923,0.012513480400886009
2019-09-26,11571.2001953125,11610.849609375,11466.349609375,11469.849609375,844500,0.01145084856589107,0.016066363503179623,0.013112216640852051
2019-09-27,11512.400390625,11593.599609375,11499.75,11556.349609375,650000,-0.005081564893442914,0.01613781023190332,0.01371233947417752
2019-09-30,11474.4501953125,11508.25,11390.7998046875,11491.150390625,756800,-0.003296462425282254,0.016098586278474523,0.014367951765045276
2019-10-01,11359.900390625,11554.2001953125,11247.900390625,11515.400390625,1305400,-0.009983032105041145,0.01613826110670154,0.014980843787649625
2019-10-03,11314.0,11370.400390625,11257.349609375,11322.25,1017500,-0.004040562773145462,0.01614564384822331,0.015593835594313831
2019-10-04,11174.75,11400.2998046875,11158.349609375,11388.4501953125,928500,-0.012307760296977222,0.01568737994252943,0.016129966163908743
2019-10-07,11126.400390625,11233.849609375,11112.650390625,11196.2001953125,733200,-0.0043266837625002275,0.015729872393301314,0.0161272904549536
2019-10-09,11313.2998046875,11321.599609375,11090.150390625,11152.9501953125,741100,0.01679783285706482,0.01608346813560629,0.016068042407636617
2019-10-10,11234.5498046875,11293.349609375,11208.5498046875,11280.5,562000,-0.006960833829169011,0.01611786533818051,0.016067968627318907
2019-10-11,11305.0498046875,11362.900390625,11189.400390625,11257.7001953125,737800,0.006275284833450412,0.01613245084661954,0.016033770162471938
2019-10-14,11341.150390625,11420.4501953125,11290.0498046875,11335.900390625,587600,0.003193315072573366,0.016133615417846952,0.016040495353938672
2019-10-15,11428.2998046875,11462.349609375,11342.099609375,11360.849609375,527400,0.007684353972992053,0.016123008893942116,0.016039015220142554
2019-10-16,11464.0,11481.0498046875,11411.099609375,11464.9501953125,533500,0.003123841334461419,0.016057948947350204,0.01603495148703012
2019-10-17,11586.349609375,11599.099609375,11439.650390625,11466.2998046875,797600,0.010672506051552677,0.016052394930320124,0.01602636486939198
2019-10-18,11661.849609375,11684.7001953125,11553.150390625,11580.2998046875,853400,0.006516288783389612,0.01543318222765952,0.0159551187073356
2019-10-22,11588.349609375,11714.349609375,11573.650390625,11657.150390625,867600,-0.006302602285396697,0.015584926776051451,0.015944873390687803
2019-10-23,11604.099609375,11651.599609375,11554.400390625,11596.2001953125,664200,0.001359123648397631,0.01516886966486623,0.015888773117844292
2019-10-24,11582.599609375,11679.599609375,11534.650390625,11661.650390625,700500,-0.0018527934715960592,0.010166736764133214,0.015297099980696985
2019-10-25,11583.900390625,11646.900390625,11490.75,11646.150390625,812000,0.00011230477560042473,0.007964104822288539,0.01448172392910779
2019-10-29,11786.849609375,11809.400390625,11627.349609375,11643.9501953125,951700,0.017519938181983052,0.008830031697331294,0.013751482014178964
2019-10-30,11844.099609375,11883.9501953125,11784.4501953125,11883.900390625,725200,0.004857107869982835,0.008292206437744237,0.012967341116168693
2019-10-31,11877.4501953125,11945.0,11855.099609375,11890.4501953125,1414800,0.0028157974888274317,0.007992468063466202,0.012154287033121103
2019-11-01,11890.599609375,11918.2998046875,11843.349609375,11886.599609375,855300,0.0011070906504571099,0.007859354847386443,0.011334427623124725
2019-11-04,11941.2998046875,11989.150390625,11905.349609375,11928.900390625,823100,0.004263888868356602,0.007798224737115347,0.010509010603804247
2019-11-05,11917.2001953125,11978.9501953125,11861.900390625,11974.599609375,632000,-0.002018173043904281,0.007371896828946668,0.009702882063932963
2019-11-06,11966.0498046875,12002.900390625,11850.25,11911.5,603400,0.004099084396871566,0.00723404990642188,0.008867794376970006
2019-11-07,12012.0498046875,12021.400390625,11946.849609375,12021.099609375,563000,0.003844209304726398,0.006365501203388972,0.00798745753082228
2019-11-08,11908.150390625,12034.150390625,11888.75,11987.150390625,789300,-0.008649599006986697,0.006691643810425605,0.007639948235451518
2019-11-11,11913.4501953125,11932.650390625,11853.9501953125,11879.2001953125,549000,0.0004450569159482054,0.005947586867764047,0.007438296439999069
2019-11-13,11840.4501953125,11946.7998046875,11823.2001953125,11908.2998046875,659000,-0.006127528029514329,0.005883880184886578,0.007143681288754598
2019-11-14,11872.099609375,11895.650390625,11802.650390625,11858.75,559500,0.002672990768123773,0.005821127805615668,0.006896573425541741
2019-11-15,11895.4501953125,11973.650390625,11879.25,11904.2001953125,580200,0.001966845520657623,0.005818388797926749,0.006679165498987796
2019-11-18,11884.5,11946.2001953125,11867.599609375,11915.150390625,514400,-0.0009205364347466549,0.0057217642092254805,0.006465406435171699
2019-11-19,11940.099609375,11958.849609375,11881.75,11919.4501953125,613900,0.004678329704657314,0.0057486366865806765,0.0062604476301182325
2019-11-20,11999.099609375,12038.599609375,11966.0498046875,12004.75,646700,0.004941332311304558,0.0054419573489941,0.006067453682122976
2019-11-21,11968.400390625,12028.2001953125,11956.900390625,12025.650390625,557700,-0.002558460196964596,0.0053990415451064585,0.005883952845991433
2019-11-22,11914.400390625,11968.099609375,11883.5,11967.2998046875,486800,-0.004511881140131235,0.00528676264242993,0.005776078989895529
2019-11-25,12073.75,12084.5,11919.75,11922.4501953125,534300,0.013374538722098483,0.005903650893301591,0.005697279698183127
2019-11-26,12037.7001953125,12132.4501953125,12006.349609375,12110.2001953125,1201300,-0.0029858001604721185,0.005944768913396134,0.0056969979027463365
2019-11-27,12100.7001953125,12114.900390625,12055.150390625,12068.5,584200,0.005233557820665036,0.00597473087846091,0.005706082972103769
2019-11-28,12151.150390625,12158.7998046875,12099.9501953125,12132.099609375,620500,0.004169196368656758,0.004857474386191142,0.005609717630161317
2019-11-29,12056.0498046875,12147.400390625,12017.400390625,12146.2001953125,804400,-0.007826467690735917,0.0051912590890131356,0.005547004659269956
2019-12-02,12048.2001953125,12137.150390625,12023.7001953125,12137.0498046875,720900,-0.0006510929783939412,0.005180993946587423,0.00549292763300615
2019-12-03,11994.2001953125,12068.599609375,11956.400390625,12067.650390625,605800,-0.004481997238144242,0.0053008119930926115,0.0054481451636573435
2019-12-04,12043.2001953125,12054.7001953125,11935.2998046875,11969.9501953125,747200,0.004085307832292884,0.005294487583515503,0.005433398187109484
2019-12-05,12018.400390625,12081.2001953125,11998.75,12071.25,562200,-0.00205923710353606,0.0052954398461453125,0.0054230380172133694
2019-12-06,11921.5,12057.0498046875,11888.849609375,12047.349609375,609200,-0.008062669529681155,0.005532247651794866,0.005447586518149862
2019-12-09,11937.5,11981.9501953125,11888.0498046875,11939.099609375,599100,0.001342112989137334,0.005468201653462166,0.0054040415941659205
2019-12-10,11856.7998046875,11953.2001953125,11844.7001953125,11950.5,650200,-0.006760225785340301,0.005337630632149807,0.005343327766041288
2019-12-11,11910.150390625,11923.2001953125,11832.2998046875,11867.349609375,997700,0.0044995771891509495,0.005434289471487142,0.005289283625343911
2019-12-12,11971.7998046875,12005.5,11934.0,11944.2998046875,752600,0.005176207859728388,0.005356177785009172,0.005339153965225714
2019-12-13,12086.7001953125,12098.849609375,12023.599609375,12026.400390625,597700,0.009597587037832866,0.005696454262143163,0.005389673482538717
2019-12-16,12053.9501953125,12134.650390625,12046.2998046875,12131.349609375,437700,-0.0027095898360001147,0.005742605003603718,0.005445834588240346
2019-12-17,12165.0,12182.75,12070.349609375,12082.4501953125,499600,0.009212731336046609,0.006023253956029407,0.0055180787845340255
2019-12-18,12221.650390625,12237.7001953125,12163.4501953125,12197.0,518900,0.004656834412248179,0.006022622371097179,0.005590892263292193
2019-12-19,12259.7001953125,12268.349609375,12191.150390625,12223.400390625,623100,0.003113311498149862,0.005977789371725537,0.005659127215850215
2019-12-20,12271.7998046875,12293.900390625,12252.75,12266.4501953125,810700,0.000986941701855537,0.005920853304358891,0.0056979877811066185
2019-12-23,12262.75,12287.150390625,12213.25,12235.4501953125,604800,-0.0007374472230261553,0.0057944295698663705,0.005730610572747039
2019-12-24,12214.5498046875,12283.7001953125,12202.099609375,12269.25,470300,-0.003930618769240168,0.005205287200192258,0.005717376229551284
2019-12-26,12126.5498046875,12221.5498046875,12118.849609375,12211.849609375,520300,-0.007204522590446127,0.005425916439658971,0.0057165389263684665
2019-12-27,12245.7998046875,12258.4501953125,12157.900390625,12172.900390625,383800,0.009833794601157297,0.005717366829994331,0.005752657830866982
2019-12-30,12255.849609375,12286.4501953125,12213.7998046875,12274.900390625,411100,0.0008206736062803532,0.005658752370052932,0.005748887641657959
2019-12-31,12168.4501953125,12247.099609375,12151.7998046875,12247.099609375,426900,-0.007131240742024536,0.005609893856817916,0.005735616526979379
2020-01-01,12182.5,12222.2001953125,12165.2998046875,12202.150390625,304100,0.001154609211690083,0.005605897796427358,0.005693880911019174
2020-01-02,12282.2001953125,12289.900390625,12195.25,12198.5498046875,407700,0.008183886337984836,0.005718461850538176,0.005663464858963274
2020-01-03,12226.650390625,12265.599609375,12191.349609375,12261.099609375,428800,-0.004522789386603554,0.005805104997962143,0.005646196421586935
2020-01-06,11993.0498046875,12179.099609375,11974.2001953125,12170.599609375,396500,-0.019105853072941215,0.007232010636988986,0.005777312154849943
2020-01-07,12052.9501953125,12152.150390625,12005.349609375,12079.099609375,447800,0.004994592001242859,0.007070478488875257,0.005904917046750833
2020-01-08,12025.349609375,12044.9501953125,11929.599609375,11939.099609375,446000,-0.0022899444111396106,0.007094418597650139,0.006093830186496621
2020-01-09,12215.900390625,12224.0498046875,12132.5498046875,12153.150390625,477500,0.015845758122611686,0.0076511181503092045,0.006316350357561644
2020-01-10,12256.7998046875,12311.2001953125,12213.2001953125,12271.0,660600,0.0033480474426501594,0.007632270615326827,0.006507840736094894
2020-01-13,12329.5498046875,12337.75,12285.7998046875,12296.7001953125,501000,0.0059354808073293075,0.007652849870106063,0.006707250486100207
2020-01-14,12362.2998046875,12374.25,12308.7001953125,12333.099609375,616300,0.0026562202609821117,0.007429120595416893,0.006889173159960104
2020-01-15,12343.2998046875,12355.150390625,12278.75,12349.400390625,684400,-0.0015369308543056182,0.007403412689851695,0.007068924649302538
2020-01-16,12355.5,12389.0498046875,12315.7998046875,12347.099609375,395700,0.000988406301843714,0.007169771714274866,0.0072140556356762075
2020-01-17,12352.349609375,12385.4501953125,12321.400390625,12328.400390625,502100,-0.000254978804985595,0.007116371788668565,0.00734518231474685
2020-01-20,12224.5498046875,12430.5,12216.900390625,12430.5,491600,-0.010346193941151438,0.007469500516120927,0.007368931302660043
2020-01-21,12169.849609375,12230.0498046875,12162.2998046875,12195.2998046875,400,-0.004474618385662321,0.00752427359682934,0.007414310813455452
2020-01-22,12106.900390625,12225.0498046875,12087.900390625,12218.349609375,500,-0.005172555189302153,0.00759699005119338,0.007464567958809776
2020-01-23,12180.349609375,12189.0,12094.099609375,12123.75,867700,0.0060667236352978104,0.00768929603886569,0.007468385747665425
2020-01-24,12248.25,12272.150390625,12149.650390625,12174.5498046875,593200,0.005574584704263197,0.007604575295008766,0.007465616215633619
2020-01-27,12119.0,12216.599609375,12107.0,12197.099609375,441200,-0.010552527912150667,0.007654968226363379,0.00746582805125935
2020-01-28,12055.7998046875,12163.5498046875,12024.5,12148.099609375,478500,-0.005214967844912932,0.007717235439850697,0.007494639535702731
2020-01-29,12129.5,12169.599609375,12103.7998046875,12114.900390625,514400,0.006113256399948197,0.007711280330912863,0.007525426299808848
2020-01-30,12035.7998046875,12150.2998046875,12010.599609375,12147.75,538100,-0.0077249841553650445,0.007879268613198829,0.007596375989701243
2020-01-31,11962.099609375,12103.5498046875,11945.849609375,12100.400390625,771300,-0.006123414854723341,0.007703163911781714,0.007655055202012559
2020-02-03,11707.900390625,11749.849609375,11614.5,11627.4501953125,669800,-0.021250384719316173,0.00884159683798075,0.007792264834198541
2020-02-04,11979.650390625,11986.150390625,11783.400390625,11786.25,560400,0.02321082268667074,0.0095480195217008,0.007994639426685686
2020-02-05,12089.150390625,12098.150390625,11953.349609375,12005.849609375,758000,0.009140500467834434,0.009698349876490799,0.00820477540921543
2020-02-06,12137.9501953125,12160.599609375,12084.650390625,12120.0,565100,0.004036661230167438,0.009715790340804446,0.008407424839409304
2020-02-07,12098.349609375,12154.7001953125,12073.9501953125,12151.150390625,473500,-0.0032625431230384194,0.00907959590174255,0.008554926900082683
2020-02-10,12031.5,12103.5498046875,11990.75,12102.349609375,524700,-0.005525514763038308,0.009101868032218794,0.008699616880668224
2020-02-11,12107.900390625,12172.2998046875,12099.0,12108.400390625,480000,0.006350030388978967,0.009117741730600778,0.008839667509743233
2020-02-12,12201.2001953125,12231.75,12144.2998046875,12151.0,411700,0.0077056964194832656,0.009279259547669793,0.008996465431418925
2020-02-13,12174.650390625,12225.650390625,12139.7998046875,12219.5498046875,501200,-0.0021759994314084485,0.009283589730342002,0.009136897543133243
2020-02-14,12113.4501953125,12246.7001953125,12091.2001953125,12190.150390625,622800,-0.005026854435148831,0.009324388644742842,0.009299020016429354
2020-02-17,12045.7998046875,12159.599609375,12037.0,12131.7998046875,0,-0.00558473346026378,0.009378322827195638,0.009352692615350844
2020-02-18,11992.5,12030.75,11908.0498046875,12028.25,676900,-0.004424762618648104,0.00917494484293134,0.009315385147473898
2020-02-19,12125.900390625,12134.7001953125,12042.099609375,12090.599609375,513600,0.011123651500938081,0.009494546797070036,0.009295004839531822
2020-02-20,12080.849609375,12152.0,12071.4501953125,12119.0,502600,-0.003715252459506435,0.009461110292631345,0.009269536834714511
2020-02-24,11829.400390625,12012.5498046875,11813.400390625,12012.5498046875,490800,-0.02081386879900149,0.010365882834471572,0.009398165527987414
2020-02-25,11797.900390625,11883.0498046875,11779.900390625,11877.5,461000,-0.002662856861702312,0.010246309875625132,0.009512609712328047
2020-02-26,11678.5,11783.25,11639.599609375,11738.5498046875,567600,-0.010120477938589723,0.010228131624845212,0.009623648701752491
2020-02-27,11633.2998046875,11663.849609375,11536.7001953125,11661.25,608600,-0.003870376787472707,0.010209295952373222,0.009716652342222834
2020-02-28,11201.75,11384.7998046875,11175.0498046875,11382.0,809900,-0.03709607866493836,0.01263337605824183,0.010051630975012816
2020-03-02,11132.75,11433.0,11036.25,11387.349609375,680800,-0.006159751824491688,0.012613075631687697,0.010380499673707303
2020-03-03,11303.2998046875,11342.25,11152.5498046875,11217.5498046875,696500,0.015319647408546855,0.013252927516624657,0.010767960142650204
2020-03-04,11251.0,11356.599609375,11082.150390625,11351.349609375,797700,-0.004626950146523701,0.012562314597745905,0.011106697118131661
2020-03-05,11269.0,11389.5,11244.599609375,11306.0498046875,1352500,0.0015998577904186018,0.01122326370011727,0.011279568808436384
2020-03-06,10989.4501953125,11035.099609375,10827.400390625,10942.650390625,1811000,-0.024806975302821943,0.01183825581639444,0.011517283360812694
2020-03-09,10451.4501953125,10751.5498046875,10294.4501953125,10742.0498046875,1565500,-0.048956043335951605,0.015126920802820541,0.01199338715764759
2020-03-11,10458.400390625,10545.099609375,10334.0,10334.2998046875,1218500,0.0006649981756232659,0.015199379569180917,0.01248869412700317
2020-03-12,9590.150390625,10040.75,9508.0,10039.9501953125,1343500,-0.08301938801064712,0.022519111434333605,0.01371779210795201
2020-03-13,9955.2001953125,10159.400390625,8555.150390625,9107.599609375,1388000,0.03806507612689369,0.024666108984545736,0.015163473411169259
2020-03-16,9197.400390625,9602.2001953125,9165.099609375,9587.7998046875,897700,-0.07612100106679087,0.028340089696838856,0.016734144775028964
2020-03-17,8967.0498046875,9403.7998046875,8915.599609375,9285.400390625,935600,-0.02504518409052825,0.02834389307236634,0.018307226519096827
2020-03-18,8468.7998046875,9127.5498046875,8407.0498046875,9088.4501953125,1516600,-0.05556454027271507,0.02965370925654434,0.019947304693088797
2020-03-19,8263.4501953125,8575.4501953125,7832.5498046875,8063.2998046875,925700,-0.024247781753128472,0.029590848157965755,0.02165015804911078
2020-03-20,8745.4501953125,8883.0,8178.2001953125,8284.4501953125,1071500,0.058329146858465686,0.033827412266949144,0.023910572905793966
2020-03-23,7610.25,8159.25,7583.60009765625,7945.7001953125,653500,-0.12980466070471242,0.04160286923233058,0.02688703424738758
2020-03-24,7801.0498046875,8036.9501953125,7511.10009765625,7848.2998046875,738400,0.02507142402516349,0.04266430471954984,0.029640772639060516
2020-03-25,8317.849609375,8376.75,7714.75,7735.14990234375,736900,0.06624746894667499,0.046599904666278974,0.032780825148770315
2020-03-26,8641.4501953125,8749.0498046875,8304.900390625,8451.0,865600,0.038904356430389475,0.04803589819272803,0.03533250382460976
2020-03-27,8660.25,9038.900390625,8522.900390625,8949.099609375,801500,0.0021755381634551707,0.048155003061955554,0.03768139323235074
2020-03-30,8281.099609375,8576.0,8244.0,8385.9501953125,593300,-0.04378053643081892,0.04856261556881412,0.03970364581954827
2020-03-31,8597.75,8678.2998046875,8358.0,8529.349609375,712700,0.03823772271336057,0.049611948506599536,0.04183045136297159
2020-04-01,8253.7998046875,8588.099609375,8198.349609375,8584.099609375,506300,-0.04000467509668226,0.049984596118786834,0.043863540049195834
2020-04-03,8083.7998046875,8356.5498046875,8055.7998046875,8356.5498046875,697000,-0.020596574186770744,0.04958279758909926,0.04586273499230918
2020-04-07,8792.2001953125,8819.400390625,8360.9501953125,8446.2998046875,814200,0.08763210467115035,0.054369872560331635,0.04791698102164744
2020-04-08,8748.75,9131.7001953125,8653.900390625,8688.900390625,896500,-0.004941902407507137,0.05431736521553104,0.049188430619967485
2020-04-09,9111.900390625,9128.349609375,8904.5498046875,8973.0498046875,742100,0.04150883161880259,0.05536471694988655,0.05045847184300115
2020-04-13,8993.849609375,9112.0498046875,8912.400390625,9103.9501953125,644000,-0.01295567073707915,0.054564985808483873,0.05125497995722165
2020-04-15,8925.2998046875,9261.2001953125,8874.099609375,9196.400390625,879100,-0.007621853562688519,0.05454677930724026,0.05190606806867287
2020-04-16,8992.7998046875,9053.75,8821.900390625,8851.25,719400,0.007562771164790316,0.051663082635646965,0.05225687602604201
2020-04-17,9266.75,9324.0,9091.349609375,9323.4501953125,684200,0.03046328187687486,0.05139603139506875,0.05254021760866747
2020-04-20,9261.849609375,9390.849609375,9230.7998046875,9390.2001953125,726400,-0.0005288143766692954,0.048520897193384024,0.05243111247734592
2020-04-21,8981.4501953125,9044.400390625,8909.400390625,9016.9501953125,655100,-0.030274667144095657,0.048676997044570645,0.052300352569924304
2020-04-22,9187.2998046875,9209.75,8946.25,9026.75,734400,0.02291941778872575,0.047085365854617985,0.052050609396476176
2020-04-23,9313.900390625,9343.599609375,9170.150390625,9232.349609375,666700,0.01377995587701486,0.046634740091490365,0.05127709614959205
2020-04-24,9154.400390625,9296.900390625,9141.2998046875,9163.900390625,659400,-0.017124941572334906,0.045353384049864706,0.0503806980330254
2020-04-27,9282.2998046875,9377.099609375,9250.349609375,9259.7001953125,512800,0.013971358975458648,0.03360398058969239,0.048204624397006
2020-04-28,9380.900390625,9404.400390625,9260.0,9389.7998046875,614500,0.010622430648890235,0.0334280834496805,0.04609093416112566
2020-04-29,9553.349609375,9599.849609375,9392.349609375,9408.599609375,653000,0.018383013524196468,0.030889487916469158,0.043725205022048554
2020-04-30,9859.900390625,9889.0498046875,9731.5,9753.5,931200,0.03208830345213909,0.030572369947673223,0.041616133753251176
2020-05-04,9293.5,9533.5,9266.9501953125,9533.5,687500,-0.05744483901313502,0.0336324603299039,0.039839776646734694
2020-05-05,9205.599609375,9450.900390625,9190.75,9429.400390625,725200,-0.009458265521601117,0.03199357640067866,0.03818704456746415
2020-05-06,9270.900390625,9346.900390625,9116.5,9226.7998046875,722200,0.007093593467121684,0.03111149137936888,0.03643049400094398
2020-05-07,9199.0498046875,9277.849609375,9175.900390625,9234.0498046875,708700,-0.007750119504051356,0.029586580859784457,0.03468061550146063
2020-05-08,9251.5,9382.650390625,9238.2001953125,9376.9501953125,609100,0.0057016970693835045,0.02897310356957859,0.032914451849269444
2020-05-11,9239.2001953125,9439.900390625,9219.9501953125,9348.150390625,704600,-0.0013294930214019507,0.02230605829547597,0.03060971927383057
2020-05-12,9196.5498046875,9240.849609375,9043.9501953125,9168.849609375,805500,-0.004616242718351149,0.02230066317707422,0.029479387532568756
2020-05-13,9383.5498046875,9584.5,9351.099609375,9584.2001953125,846400,0.02033371253039773,0.020888290072706272,0.02822540819487133
2020-05-14,9142.75,9281.099609375,9119.75,9213.9501953125,602600,-0.025661909373274727,0.021506195733012684,0.027287078976525686
2020-05-15,9136.849609375,9182.400390625,9050.0,9182.400390625,575900,-0.0006453627874545287,0.021419979287395734,0.026371839910497935
2020-05-18,8823.25,9158.2998046875,8806.75,9158.2998046875,773000,-0.034322509703259896,0.022721840097393028,0.025280777887246853
2020-05-19,8879.099609375,9030.349609375,8855.2998046875,8961.7001953125,762200,0.00632982284022332,0.021654378096782567,0.02424685805685724
2020-05-20,9066.5498046875,9093.7998046875,8875.349609375,8889.150390625,622300,0.021111396826158035,0.022225586545214938,0.023358267573441845
2020-05-21,9106.25,9178.5498046875,9056.099609375,9079.4501953125,631500,0.004378754451001221,0.021188136444065024,0.022518423131869903
2020-05-22,9039.25,9149.599609375,8968.5498046875,9067.900390625,675800,-0.0073575840768702605,0.020635970379363128,0.021684709812848358
2020-05-26,9029.0498046875,9161.650390625,8996.650390625,9099.75,655000,-0.0011284338094974533,0.02037246573171796,0.021491350556472555
2020-05-27,9314.9501953125,9334.0,9004.25,9082.2001953125,763500,0.03166450477176164,0.02123843198660939,0.021385127437426075
2020-05-28,9490.099609375,9511.25,9336.5,9364.9501953125,837900,0.018803043536468778,0.021410928143672958,0.021437391244522742
2020-05-29,9580.2998046875,9598.849609375,9376.900390625,9422.2001953125,967000,0.009504662651105722,0.021387908330819702,0.02142556250430344
2020-06-01,9826.150390625,9931.599609375,9706.9501953125,9726.849609375,794200,0.025662097319460564,0.021736071877699922,0.021457171763333862
2020-06-02,9979.099609375,9995.599609375,9824.0498046875,9880.849609375,770200,0.015565527970742954,0.02085740101897798,0.021270727855492357
2020-06-03,10061.5498046875,10176.2001953125,10035.5498046875,10108.2998046875,794700,0.008262288035990828,0.01606322866291478,0.02071161291210558
2020-06-04,10029.099609375,10123.849609375,9944.25,10054.25,775100,-0.003225168681009971,0.01586013529174259,0.020075067786758344
2020-06-05,10142.150390625,10177.7998046875,10040.75,10093.7998046875,987100,0.011272276241460544,0.015924228686947702,0.019548677011046612
2020-06-08,10167.4501953125,10328.5,10120.25,10326.75,936500,0.002494520758722585,0.01568833905589533,0.01905391387869983
2020-06-09,10046.650390625,10291.150390625,10021.4501953125,10181.150390625,754200,-0.011881032349997822,0.016106748525853015,0.01862734215811334
2020-06-10,10116.150390625,10148.75,10036.849609375,10072.599609375,632400,0.006917728526201428,0.016069324031070756,0.018110431362559472
2020-06-11,9902.0,10112.0498046875,9885.0498046875,10094.099609375,715500,-0.021169158460066062,0.01691978060036785,0.01766131660822896
2020-06-12,9972.900390625,9996.0498046875,9544.349609375,9544.9501953125,796300,0.00716020911179549,0.016510021377880536,0.017173527912935048
2020-06-15,9813.7001953125,9943.349609375,9726.349609375,9919.349609375,716100,-0.015963279394844432,0.0157869539451608,0.016578616119681134
2020-06-16,9914.0,10046.150390625,9728.5,10014.7998046875,899900,0.010220386061458031,0.01582242667732488,0.016075118685515824
2020-06-17,9881.150390625,10003.599609375,9833.7998046875,9876.7001953125,685400,-0.0033134566648174157,0.01331386655440664,0.01580018247466501
2020-06-18,10091.650390625,10111.2001953125,9845.0498046875,9863.25,622900,0.021303187551898528,0.01375468817583986,0.015589637763074737
2020-06-19,10244.400390625,10272.400390625,10072.650390625,10119.0,892100,0.015136275444292302,0.013490150168718157,0.015346229911251782
2020-06-22,10311.2001953125,10393.650390625,10277.599609375,10318.75,685400,0.006520616350433883,0.013486015828367571,0.015125997588499007
2020-06-23,10471.0,10484.7001953125,10301.75,10347.9501953125,669200,0.015497691991291696,0.013272869519839246,0.01484260968789763
2020-06-24,10305.2998046875,10553.150390625,10281.9501953125,10529.25,854800,-0.015824677233549855,0.014091161194596268,0.014644793404250182
2020-06-25,10288.900390625,10361.7998046875,10194.5,10235.5498046875,994200,-0.001591357298992957,0.012932088428207585,0.014246024187034157
2020-06-26,10383.0,10409.849609375,10311.25,10378.900390625,671900,0.00914574014738645,0.012577053273854917,0.013852727376631593
2020-06-29,10312.400390625,10337.9501953125,10223.599609375,10311.9501953125,574500,-0.006799538608783573,0.012746106166906445,0.013548642598806157
2020-06-30,10302.099609375,10401.0498046875,10267.349609375,10382.599609375,556200,-0.0009988732845714887,0.011724544731999055,0.013138854404273575
2020-07-01,10430.0498046875,10447.0498046875,10299.599609375,10323.7998046875,573600,0.012419817334717198,0.011565883096795158,0.012964056058512427
2020-07-02,10551.7001953125,10598.2001953125,10485.5498046875,10493.0498046875,597400,0.011663452514898642,0.011678714081077972,0.012756458649036236
2020-07-03,10607.349609375,10631.2998046875,10562.650390625,10614.9501953125,525200,0.005273976044848361,0.011623617666185877,0.01256980539878301
2020-07-06,10763.650390625,10811.400390625,10695.099609375,10723.849609375,571200,0.014735139974255018,0.01177433794320563,0.012398637610266817
2020-07-07,10799.650390625,10813.7998046875,10689.7001953125,10802.849609375,636800,0.003344590235981215,0.011774327330648114,0.012248783391347702
2020-07-08,10705.75,10847.849609375,10676.5498046875,10818.650390625,767900,-0.00869476207364206,0.011592884664399289,0.011998955738328005
2020-07-09,10813.4501953125,10836.849609375,10733.0,10755.5498046875,618700,0.010060032721901813,0.01166475698297504,0.01187222259380475
2020-07-10,10768.0498046875,10819.400390625,10713.0,10764.099609375,590700,-0.004198511095439339,0.01040913565028212,0.01165543083144747
2020-07-13,10802.7001953125,10894.0498046875,10756.0498046875,10851.849609375,554100,0.003217889149241815,0.010385804100986724,0.011419400624855497
2020-07-14,10607.349609375,10755.650390625,10562.900390625,10750.849609375,532400,-0.01808349601540049,0.010596362901301493,0.011306582441785742
2020-07-15,10618.2001953125,10827.4501953125,10577.75,10701.0,715900,0.0010229309240368245,0.010505831178895168,0.011200577249995743
2020-07-16,10739.9501953125,10755.2998046875,10595.2001953125,10706.2001953125,694400,0.011466161662100571,0.010533852548233337,0.011086091096711279
2020-07-17,10901.7001953125,10933.4501953125,10749.650390625,10752.0,676900,0.01506059125586967,0.010101207991009551,0.010933850129193647
2020-07-20,11022.2001953125,11037.900390625,10953.0,10999.4501953125,554300,0.011053321760931656,0.009908176257111382,0.010747233960584222
2020-07-21,11162.25,11179.5498046875,11113.25,11126.099609375,772000,0.012706156865764484,0.01009153250414013,0.010578954477933424
2020-07-22,11132.599609375,11238.099609375,11056.5498046875,11231.2001953125,765100,-0.0026563094918139463,0.009816068580203266,0.010401272869513822
2020-07-23,11215.4501953125,11239.7998046875,11103.150390625,11135.0,621600,0.007442159858846331,0.008854918842323698,0.010120289055448687
2020-07-24,11194.150390625,11225.400390625,11090.2998046875,11149.9501953125,678900,-0.0018991484351116306,0.008865016923411077,0.009965877182761583
2020-07-27,11131.7998046875,11225.0,11087.849609375,11225.0,588100,-0.005569925698846956,0.009023189998914593,0.00982961577255437
2020-07-28,11300.5498046875,11317.75,11151.400390625,11154.099609375,683900,0.0151592736988444,0.009059228887593512,0.009675902371183572
2020-07-29,11202.849609375,11341.400390625,11149.75,11276.900390625,600700,-0.008645614328603224,0.009433289496552382,0.009568648202949292
2020-07-30,11102.150390625,11299.9501953125,11084.9501953125,11254.2998046875,677800,-0.008988714680747911,0.009637211713474746,0.009478984119473434
2020-07-31,11073.4501953125,11150.400390625,11026.650390625,11139.5,642600,-0.002585102372305803,0.009499010394159797,0.009418764359788457
2020-08-03,10891.599609375,11058.0498046875,10882.25,11057.5498046875,680900,-0.016422215545293994,0.010309674217605955,0.009458914155837916
2020-08-04,11095.25,11112.25,10908.099609375,10946.650390625,625700,0.018697932161379383,0.010599858965476947,0.009509746801971596
2020-08-05,11101.650390625,11225.650390625,11064.0498046875,11155.75,667600,0.0005768586219327965,0.010592973466656297,0.0095874372906169
2020-08-06,11200.150390625,11256.7998046875,11127.2998046875,11185.7001953125,600400,0.008872554668374333,0.010451314175815829,0.009747076823966114
2020-08-07,11214.0498046875,11231.900390625,11142.0498046875,11186.650390625,452600,0.0012410024488720417,0.010295893021076238,0.00989016443373263
2020-08-10,11270.150390625,11337.2998046875,11238.0,11270.25,492000,0.005002705259437024,0.010224096582597016,0.010010255092100871
2020-08-11,11322.5,11373.599609375,11299.150390625,11322.25,586100,0.004644978776729314,0.010235780664754137,0.010127910269816933
2020-08-12,11308.400390625,11322.0,11242.650390625,11289.0,609900,-0.0012452735151247118,0.009163328885464688,0.010100914208708164
2020-08-13,11300.4501953125,11359.2998046875,11269.9501953125,11334.849609375,562400,-0.0007030344733010008,0.009190516013801353,0.010056244638740826
2020-08-14,11178.400390625,11366.25,11111.4501953125,11353.2998046875,645100,-0.010800437378868932,0.009447010451678062,0.010051044644492652
2020-08-17,11247.099609375,11267.099609375,11144.5,11248.900390625,634000,0.0061457110453491115,0.009018993826932194,0.009921976605425275
2020-08-18,11385.349609375,11401.7001953125,11253.150390625,11259.7998046875,579200,0.012292057935075373,0.009088213032347232,0.009770812012112304
2020-08-19,11408.400390625,11460.349609375,11394.099609375,11452.150390625,626200,0.002024600213507588,0.008726318223256407,0.009584146487772316
2020-08-20,11312.2001953125,11361.4501953125,11289.7998046875,11317.4501953125,791600,-0.008432399987605033,0.008938279580281183,0.00943284302821885
2020-08-21,11371.599609375,11418.5,11362.2001953125,11409.650390625,668700,0.005250916093857194,0.008869391809153507,0.009290192907026578
2020-08-24,11466.4501953125,11497.25,11410.650390625,11412.0,532900,0.008341006471886514,0.00900010964695012,0.009167794213461889
2020-08-25,11472.25,11525.900390625,11423.349609375,11513.099609375,638200,0.0005058064691958464,0.008868850526349698,0.009031101199621444
2020-08-26,11549.599609375,11561.75,11461.849609375,11512.849609375,743400,0.0067423225064831005,0.008397047037781918,0.008954473014853168
2020-08-27,11559.25,11617.349609375,11540.599609375,11609.2998046875,719800,0.0008355606212675504,0.008097987235977086,0.008845220137070741
2020-08-28,11647.599609375,11686.0498046875,11589.400390625,11602.9501953125,807000,0.007643195654994939,0.007827241780391587,0.008683243269942093
2020-08-31,11387.5,11794.25,11325.849609375,11777.5498046875,1371800,-0.022330747801946216,0.009460908501745252,0.0087274347374234
2020-09-01,11470.25,11553.5498046875,11366.900390625,11464.2998046875,783800,0.007266739846322645,0.008606413354352613,0.008679254769623937
2020-09-02,11535.0,11554.75,11430.400390625,11478.5498046875,593500,0.005645038251127943,0.007813135127995868,0.008587936460097883
2020-09-03,11527.4501953125,11584.9501953125,11507.650390625,11566.2001953125,607100,-0.0006545127600779965,0.007828025220588545,0.00847691102412862
2020-09-04,11333.849609375,11452.0498046875,11303.650390625,11354.400390625,681300,-0.016794744948559814,0.008634591986457059,0.008453431041858974
2020-09-07,11355.0498046875,11381.150390625,11251.7001953125,11359.599609375,560300,0.0018705202595032944,0.008638017172533525,0.008417221794417316
2020-09-08,11317.349609375,11437.25,11290.4501953125,11378.5498046875,572200,-0.0033201259317187093,0.00861831499860936,0.008392168241643282
2020-09-09,11278.0,11298.150390625,11185.150390625,11218.599609375,728900,-0.003476927967516641,0.00859270127997175,0.008411733665862264
2020-09-10,11449.25,11464.0498046875,11327.400390625,11363.2998046875,679400,0.015184429863450921,0.009213716284926366,0.008523306570757193
2020-09-11,11464.4501953125,11493.5,11419.900390625,11447.7998046875,554800,0.0013276149365679668,0.009209678931496018,0.008661550285867636
2020-09-14,11440.0498046875,11568.900390625,11383.5498046875,11540.150390625,642300,-0.0021283524468515003,0.008854532424868921,0.008600912678180002
2020-09-15,11521.7998046875,11535.9501953125,11442.25,11487.2001953125,506700,0.007145947910690342,0.00888544240090252,0.008628815582834994
2020-09-16,11604.5498046875,11618.099609375,11516.75,11538.4501953125,527800,0.0071820376506051,0.008632501900842249,0.008710752260119633
2020-09-17,11516.099609375,11587.2001953125,11498.5,11539.400390625,0,-0.007622027291120936,0.008826616589005529,0.00881061139696133
2020-09-18,11504.9501953125,11584.099609375,11446.099609375,11584.099609375,764200,-0.0009681588767627147,0.008596872682020295,0.008806839466517653
2020-09-21,11250.5498046875,11535.25,11218.5,11503.7998046875,602900,-0.02211225483867385,0.0098737890867919,0.008930416657943491
2020-09-22,11153.650390625,11302.2001953125,11084.650390625,11301.75,672200,-0.00861286032635733,0.009810874743151022,0.009049672632397657
2020-09-23,11131.849609375,11259.5498046875,11024.400390625,11258.75,714900,-0.0019545871070447696,0.009803294906458619,0.009170731995046344
2020-09-24,10805.5498046875,11015.2998046875,10790.2001953125,11011.0,706100,-0.029312272096516434,0.011344400265832734,0.00938380039313698
2020-09-25,11050.25,11072.599609375,10854.849609375,10910.400390625,559600,0.022645788482354545,0.012646725401072161,0.009727505040094595
2020-09-28,11227.5498046875,11239.349609375,11099.849609375,11140.849609375,472800,0.016044868187371275,0.013094195663642743,0.010151471363971976
2020-09-29,11222.400390625,11305.400390625,11181.0,11288.599609375,498300,-0.0004586409458945395,0.012208154877880024,0.010483742611669728
2020-09-30,11247.5498046875,11295.400390625,11184.5498046875,11244.4501953125,499300,0.002241001317642377,0.012094468427671794,0.01082993926435268
2020-10-01,11416.9501953125,11428.599609375,11347.0498046875,11364.4501953125,447700,0.015061092732783665,0.01251504729211364,0.011198782334663492
2020-10-05,11503.349609375,11578.0498046875,11452.2998046875,11487.7998046875,530600,0.0075676439490797165,0.012635212622759372,0.011602616328737402
2020-10-06,11662.400390625,11680.2998046875,11564.2998046875,11603.4501953125,561400,0.013826475474619793,0.012367009548558412,0.011851938374914052
2020-10-07,11738.849609375,11763.0498046875,11629.349609375,11679.25,513400,0.006555187284725372,0.012417410721287759,0.012112591972727727
2020-10-08,11834.599609375,11905.7001953125,11791.150390625,11835.400390625,608800,0.008156676606839941,0.012439901365375686,0.012376252618619433
2020-10-09,11914.2001953125,11938.599609375,11805.2001953125,11852.0498046875,611100,0.0067260903253916204,0.012406114667404804,0.012482424058776639
2020-10-12,11930.9501953125,12022.0498046875,11867.2001953125,11973.5498046875,522600,0.0014058853909966196,0.012072155734784684,0.012424967092147892
2020-10-13,11934.5,11988.2001953125,11888.900390625,11934.650390625,458300,0.0002975290843887368,0.012077261724532122,0.01232327369823683
2020-10-14,11971.0498046875,11997.2001953125,11822.150390625,11917.400390625,569200,0.0030625333853533387,0.012041931514926914,0.012306651361941518
2020-10-15,11680.349609375,12025.4501953125,11661.2998046875,12023.4501953125,608900,-0.02428360085835335,0.013289227673745269,0.012426127286548867
2020-10-16,11762.4501953125,11789.75,11667.849609375,11727.400390625,555800,0.007028949362235082,0.01328555611722234,0.012503178169059737
2020-10-19,11873.0498046875,11898.25,11820.400390625,11879.2001953125,541400,0.009402769621849272,0.013269956198483828,0.012566652526632183
2020-10-20,11896.7998046875,11949.25,11837.25,11861.0,453600,0.002000328507897331,0.013257718125470348,0.012655723384323376
2020-10-21,11937.650390625,12018.650390625,11775.75,11958.5498046875,623700,0.0034337457642519276,0.012085629891635028,0.0126225453013581
2020-10-22,11896.4501953125,11939.5498046875,11823.4501953125,11890.0,544900,-0.0034512817819539743,0.011890763874916069,0.012567631552312141
2020-10-23,11930.349609375,11974.5498046875,11908.75,11957.900390625,502300,0.0028495402835257977,0.011833871140842408,0.0125104071996559
2020-10-26,11767.75,11942.849609375,11711.7001953125,11937.400390625,519800,-0.013629073304543216,0.010024694320566407,0.012305661058234075
2020-10-27,11889.400390625,11899.0498046875,11723.0,11807.099609375,616300,0.010337608346965288,0.00921435589868821,0.01201937047564968
2020-10-28,11729.599609375,11929.400390625,11684.849609375,11922.599609375,704000,-0.013440608945763599,0.00945567115642246,0.011760744439799237
2020-10-29,11670.7998046875,11744.150390625,11606.4501953125,11633.2998046875,555000,-0.005012942184360991,0.009569508318875267,0.011388772504312236
2020-10-30,11642.400390625,11748.9501953125,11535.4501953125,11678.4501953125,553700,-0.002433373422367602,0.009615705977491614,0.011021787490339165
2020-11-02,11669.150390625,11725.650390625,11557.400390625,11697.349609375,568400,0.002297636149117599,0.009118735305880945,0.010606665401078876
2020-11-03,11813.5,11836.2001953125,11723.2998046875,11734.4501953125,674300,0.01237019016319918,0.009346922300700824,0.010215585818601925
2020-11-04,11908.5,11929.650390625,11756.400390625,11783.349609375,667300,0.008041647267956087,0.009039781933776447,0.009911001022816066
2020-11-05,12120.2998046875,12131.099609375,12027.599609375,12062.400390625,632500,0.017785598915690537,0.009691435270235818,0.00969106816234804
2020-11-06,12263.5498046875,12280.400390625,12131.849609375,12156.650390625,576800,0.011819014571289532,0.009847603936539486,0.009492441441917748
2020-11-09,12461.0498046875,12474.0498046875,12367.349609375,12399.400390625,553400,0.016104635537461442,0.010287707192161441,0.00951874272907725
2020-11-10,12631.099609375,12643.900390625,12475.25,12556.400390625,847500,0.01364650710436388,0.01058358166802519,0.00965566530601095
2020-11-11,12749.150390625,12769.75,12571.099609375,12680.599609375,880500,0.009346041508720315,0.010661676617161489,0.009776265852084852
2020-11-12,12690.7998046875,12741.150390625,12624.849609375,12702.150390625,622000,-0.004576821525331454,0.01079621040741398,0.009898936060938723
2020-11-13,12719.9501953125,12735.9501953125,12607.7001953125,12659.7001953125,513900,0.002296970330761372,0.008837796788238865,0.00982114514201345
2020-11-17,12874.2001953125,12934.0498046875,12797.099609375,12932.5,707700,0.012126619808373373,0.008990791510876183,0.009808350762512973
2020-11-18,12938.25,12948.849609375,12819.349609375,12860.099609375,731300,0.004975051165572175,0.00891795500075552,0.009765454032518443
2020-11-19,12771.7001953125,12963.0,12745.75,12839.5,768800,-0.01287266861341374,0.009656196148999124,0.00982709545404071
2020-11-20,12859.0498046875,12892.4501953125,12730.25,12813.400390625,664000,0.00683930941371913,0.009684830293205916,0.00982643495633772
2020-11-23,12926.4501953125,12968.849609375,12825.7001953125,12960.2998046875,633100,0.005241475198302092,0.009553647692267679,0.00979703933191054
2020-11-24,13055.150390625,13079.099609375,12978.0,13002.599609375,571900,0.0099563448098976,0.009636174144535794,0.009731886027147975
2020-11-25,12858.400390625,13145.849609375,12833.650390625,13130.0,679000,-0.015070680468092346,0.009774752858655368,0.009651003146210993
2020-11-26,12987.0,13018.0,12790.400390625,12906.4501953125,549800,0.010001213639976747,0.00976459129933256,0.0095612946144281
2020-11-27,12968.9501953125,13035.2998046875,12914.2998046875,13012.0498046875,1162400,-0.001389836350773832,0.008996277811422647,0.009381301354828966
2020-12-01,13109.0498046875,13128.400390625,12962.7998046875,13062.2001953125,583600,0.010802694687318537,0.008790464757473916,0.00937656815175247
2020-12-02,13113.75,13128.5,12983.5498046875,13121.400390625,717700,0.0003585458429504751,0.008683575706224614,0.009345846571287314
2020-12-03,13133.900390625,13216.599609375,13107.900390625,13215.2998046875,713700,0.0015365849299400214,0.008700140977836739,0.009324065168995435
2020-12-04,13258.5498046875,13280.0498046875,13152.849609375,13177.400390625,640500,0.009490662358873525,0.008611715125394903,0.009219617066635013
2020-12-07,13355.75,13366.650390625,13241.9501953125,13264.849609375,591700,0.007331133249439903,0.008602809640350885,0.009111415001349512
2020-12-08,13392.9501953125,13435.4501953125,13311.0498046875,13393.849609375,543200,0.002785331809333158,0.008143219103782233,0.008970372142500965
2020-12-09,13529.099609375,13548.900390625,13449.599609375,13458.099609375,502600,0.010165752285866914,0.008079686739610738,0.00881472340200846
2020-12-10,13478.2998046875,13503.5498046875,13399.2998046875,13488.5,553400,-0.0037548548058806697,0.007839041827734707,0.008621152298916395
2020-12-11,13513.849609375,13579.349609375,13402.849609375,13512.2998046875,787700,0.002637558535026452,0.007506816331239526,0.00839537480210709
2020-12-14,13558.150390625,13597.5,13472.4501953125,13571.4501953125,558400,0.0032781762806703973,0.007376035497152086,0.008233350570680035
2020-12-15,13567.849609375,13589.650390625,13447.0498046875,13547.2001953125,497600,0.0007153791977927426,0.007193815664393496,0.008073685661371992
2020-12-16,13682.7001953125,13692.349609375,13606.4501953125,13663.099609375,462200,0.008464907059269056,0.0072799881986798,0.007933326910617513
2020-12-17,13740.7001953125,13773.25,13673.5498046875,13713.5498046875,416000,0.004238929390550483,0.007011485323345901,0.007764461345168427
2020-12-18,13760.5498046875,13772.849609375,13658.599609375,13764.400390625,519400,0.0014445849987885229,0.007007359507186686,0.007604025783347605
2020-12-21,13328.400390625,13777.5,13131.4501953125,13741.900390625,687300,-0.0314049525779333,0.009736671207156255,0.007717411940028143
2020-12-22,13466.2998046875,13492.0498046875,13192.900390625,13373.650390625,696200,0.010346283876607965,0.009851786659767034,0.007888268695626624
2020-12-23,13601.099609375,13619.4501953125,13432.2001953125,13473.5,458700,0.010010159185716239,0.009978417300930425,0.008078141751758593
2020-12-24,13749.25,13771.75,13626.900390625,13672.150390625,471400,0.01089253037474136,0.010015541847469011,0.008295791753732022
2020-12-28,13873.2001953125,13885.2998046875,13811.5498046875,13815.150390625,403600,0.009015051389166695,0.009250518528656595,0.008470161973473729
2020-12-29,13932.599609375,13967.599609375,13859.900390625,13910.349609375,439600,0.004281594241144937,0.009138153778171761,0.008646373801575697
2020-12-30,13981.9501953125,13997.0,13864.9501953125,13980.900390625,380700,0.003542094606974411,0.009072234285532213,0.008834215663689568
2020-12-31,13981.75,14024.849609375,13936.4501953125,13970.0,452400,-1.4318125132972703e-05,0.008950745743080451,0.009001291418129633
2021-01-01,14018.5,14049.849609375,13991.349609375,13996.099609375,358100,0.0026284263414808606,0.008929507253693517,0.009193093611164395
2021-01-04,14132.900390625,14147.9501953125,13953.75,14104.349609375,495000,0.00816067272711063,0.008983879878971857,0.009390745648342913
2021-01-05,14199.5,14215.599609375,14048.150390625,14075.150390625,492500,0.004712380865514287,0.008885494292370358,0.00930562795686432
2021-01-06,14146.25,14244.150390625,14039.900390625,14240.9501953125,632300,-0.0037501320469031096,0.008963352492650846,0.009216784540152704
2021-01-07,14137.349609375,14256.25,14123.099609375,14253.75,559200,-0.0006291696120880319,0.008994181574222264,0.009118360967481887
2021-01-08,14347.25,14367.2998046875,14221.650390625,14258.400390625,613500,0.014847223590326086,0.009245124119822541,0.009041319194717241
2021-01-11,14484.75,14498.2001953125,14383.099609375,14474.0498046875,672900,0.009583718134137165,0.00922748921944046,0.009039016263795626
2021-01-12,14563.4501953125,14590.650390625,14432.849609375,14473.7998046875,929600,0.005433314024232416,0.009234949052794619,0.009048695791257912
2021-01-13,14564.849609375,14653.349609375,14435.7001953125,14639.7998046875,874000,9.609083312889233e-05,0.009266706459565505,0.009068143008661243
2021-01-14,14595.599609375,14617.7998046875,14471.5,14550.0498046875,620200,0.002111247340323086,0.009251044244795155,0.009098172858832711
2021-01-15,14433.7001953125,14617.4501953125,14357.849609375,14594.349609375,789600,-0.011092344158201595,0.009702216460866858,0.009175443779550046
2021-01-18,14281.2998046875,14459.150390625,14222.7998046875,14453.2998046875,762000,-0.010558650142566628,0.010105667670573634,0.009287622558710223
2021-01-19,14521.150390625,14546.0498046875,14350.849609375,14371.650390625,546100,0.016794730817062842,0.010614312611723012,0.00946050439064549
2021-01-20,14644.7001953125,14666.4501953125,14517.5498046875,14538.2998046875,623100,0.008508265623863087,0.007260991951207583,0.009290268336501161
2021-01-21,14590.349609375,14753.5498046875,14517.25,14730.9501953125,704600,-0.0037112802046228577,0.007344511956911249,0.009125301374770061
2021-01-22,14371.900390625,14619.900390625,14357.75,14583.400390625,776800,-0.014972171647596122,0.00826278241634871,0.009027067204422678
2021-01-25,14238.900390625,14491.099609375,14218.599609375,14477.7998046875,618600,-0.009254169343308138,0.008427197789351477,0.00894703806141378
2021-01-27,13967.5,14237.9501953125,13929.2998046875,14237.9501953125,660700,-0.019060488041877988,0.009381879333815965,0.008961731089515914
2021-01-28,13817.5498046875,13898.25,13713.25,13810.400390625,637900,-0.010735650281904374,0.009637239224834082,0.008998784366042772
2021-01-29,13634.599609375,13966.849609375,13596.75,13946.599609375,753200,-0.013240422354072856,0.009987777097421458,0.009072457651305403
2021-02-01,14281.2001953125,14336.349609375,13661.75,13758.599609375,870500,0.047423511101338356,0.01457054864818744,0.00955929087003746
2021-02-02,14647.849609375,14731.7001953125,14469.150390625,14481.099609375,915000,0.02567357148195737,0.015527112441330478,0.010101435347113146
2021-02-03,14789.9501953125,14868.849609375,14574.150390625,14754.900390625,869500,0.009701122671723184,0.015560250740486082,0.010596029159989454
2021-02-04,14895.650390625,14913.7001953125,14714.75,14789.0498046875,884700,0.0071467580293813615,0.015588320239158591,0.011428761988784553
2021-02-05,14924.25,15014.650390625,14864.75,14952.599609375,935600,0.0019199973566108586,0.015525520484258695,0.012246862841519298
2021-02-08,15115.7998046875,15159.900390625,15041.0498046875,15064.2998046875,671200,0.01283480273296811,0.01566006200428491,0.012986590800312916
2021-02-09,15109.2998046875,15257.099609375,15064.2998046875,15164.150390625,713300,-0.0004300136336804483,0.015450612478684886,0.01368893226924626
2021-02-10,15106.5,15168.25,14977.2001953125,15119.0498046875,624800,-0.00018530340410816137,0.01537607132880793,0.014288351468745455
2021-02-11,15173.2998046875,15188.5,15065.400390625,15073.25,500100,0.004421924647502795,0.015366737145398652,0.014861301260801912
2021-02-12,15163.2998046875,15243.5,15081.0,15186.2001953125,571800,-0.0006590524229219685,0.015372460476149236,0.01539976959867469
2021-02-15,15314.7001953125,15340.150390625,15243.400390625,15270.2998046875,456000,0.00998465984153385,0.015470236117660453,0.015489738345621992
2021-02-16,15313.4501953125,15431.75,15242.2001953125,15371.4501953125,648500,-8.162092525865194e-05,0.015173646428670166,0.01545439174435596
2021-02-17,15208.900390625,15314.2998046875,15170.75,15279.900390625,504800,-0.006827318687430917,0.015028960177292947,0.015401262688036646
2021-02-18,15118.9501953125,15250.75,15078.0498046875,15238.7001953125,770600,-0.005914312869584326,0.014810260486109521,0.015323456712731737
2021-02-19,14981.75,15144.0498046875,14898.2001953125,15074.7998046875,712200,-0.009074717063029758,0.014922056086330482,0.015263110272938918
2021-02-22,14675.7001953125,15010.099609375,14635.0498046875,14999.0498046875,609900,-0.020428174591586412,0.01562581627305529,0.015259685699815955
2021-02-23,14707.7998046875,14854.5,14651.849609375,14782.25,744100,0.0021872625461001327,0.015225716351006528,0.015237196087048118
2021-02-24,14982.0,15008.7998046875,14504.5,14729.150390625,403800,0.01864318245786234,0.015481966852833456,0.015247785639450673
2021-02-25,15097.349609375,15176.5,15065.349609375,15079.849609375,803900,0.007699213013950157,0.014696710317248911,0.0151807829566357
2021-02-26,14529.150390625,14919.4501953125,14467.75,14888.599609375,1103600,-0.03763569324758598,0.017017203514594507,0.015345257260480227
2021-03-01,14761.5498046875,14806.7998046875,14638.5498046875,14702.5,507300,0.015995389118723446,0.016857537543867252,0.015483987403100904
2021-03-02,14919.099609375,14959.099609375,14760.7998046875,14865.2998046875,621700,0.010672985341787733,0.013734131927198556,0.015340035952953746
2021-03-03,15245.599609375,15273.150390625,14995.7998046875,15064.400390625,544200,0.021884698711632122,0.013431534559320618,0.015180293391156513
2021-03-04,15080.75,15202.349609375,14980.2001953125,15026.75,534900,-0.010812930524138231,0.013587982213368785,0.01505806556388244
2021-03-05,14938.099609375,15092.349609375,14862.099609375,14977.9501953125,640700,-0.009459104528952489,0.013696139475950156,0.014935473902844406
2021-03-08,14956.2001953125,15111.150390625,14919.900390625,15002.4501953125,0,0.0012117060677612201,0.013692629674154145,0.014742155242954294
2021-03-09,15098.400390625,15126.849609375,14925.4501953125,15049.900390625,675300,0.00950777560179139,0.013557611998122733,0.014575344807665914
2021-03-10,15174.7998046875,15218.4501953125,15100.849609375,15202.150390625,404600,0.005060099883821945,0.013601093633851119,0.01438725748576768
2021-03-12,15030.9501953125,15336.2998046875,14953.599609375,15321.150390625,493200,-0.009479506235763657,0.013767694014374344,0.01429435585548022
2021-03-15,14929.5,15048.400390625,14745.849609375,15048.400390625,467500,-0.006749419963093084,0.013798087636912025,0.013972444267711973
2021-03-16,14910.4501953125,15051.599609375,14890.650390625,14996.099609375,100,-0.001275984104457617,0.013798698097744276,0.013666560323099675
2021-03-17,14721.2998046875,14956.5498046875,14696.0498046875,14946.5498046875,100,-0.012685759862868795,0.01380704534206245,0.013673851664586064
2021-03-18,14557.849609375,14875.2001953125,14478.599609375,14855.5,542200,-0.011102973071742905,0.013947666083504449,0.013725464817004448
2021-03-19,14744.0,14788.25,14350.099609375,14471.150390625,919200,0.012786942826028547,0.014282991259918765,0.013794965721659447
2021-03-22,14736.400390625,14763.900390625,14597.849609375,14736.2998046875,459000,-0.000515437423697751,0.014245825314011779,0.013849934305465609
2021-03-23,14814.75,14878.599609375,14707.0,14768.5498046875,474200,0.00531673999743143,0.014190192816460985,0.013899690619696292
2021-03-24,14549.400390625,14752.349609375,14535.0,14712.4501953125,456400,-0.017911176994211853,0.014022535505635867,0.013946182970447607
2021-03-25,14324.900390625,14575.599609375,14264.400390625,14570.900390625,606800,-0.015430189146808937,0.014387458217543196,0.014024819428816813
2021-03-26,14507.2998046875,14572.900390625,14414.25,14506.2998046875,481000,0.012733031929623273,0.014034264134857935,0.014051476440865174
2021-03-30,14845.099609375,14876.2998046875,14617.599609375,14628.5,594500,0.02328481586755049,0.01492541571982905,0.014164209249156873
2021-03-31,14690.7001953125,14813.75,14670.25,14811.849609375,463900,-0.010400699094332388,0.012549200367313268,0.014039259476113775
2021-04-01,14867.349609375,14883.2001953125,14692.4501953125,14798.400390625,445000,0.012024574166918489,0.012333718789907385,0.013891926820898268
2021-04-05,14637.7998046875,14849.849609375,14459.5,14837.7001953125,509700,-0.015439860548026041,0.012561759236984642,0.013753336136246288
2021-04-06,14683.5,14779.099609375,14573.900390625,14737.0,475300,0.003122067245233451,0.011486542299794882,0.013473691240233898
2021-04-07,14819.0498046875,14879.7998046875,14649.849609375,14716.4501953125,0,0.009231436965811968,0.011526307620680368,0.013201739470900758
2021-04-08,14873.7998046875,14984.150390625,14821.099609375,14875.650390625,514800,0.0036945688638336804,0.011387074541130571,0.012921427643367716
2021-04-09,14834.849609375,14918.4501953125,14785.650390625,14882.650390625,504100,-0.0026187118170183377,0.011394953672023582,0.012658669460006489
2021-04-12,14310.7998046875,14652.5,14248.7001953125,14644.650390625,650200,-0.03532558930400764,0.013471162979519632,0.012567039936204134
2021-04-13,14504.7998046875,14528.900390625,14274.900390625,14364.900390625,605100,0.013556195506029933,0.013831107975738404,0.01254672432029218
2021-04-15,14581.4501953125,14597.5498046875,14353.2001953125,14522.400390625,568000,0.005284484560774683,0.013810137591102025,0.012435196507419475
2021-04-16,14617.849609375,14697.7001953125,14559.0,14599.599609375,577200,0.002496282165007191,0.013776846528790214,0.012557961123567172
2021-04-19,14359.4501953125,14382.2998046875,14191.400390625,14306.599609375,512300,-0.017676978554819645,0.014255028151295503,0.012750092059705984
2021-04-20,14296.400390625,14526.9501953125,14207.2998046875,14526.7001953125,467400,-0.004390823034999047,0.01404865814339116,0.012898781950346636
2021-04-22,14406.150390625,14424.75,14151.400390625,14219.150390625,524600,0.007676757575422188,0.013990983089792946,0.013149226029346438
2021-04-23,14341.349609375,14461.150390625,14273.2998046875,14326.349609375,498100,-0.004498133053794207,0.013681112641680034,0.013364706531446408
2021-04-26,14485.0,14557.5,14421.2998046875,14449.4501953125,452700,0.010016518287169873,0.01389982903498425,0.013615981980831776
2021-04-27,14653.0498046875,14667.5498046875,14484.849609375,14493.7998046875,451800,0.011601643402658013,0.014102633223772218,0.013886749936006637
2021-04-28,14864.5498046875,14890.25,14694.9501953125,14710.5,457000,0.014433855260107098,0.013861860137449597,0.013925819651799634
2021-04-29,14894.900390625,15044.349609375,14814.4501953125,14979.0,517500,0.0020418099664161193,0.01333354504300233,0.013876063358526028
2021-04-30,14631.099609375,14855.4501953125,14601.7001953125,14747.349609375,613900,-0.017710812045177438,0.01375047207607578,0.013870096807023401
2021-05-03,14634.150390625,14673.849609375,14416.25,14481.0498046875,448900,0.00020851346320172048,0.012721785621131652,0.013764590716257546
2021-05-04,14496.5,14723.400390625,14461.5,14687.25,503400,-0.00940610742344028,0.012685287172478143,0.013607616618375812
2021-05-05,14617.849609375,14637.900390625,14506.599609375,14604.150390625,455900,0.0083709591539336,0.01252819520337577,0.013455570324374272
2021-05-06,14724.7998046875,14743.900390625,14611.5,14668.349609375,467800,0.0073164109749706,0.012171324862660827,0.01327360450166106
2021-05-07,14823.150390625,14863.0498046875,14765.5,14816.849609375,488000,0.006679247748155426,0.012236360287470646,0.013129129266240122
2021-05-10,14942.349609375,14966.900390625,14892.5,14928.25,522000,0.008041422748121585,0.01219670542857622,0.01295881690559932
2021-05-11,14850.75,14900.0,14771.400390625,14789.7001953125,647400,-0.006130201191218876,0.012254973190564964,0.012774050902278594
2021-05-12,14696.5,14824.0498046875,14649.7001953125,14823.5498046875,643800,-0.0103866808073666,0.012453543360571962,0.01263321922459083
2021-05-14,14677.7998046875,14749.650390625,14591.900390625,14749.400390625,620700,-0.0012724250884564858,0.009554102139986474,0.012255274934289243
2021-05-17,14923.150390625,14938.0,14725.349609375,14756.25,546400,0.01671576048197254,0.009779797278008642,0.01185820745448253
2021-05-18,15108.099609375,15137.25,15043.7001953125,15067.2001953125,583900,0.012393443335275034,0.010040520268099597,0.011590080919179326
2021-05-19,15030.150390625,15133.400390625,15008.849609375,15058.599609375,569100,-0.005159432408138875,0.010150039297242964,0.011336556131655805
2021-05-20,14906.0498046875,15069.7998046875,14884.900390625,15042.599609375,480300,-0.00825677606093067,0.009449980556643036,0.011028734666982534
2021-05-21,15175.2998046875,15190.0,14985.849609375,14987.7998046875,572900,0.01806313567497475,0.00996784907537896,0.010808387088254347
2021-05-24,15197.7001953125,15256.25,15145.4501953125,15211.349609375,579800,0.001476108604989923,0.009910712306336462,0.010575822290140927
2021-05-25,15208.4501953125,15293.849609375,15163.400390625,15291.75,441500,0.0007073438653115716,0.009788726417711559,0.010335024389054462
2021-05-26,15301.4501953125,15319.900390625,15194.9501953125,15257.0498046875,384000,0.006115021504864648,0.009682252715670964,0.010077752341565062
2021-05-27,15337.849609375,15384.5498046875,15272.5,15323.9501953125,0,0.002378821196545866,0.009463034215998149,0.00977870142710768
2021-05-28,15435.650390625,15469.650390625,15394.75,15421.2001953125,468100,0.006376433707514062,0.009099412180522402,0.009733232431161273
2021-05-31,15582.7998046875,15606.349609375,15374.0,15437.75,436000,0.009533088035724946,0.00925341078503281,0.00968059378186369
2021-06-01,15574.849609375,15660.75,15528.2998046875,15629.650390625,409600,-0.0005101904286871628,0.00809187444013572,0.009485729199067303
2021-06-02,15576.2001953125,15597.4501953125,15459.849609375,15520.349609375,428600,8.67158252806366e-05,0.008094027753326757,0.009280128044675682
2021-06-03,15690.349609375,15705.099609375,15611.0,15655.5498046875,410200,0.0073284506253876724,0.007620838721009554,0.009097213861112332
2021-06-04,15670.25,15733.599609375,15622.349609375,15712.5,414200,-0.001281017305247989,0.007622636610964405,0.008862692614670879
2021-06-07,15751.650390625,15773.4501953125,15678.099609375,15725.099609375,394000,0.0051945814919991395,0.007581293125866262,0.008629750696623858
2021-06-08,15740.099609375,15778.7998046875,15680.0,15773.900390625,378200,-0.0007333060957773752,0.007585841029158411,0.008409462157768544
2021-06-09,15635.349609375,15800.4501953125,15566.900390625,15766.2998046875,457900,-0.006654976944212576,0.007762636700458832,0.00821750055624733
2021-06-10,15737.75,15751.25,15648.5,15692.099609375,298300,0.0065492869160790335,0.00757396820493581,0.008028593955141097
2021-06-11,15799.349609375,15835.5498046875,15749.7998046875,15796.4501953125,363000,0.003914130633349666,0.006946581768028042,0.00781331091389166
2021-06-14,15811.849609375,15823.0498046875,15606.5,15791.400390625,392900,0.0007911718082738162,0.006890443362155893,0.00757701417160397
2021-06-15,15869.25,15901.599609375,15842.400390625,15866.9501953125,323300,0.003630213545097627,0.0061994957242210704,0.007387776300012504
2021-06-16,15767.5498046875,15880.849609375,15742.599609375,15847.5,340200,-0.006408632752808119,0.0061246724562874725,0.007190840770308575
2021-06-17,15691.400390625,15769.349609375,15616.75,15648.2998046875,357600,-0.0048295020472909345,0.006105636206899089,0.007039320518897529
2021-06-18,15683.349609375,15761.5,15450.900390625,15756.5,640800,-0.000513069646403852,0.00566899578435105,0.006843956436236194
2021-06-21,15746.5,15765.150390625,15505.650390625,15525.849609375,351500,0.004026588209654625,0.004425878542444371,0.006528414977894003
2021-06-22,15772.75,15895.75,15752.099609375,15840.5,322200,0.0016670371193598932,0.004425439970978567,0.00621237487207602
2021-06-23,15686.9501953125,15862.9501953125,15673.9501953125,15862.7998046875,287500,-0.005439749231269109,0.004694988194078405,0.005905610021437977
2021-06-24,15790.4501953125,15821.400390625,15702.7001953125,15737.2998046875,316700,0.006597840798329813,0.004719902352023465,0.005620203436146743
2021-06-25,15860.349609375,15870.7998046875,15772.2998046875,15839.349609375,314600,0.0044266891189239654,0.004759744074499349,0.005401519666793873
2021-06-28,15814.7001953125,15915.650390625,15792.150390625,15915.349609375,255100,-0.0028782098242977616,0.004724397326122372,0.005184915063190521
2021-06-29,15748.4501953125,15835.900390625,15724.0498046875,15807.5,360300,-0.0041891404314852165,0.004450370106788955,0.005010002501447309
2021-06-30,15721.5,15839.099609375,15708.75,15776.900390625,262400,-0.0017112919035373597,0.0044718450266195385,0.004844719758480517
2021-07-01,15680.0,15755.5498046875,15667.0498046875,15755.0498046875,224900,-0.002639697229908089,0.0045223909201725756,0.004686395229807865
2021-07-02,15722.2001953125,15738.349609375,15635.9501953125,15705.849609375,254800,0.002691338986766656,0.00426952913262431,0.00454644856463519
2021-07-05,15834.349609375,15845.9501953125,15762.0498046875,15793.400390625,207000,0.007133188273225066,0.004520378066737709,0.004555898517064524
2021-07-06,15818.25,15914.2001953125,15801.0,15813.75,391400,-0.0010167521731027085,0.00439985379161972,0.0045533398991286405
2021-07-07,15879.650390625,15893.5498046875,15779.7001953125,15819.599609375,329300,0.0038816171589777237,0.004465140864825589,0.004530355166203358
2021-07-08,15727.900390625,15885.75,15682.900390625,15855.400390625,307900,-0.0095562557277451,0.004732212506560248,0.004531586181657036
2021-07-09,15689.7998046875,15730.849609375,15632.75,15688.25,243200,-0.0024224839292732447,0.004540121481942148,0.004509623922401317
2021-07-12,15692.599609375,15789.2001953125,15644.75,15766.7998046875,216300,0.00017844744498685117,0.004445721344778904,0.004481756324266969
2021-07-13,15812.349609375,15820.7998046875,15744.599609375,15794.0,246700,0.007630985495128417,0.004769453303078354,0.004513664643895909
2021-07-14,15853.9501953125,15877.349609375,15764.2001953125,15808.7001953125,0,0.0026308921169333477,0.004736422436738386,0.004540122384907794
2021-07-15,15924.2001953125,15952.349609375,15855.0,15872.150390625,284900,0.004431072328003882,0.004595686479625482,0.004547451940853086
2021-07-16,15923.400390625,15962.25,15882.599609375,15958.349609375,276300,-5.0225736783704455e-05,0.004435089772833238,0.004564008004873978
2021-07-19,15752.400390625,15836.900390625,15707.5,15754.5,242100,-0.010738912280361723,0.005089068345078249,0.004620877032708031
2021-07-20,15632.099609375,15728.4501953125,15578.5498046875,15703.9501953125,274300,-0.0076369809214345,0.005285702227367511,0.004709461876282811
2021-07-22,15824.0498046875,15834.7998046875,15726.400390625,15736.599609375,265300,0.012279233123449584,0.005951874577344775,0.00485813524753473
2021-07-23,15856.0498046875,15899.7998046875,15768.400390625,15856.7998046875,294100,0.002022238326785386,0.005821442135213609,0.004967058210400065
2021-07-26,15824.4501953125,15893.349609375,15797.0,15849.2998046875,267100,-0.0019929055322251976,0.0056734533991226795,0.005080391402118118
2021-07-27,15746.4501953125,15881.5498046875,15701.0,15860.5,311000,-0.004929081202650898,0.005685494650137548,0.0052043687326539835
2021-07-28,15709.400390625,15767.5,15513.4501953125,15761.5498046875,318600,-0.002352898858342667,0.005674857879507251,0.005294909190296873
2021-07-29,15778.4501953125,15817.349609375,15737.7998046875,15762.7001953125,401600,0.004395444954646832,0.0056900783880719265,0.005390274785430227
2021-07-30,15763.0498046875,15862.7998046875,15744.849609375,15800.599609375,400000,-0.000976039499086867,0.005680591034735341,0.005498765240941212
2021-08-02,15885.150390625,15892.900390625,15834.650390625,15874.900390625,244800,0.007746000136419795,0.005875153226826816,0.00564277158634057
2021-08-03,16130.75,16146.900390625,15914.349609375,15951.5498046875,341300,0.015460955882416139,0.006701299577590373,0.005803994709591783
2021-08-04,16258.7998046875,16290.2001953125,16176.150390625,16195.25,427300,0.007938242467802281,0.00673887341152678,0.005949311828007711
2021-08-05,16294.599609375,16349.4501953125,16210.2998046875,16288.9501953125,418200,0.0022018725316477195,0.006720553204293584,0.00602617969070259
2021-08-06,16238.2001953125,16336.75,16223.2998046875,16304.400390625,320100,-0.003461233501561467,0.006777686644716014,0.006121804141652832
2021-08-09,16258.25,16320.75,16179.0498046875,16281.349609375,240500,0.0012347307242392969,0.006324429082237963,0.00618690170996436
2021-08-10,16280.099609375,16359.25,16202.25,16274.7998046875,288000,0.0013439090538649445,0.006257721543758336,0.0062441243993264384
2021-08-11,16282.25,16338.75,16162.5498046875,16327.2998046875,277900,0.00013208706805212245,0.006258322520447754,0.00630247086342049
2021-08-12,16364.400390625,16375.5,16286.900390625,16303.650390625,280200,0.005045395484346349,0.0061620818602411915,0.006349671210637416
2021-08-13,16529.099609375,16543.599609375,16376.2998046875,16385.69921875,321900,0.010064482340847336,0.006428774493320956,0.006424489556495977
2021-08-16,16563.05078125,16589.400390625,16480.75,16518.400390625,254000,0.002054024277023725,0.006404850510169918,0.006477459284830287
2021-08-17,16614.599609375,16628.55078125,16495.400390625,16545.25,297400,0.0031122785775283823,0.006394013693248134,0.0064467306963960636
2021-08-18,16568.849609375,16701.849609375,16535.849609375,16691.94921875,251800,-0.00275360231817956,0.005806167395904069,0.006353460094833792
2021-08-20,16450.5,16509.55078125,16376.0498046875,16382.5,350800,-0.007142898400624986,0.005764204382699145,0.006257825212674348
2021-08-23,16496.44921875,16592.5,16395.69921875,16592.25,275600,0.0027931806783987323,0.005309024864043642,0.006110959034607111
2021-08-24,16624.599609375,16647.099609375,16495.30078125,16561.400390625,275400,0.007768362083601765,0.005456423039378523,0.006024158430321167
2021-08-25,16634.650390625,16712.44921875,16617.5,16654.0,265900,0.0006045728309951315,0.005383901961557256,0.005936776472101059
2021-08-26,16636.900390625,16683.69921875,16603.400390625,16627.94921875,253500,0.00013525983096518424,0.005147709651937968,0.00582571518525008
2021-08-27,16705.19921875,16722.05078125,16565.599609375,16642.55078125,217400,0.004105261588480014,0.005026276587140941,0.0057121346579400555
2021-08-30,16931.05078125,16951.5,16764.849609375,16775.849609375,283500,0.013519836521704187,0.00552749997656087,0.005622007206264047
2021-08-31,17132.19921875,17153.5,16915.849609375,16947.5,464400,0.011880446175423387,0.005729493860393043,0.0055544715412863595
2021-09-01,17076.25,17225.75,17055.05078125,17185.599609375,301900,-0.00326573477436376,0.005870684686867819,0.005502138640648328
2021-09-02,17234.150390625,17245.5,17059.69921875,17095.400390625,242400,0.009246783727399066,0.005371172079893552,0.005458639109047276
2021-09-03,17323.599609375,17340.099609375,17212.19921875,17262.44921875,261400,0.005190230833697296,0.005281912783760703,0.005410409949153432
2021-09-06,17377.80078125,17429.55078125,17345.55078125,17399.349609375,228000,0.0031287476677577253,0.005278443317052751,0.005407351794454343
2021-09-07,17362.099609375,17436.5,17287.0,17401.55078125,243400,-0.0009035189246697772,0.0051477896936788685,0.0053764884598843776
2021-09-08,17353.5,17383.400390625,17254.19921875,17375.75,252700,-0.0004953092983268625,0.005194519887572629,0.005357550252485914
2021-09-09,17369.25,17379.650390625,17302.69921875,17312.849609375,241500,0.0009075978909154347,0.0052028536208959895,0.0053630646493817175
2021-09-13,17355.30078125,17378.349609375,17269.150390625,17363.55078125,241100,-0.000803098507419775,0.005233451004671478,0.005383782091134771
2021-09-14,17380.0,17438.55078125,17367.05078125,17420.349609375,230400,0.001423151293159064,0.005224315832645376,0.0053534636767432215
2021-09-15,17519.44921875,17532.69921875,17386.900390625,17387.650390625,388200,0.00802354538262362,0.005101607304241019,0.0052906750211280185
2021-09-16,17629.5,17644.599609375,17510.44921875,17539.19921875,503300,0.006281634763507293,0.005154373034305461,0.005219043855871782
2021-09-17,17585.150390625,17792.94921875,17537.650390625,17709.650390625,508300,-0.002515647600612625,0.005292080558698046,0.005211134703752232
2021-09-20,17396.900390625,17622.75,17361.80078125,17443.849609375,339100,-0.010705054879733056,0.005947226376200114,0.005277666062996173
2021-09-21,17562.0,17578.349609375,17326.099609375,17450.5,363600,0.00949017386246398,0.005724317638890488,0.005322253495179946
2021-09-22,17546.650390625,17610.44921875,17524.0,17580.900390625,295200,-0.0008740239935656202,0.00579078016190603,0.005386552542002663
2021-09-23,17822.94921875,17843.900390625,17646.55078125,17670.849609375,320500,0.015746528367181822,0.006356175758430786,0.005502718129088478
2021-09-24,17853.19921875,17947.650390625,17819.400390625,17897.44921875,360100,0.0016972499684944076,0.006337115093873693,0.005616144276386249
2021-09-27,17855.099609375,17943.5,17802.900390625,17932.19921875,295700,0.00010644538279747096,0.006337858384759944,0.0057265850143950955
2021-09-28,17748.599609375,17912.849609375,17576.099609375,17906.44921875,398000,-0.0059646824901542495,0.006654074513066357,0.005869560882437194
2021-09-29,17711.30078125,17781.75,17608.150390625,17657.94921875,562200,-0.0021015082285871234,0.006270838532397057,0.005986484005252798
2021-09-30,17618.150390625,17742.150390625,17585.349609375,17718.900390625,378600,-0.005259376020738893,0.006054989001307849,0.006076545601953037
2021-10-01,17532.05078125,17557.150390625,17452.900390625,17531.900390625,305800,-0.004886983449795879,0.006126696766542447,0.006160007222737476
2021-10-04,17691.25,17750.900390625,17581.349609375,17615.55078125,295800,0.009080467581137563,0.006115971997480534,0.0061768817848655184
2021-10-05,17822.30078125,17833.44921875,17640.900390625,17661.349609375,427000,0.007407660919946268,0.006205612948811782,0.006225011315857648
2021-10-06,17646.0,17884.599609375,17613.150390625,17861.5,395800,-0.009892144870289554,0.00665537079788113,0.006311470379455159
2021-10-07,17790.349609375,17857.55078125,17763.80078125,17810.55078125,419900,0.008180302016037588,0.006835253503279997,0.006359378153940079
2021-10-08,17895.19921875,17941.849609375,17840.349609375,17886.849609375,324100,0.005893622760496431,0.0068986988910936685,0.006415536533662077
2021-10-11,17945.94921875,18041.94921875,17839.099609375,17867.55078125,375800,0.0028359561343596074,0.00690342741652801,0.006472093436838883
2021-10-12,17991.94921875,18008.650390625,17864.94921875,17915.80078125,355600,0.0025632525445875576,0.006884399953441346,0.006495125980876382
2021-10-13,18161.75,18197.80078125,18050.75,18097.849609375,506700,0.00943759784921161,0.007085197372690168,0.006576561864905693
2021-10-14,18338.55078125,18350.75,18248.69921875,18272.849609375,538700,0.009734787740718787,0.007165856746403098,0.006687648639415218
2021-10-18,18477.05078125,18543.150390625,18445.30078125,18500.099609375,469900,0.007552396132719963,0.007207269783620284,0.006795705941123002
2021-10-19,18418.75,18604.44921875,18377.69921875,18602.349609375,368200,-0.003155307734996393,0.0072297928785270684,0.0069070880292276555
2021-10-20,18266.599609375,18458.30078125,18209.349609375,18439.900390625,371300,-0.008260625212080042,0.007027936344990653,0.006989320368845543
2021-10-21,18178.099609375,18384.19921875,18048.0,18382.69921875,365900,-0.004844908296702255,0.006995756176580306,0.00702335890671546
2021-10-22,18114.900390625,18314.25,18034.349609375,18230.69921875,324700,-0.003476668084567369,0.007065718282452229,0.007046405384632683
2021-10-25,18125.400390625,18241.400390625,17968.5,18229.5,418700,0.000579633328010587,0.006271795641796363,0.006983715059702952
2021-10-26,18268.400390625,18310.44921875,18099.30078125,18154.5,341400,0.007889480889700096,0.006457887755182712,0.006939161093568423
2021-10-27,18210.94921875,18342.05078125,18167.900390625,18295.849609375,335200,-0.0031448386638428527,0.006521937275781489,0.006902914825802436
2021-10-28,17857.25,18190.69921875,17799.44921875,18187.650390625,374200,-0.0194223384240636,0.007776850245553982,0.006972080113088819
2021-10-29,17671.650390625,17915.849609375,17613.099609375,17833.05078125,336500,-0.010393515763905459,0.008109321847841374,0.007066426623232645
2021-11-01,17929.650390625,17954.099609375,17697.099609375,17783.150390625,281200,0.014599655057507821,0.00861661794298558,0.007207361439169176
2021-11-02,17888.94921875,18012.25,17847.599609375,17970.900390625,296400,-0.002270048271341696,0.008547839386226485,0.007339166089939117
2021-11-03,17829.19921875,17988.75,17757.94921875,17947.94921875,331000,-0.0033400508475575075,0.008388629799665172,0.007475235435406569
2021-11-04,17916.80078125,17947.55078125,17900.599609375,17935.05078125,48500,0.004913376165984751,0.008301706891229393,0.007605830506871478
2021-11-08,18068.55078125,18087.80078125,17836.099609375,18040.19921875,338900,0.008469704042186388,0.008141671044201052,0.00771342578304636
2021-11-09,18044.25,18112.599609375,17983.05078125,18084.349609375,270200,-0.001344921435271762,0.007994963578733626,0.007885742576740086
2021-11-10,18017.19921875,18061.25,17915.0,17973.44921875,261400,-0.0014991358050348014,0.007917482733336954,0.008031702074555511
2021-11-11,17873.599609375,17971.349609375,17798.19921875,17967.44921875,232100,-0.007970140510272006,0.008097192359151682,0.00818922758289253
2021-11-12,18102.75,18123.0,17905.900390625,17977.599609375,249100,0.012820606684330382,0.008565577804111784,0.008268100338748311
2021-11-15,18109.44921875,18210.150390625,18071.30078125,18140.94921875,280400,0.0003700663573213969,0.008308046589939335,0.008287972812958106
2021-11-16,17999.19921875,18132.650390625,17958.80078125,18127.05078125,267400,-0.006087981951756416,0.008085616556541582,0.008234872674313706
2021-11-17,17898.650390625,18022.650390625,17879.25,17939.349609375,295700,-0.005586294529162039,0.007908693669088728,0.008170958102599931
2021-11-18,17764.80078125,17945.599609375,17688.5,17890.55078125,278400,-0.007478195643460861,0.008009993637606854,0.008133094486394099
2021-11-22,17416.55078125,17805.25,17280.44921875,17796.25,356400,-0.019603372100156835,0.008817037682775385,0.008184627565548698
2021-11-23,17503.349609375,17553.69921875,17216.099609375,17281.75,308800,0.004983697932798847,0.008931386301705061,0.0082635990912991
2021-11-24,17415.05078125,17600.599609375,17354.0,17550.05078125,298100,-0.0050446817378146935,0.008952970622696841,0.008359399795695421
2021-11-25,17536.25,17564.349609375,17351.69921875,17417.30078125,255900,0.006959452503032093,0.009145223253342712,0.008482173847695998
2021-11-26,17026.44921875,17355.400390625,16985.69921875,17338.75,356300,-0.029071254187753914,0.010670683863773336,0.008739522998158163
2021-11-29,17053.94921875,17160.69921875,16782.400390625,17055.80078125,348900,0.0016151341742889347,0.01072439507173801,0.008955404724920785
2021-11-30,16983.19921875,17324.650390625,16931.400390625,17051.150390625,498000,-0.004148599194972014,0.010056783571904994,0.009130278423117349
2021-12-01,17166.900390625,17213.05078125,17064.25,17104.400390625,295500,0.01081664117042136,0.010270165328670549,0.009348733300330248
2021-12-02,17401.650390625,17420.349609375,17149.30078125,17183.19921875,279900,0.013674571102433752,0.010200174937727352,0.00957788142719411
2021-12-03,17196.69921875,17489.80078125,17180.80078125,17424.900390625,292500,-0.01177768586739425,0.010449952429630009,0.009821877306396425
2021-12-06,16912.25,17216.75,16891.69921875,17209.05078125,231700,-0.01654091957599968,0.010931581956786098,0.010033331733797496
2021-12-07,17176.69921875,17251.650390625,16987.75,17044.099609375,254100,0.015636548581649423,0.011527141232321137,0.010292907226859103
2021-12-08,17469.75,17484.599609375,17308.94921875,17315.25,257800,0.017060948527881648,0.012055525067836364,0.010603162671373057
2021-12-09,17516.849609375,17543.25,17379.599609375,17524.400390625,237200,0.002696066593683266,0.012090894073452804,0.010897729753384064
2021-12-10,17511.30078125,17534.349609375,17405.25,17476.05078125,204500,-0.00031677089480919296,0.01209287678907408,0.011039949045914139
2021-12-13,17368.25,17639.5,17355.94921875,17619.099609375,256600,-0.008169055116863166,0.01209845128950643,0.011177354667690981
2021-12-14,17324.900390625,17376.19921875,17225.80078125,17283.19921875,271000,-0.002495911181322197,0.011658638010595229,0.011337540111560006
2021-12-15,17221.400390625,17351.19921875,17192.19921875,17323.650390625,215000,-0.005974060321640162,0.011675678753722898,0.011478091454065241
2021-12-16,17248.400390625,17379.349609375,17184.94921875,17373.0,219500,0.0015678167505297491,0.011671872059869266,0.01162526116627943
2021-12-17,16985.19921875,17298.150390625,16966.44921875,17276.0,354600,-0.01525945397337003,0.012008098522427927,0.011781075775559223
2021-12-20,16614.19921875,16840.099609375,16410.19921875,16824.25,330600,-0.021842546279377872,0.012699696770346979,0.011957887256915312
2021-12-21,16770.849609375,16936.400390625,16688.25,16773.150390625,241000,0.00942870544420904,0.012390491928443654,0.012044222326527564
2021-12-22,16955.44921875,16971.0,16819.5,16865.55078125,207900,0.011007170994593363,0.012621105470117943,0.01210078036675572
2021-12-23,17072.599609375,17118.650390625,17015.55078125,17066.80078125,197000,0.006909306212627531,0.012719449421750333,0.012163635901585475
2021-12-24,17003.75,17155.599609375,16909.599609375,17149.5,182600,-0.004032754879180422,0.012606912957900864,0.012215039518468153
2021-12-27,17086.25,17112.05078125,16833.19921875,16937.75,144800,0.004851870910828504,0.010946870700823634,0.012099881459599874
2021-12-28,17233.25,17250.25,17161.150390625,17177.599609375,176000,0.008603409174043453,0.011096466264845225,0.01204366428502487
2021-12-29,17213.599609375,17285.94921875,17176.650390625,17220.099609375,161700,-0.0011402602889762914,0.01105201074543396,0.011981297484195979
2021-12-30,17203.94921875,17264.05078125,17146.349609375,17201.44921875,320800,-0.0005606259494814747,0.010807454848141052,0.011894855763023158
2021-12-31,17354.05078125,17400.80078125,17238.5,17244.5,167000,0.008724831757606522,0.010548819366837544,0.011748927847464119
2022-01-03,17625.69921875,17646.650390625,17383.30078125,17387.150390625,200500,0.015653315812207858,0.010724443586372923,0.011551402529066713
2022-01-04,17805.25,17827.599609375,17593.55078125,17681.400390625,247400,0.01018687423526421,0.010076539336444002,0.011320007269866747
2022-01-05,17925.25,17944.69921875,17748.849609375,17820.099609375,251500,0.0067395852346920915,0.009675739663267338,0.011025470689181688
2022-01-06,17745.900390625,17797.94921875,17655.55078125,17768.5,236500,-0.010005417462796928,0.009378259523095216,0.010691351699316176
2022-01-07,17812.69921875,17905.0,17704.55078125,17797.599609375,239300,0.003764183651131514,0.009392005126860765,0.010369860916212165
2022-01-10,18003.30078125,18017.44921875,17879.150390625,17913.30078125,232400,0.010700318921871732,0.009628870467895269,0.010238060892919329
2022-01-11,18055.75,18081.25,17964.400390625,17997.75,220200,0.002913311252602302,0.009380729175645157,0.010066487183999322
2022-01-12,18212.349609375,18227.94921875,18128.80078125,18170.400390625,245000,0.008673115731830494,0.009435949511277296,0.009904881060583657
2022-01-13,18257.80078125,18272.25,18163.80078125,18257.0,303700,0.0024956237305924223,0.009237967333758833,0.009747932309145436
2022-01-14,18255.75,18286.94921875,18119.650390625,18185.0,229500,-0.00011232356375068253,0.009256679448934362,0.009618718317355116
2022-01-17,18308.099609375,18321.55078125,18228.75,18235.650390625,266700,0.0028675682661627455,0.008288057500297812,0.009375079708747605
2022-01-18,18113.05078125,18350.94921875,18085.900390625,18337.19921875,227500,-0.010653690567923424,0.006795148941847469,0.009046940669287951
2022-01-19,17938.400390625,18129.19921875,17884.900390625,18129.19921875,276700,-0.00964224043394124,0.0073084754053717674,0.008810214243498395
2022-01-20,17757.0,17943.69921875,17648.44921875,17921.0,258100,-0.010112406160797005,0.007631511867327209,0.008635539477921592
2022-01-21,17617.150390625,17707.599609375,17485.849609375,17613.69921875,277600,-0.007875745304668613,0.007856879833964568,0.008482026948631973
2022-01-24,17149.099609375,17599.400390625,16997.849609375,17575.150390625,323800,-0.02656790518738339,0.009921644121913526,0.0085113043140338
2022-01-25,17277.94921875,17309.150390625,16836.80078125,17001.55078125,326500,0.007513491221694313,0.009997364662164282,0.008572967862685712
2022-01-27,17110.150390625,17182.5,16866.75,17062.0,395600,-0.00971173291462768,0.010061041176634044,0.008635477029221388
2022-01-28,17101.94921875,17373.5,17077.099609375,17208.30078125,355300,-0.0004793161771092791,0.010059291406089582,0.008717609436454462
2022-01-31,17339.849609375,17410.0,17264.150390625,17301.05078125,321700,0.0139107178709299,0.010522769577826187,0.008844218449343645
2022-02-01,17576.849609375,17622.400390625,17244.55078125,17529.44921875,386400,0.013667938611870323,0.01077003101200528,0.009092415800514392
2022-02-02,17780.0,17794.599609375,17674.80078125,17706.19921875,271200,0.011557838585399605,0.010519176471227392,0.009464818553452384
2022-02-03,17560.19921875,17781.150390625,17511.150390625,17767.75,226600,-0.012362248664229525,0.010627820940869582,0.009796753107002166
2022-02-04,17516.30078125,17617.80078125,17462.55078125,17590.19921875,261400,-0.0024998826581151823,0.010499003435216765,0.01008350226379112
2022-02-07,17213.599609375,17536.75,17119.400390625,17456.30078125,265000,-0.017281112927623465,0.010921019713372077,0.010389916251731872
2022-02-08,17266.75,17306.44921875,17043.650390625,17279.849609375,268500,0.0030876976246183574,0.010906037180480622,0.01048835555758858
2022-02-09,17463.80078125,17477.150390625,17339.0,17370.099609375,236400,0.01141215233034587,0.010946636427367677,0.01058328273410892
2022-02-10,17605.849609375,17639.44921875,17427.150390625,17554.099609375,273600,0.008133901085124018,0.011107362194817554,0.010687914835927272
2022-02-11,17374.75,17454.75,17303.0,17451.0,253100,-0.01312629691281364,0.011162738598558007,0.010798259555174114
2022-02-14,16842.80078125,17099.5,16809.650390625,17076.150390625,305500,-0.03061622289529342,0.012701750103840545,0.011016157607775549
2022-02-15,17352.44921875,17375.0,16839.25,16933.25,298700,0.03025912638397754,0.014708087114496707,0.011409963218024692
2022-02-16,17322.19921875,17490.599609375,17257.69921875,17408.44921875,244500,-0.0017432697608654735,0.014661266066844593,0.011824172177586413
2022-02-17,17304.599609375,17442.900390625,17235.849609375,17396.55078125,232100,-0.001016014719190439,0.014544635511280993,0.012215853634627554
2022-02-18,17276.30078125,17380.80078125,17219.19921875,17236.05078125,189600,-0.0016353356196504576,0.014440813840739617,0.01261003467517984
2022-02-21,17206.650390625,17351.05078125,17070.69921875,17192.25,215200,-0.004031556958107085,0.01432397316120095,0.012950330019962725
2022-02-22,17092.19921875,17148.55078125,16843.80078125,16847.94921875,300100,-0.006651566067580439,0.014298770732322908,0.013289603375146956
2022-02-23,17063.25,17220.69921875,17027.849609375,17194.5,200200,-0.0016937094155936583,0.01308320580113906,0.013503260312524093
2022-02-24,16247.9501953125,16705.25,16203.25,16548.900390625,458000,-0.04778103847083648,0.016563482898959418,0.014048872382938279
2022-02-25,16658.400390625,16748.80078125,16478.30078125,16515.650390625,329800,0.025261660109649586,0.01756096945860445,0.014688695468942923
2022-02-28,16793.900390625,16815.900390625,16356.2998046875,16481.599609375,404200,0.008134034290366632,0.017677010761401192,0.01518622153469899
2022-03-02,16605.94921875,16678.5,16478.650390625,16593.099609375,517700,-0.011191633122935585,0.017486252661164756,0.015464038089365792
2022-03-03,16498.05078125,16768.94921875,16442.94921875,16723.19921875,442100,-0.00649757722841704,0.01713823139365919,0.015711734622047252
2022-03-04,16245.349609375,16456.0,16133.7998046875,16339.4501953125,456100,-0.015317032007332254,0.017009885390850566,0.01595825961000421
2022-03-07,15863.150390625,15944.599609375,15711.4501953125,15867.9501953125,585400,-0.02352668473994779,0.017448204985473555,0.016258998724477603
2022-03-08,16013.4501953125,16028.75,15671.4501953125,15747.75,543600,0.009474776509483585,0.01771668669426017,0.016598270077783528
2022-03-09,16345.349609375,16418.05078125,15990.0,16078.0,462200,0.020726290088294297,0.01823776764447303,0.01699216976899854
2022-03-10,16594.900390625,16757.30078125,16447.900390625,16757.099609375,486400,0.01526738719047449,0.018607645695337627,0.017544613758418395
2022-03-11,16630.44921875,16694.400390625,16470.900390625,16528.80078125,343700,0.0021421537513466316,0.01838916290180899,0.01772718175870335
2022-03-14,16871.30078125,16887.94921875,16606.5,16633.69921875,314700,0.014482565042708062,0.018617678410819585,0.017832852653924865
2022-03-15,16663.0,16927.75,16555.0,16900.650390625,381600,-0.012346456503312231,0.018594848525545753,0.01792463643033932
2022-03-16,16975.349609375,16987.900390625,16837.849609375,16876.650390625,260000,0.018745100484606647,0.01787934505026937,0.017963945669249783
2022-03-17,17287.05078125,17344.599609375,17175.75,17202.900390625,448300,0.018361988356508263,0.01705983648629979,0.017956106178513842
2022-03-21,17117.599609375,17353.349609375,17096.400390625,17329.5,285500,-0.009802202470463706,0.017190215727031312,0.017974139212131916
2022-03-22,17315.5,17334.400390625,17006.30078125,17120.400390625,338300,0.011561223252155806,0.017386520297644953,0.017967970743349056
2022-03-23,17245.650390625,17442.400390625,17199.599609375,17405.05078125,292100,-0.0040339354552280104,0.017406876953377056,0.017936989769260746
2022-03-24,17222.75,17291.75,17091.150390625,17094.94921875,290300,-0.0013278937068936791,0.017385077661119512,0.017851720770925394
2022-03-25,17153.0,17294.900390625,17076.55078125,17289.0,237100,-0.004049875890900112,0.017343105741800473,0.01772526677557168
2022-03-28,17222.0,17235.099609375,17003.900390625,17181.849609375,253200,0.004022619949862971,0.01735487817013179,0.017621838302403957
2022-03-29,17325.30078125,17343.650390625,17235.69921875,17297.19921875,235100,0.005998187274997013,0.013371678934854395,0.01709723835480744
2022-03-30,17498.25,17522.5,17387.19921875,17468.150390625,505000,0.009982465582194733,0.012495161359262501,0.016487269638179113
2022-03-31,17464.75,17559.80078125,17435.19921875,17519.19921875,281100,-0.001914477162001882,0.012457721617877305,0.01594510729493991
2022-04-01,17670.44921875,17703.69921875,17422.69921875,17436.900390625,291800,0.011777965258592316,0.012253736651948004,0.015464497311504732
2022-04-04,18053.400390625,18114.650390625,17791.400390625,17809.099609375,345500,0.021671841339984343,0.012692082475131098,0.015014683986314708
2022-04-05,17957.400390625,18095.44921875,17921.55078125,18080.599609375,283500,-0.005317557796472028,0.012089597376146623,0.014484991694164876
2022-04-06,17807.650390625,17901.0,17779.849609375,17842.75,328800,-0.008339180323571727,0.010679035367640193,0.01381220753559119
2022-04-07,17639.55078125,17787.5,17623.69921875,17723.30078125,308800,-0.00943974110495216,0.011122158880314191,0.013185915657510658
2022-04-08,17784.349609375,17842.75,17600.55078125,17698.150390625,274400,0.008208759390795572,0.010539029263431705,0.01250550800967378
2022-04-11,17674.94921875,17779.05078125,17650.94921875,17740.900390625,251700,-0.006151497975913078,0.01043801528705863,0.011813821721366465
2022-04-12,17530.30078125,17595.30078125,17442.349609375,17584.849609375,266000,-0.008183810641252287,0.010722684380553595,0.011548922265936384
2022-04-13,17475.650390625,17663.650390625,17457.400390625,17599.900390625,245100,-0.0031174816283502382,0.01042856596719818,0.011342262726729953
2022-04-18,17173.650390625,17237.75,17067.849609375,17183.44921875,376100,-0.017281188010147552,0.010810197836350927,0.011177510348577314
2022-04-19,16958.650390625,17275.650390625,16824.69921875,17258.94921875,401400,-0.012519178806467801,0.010462845598477648,0.010998421243230281
2022-04-20,17136.55078125,17186.900390625,16978.94921875,17045.25,286100,0.010490244596548015,0.009898067819529819,0.01071901977767015
2022-04-21,17392.599609375,17414.69921875,17215.5,17234.599609375,285200,0.014941678252146096,0.010187610863248547,0.010528821126380343
2022-04-22,17171.94921875,17315.30078125,17149.19921875,17242.75,262700,-0.012686452605167986,0.010281646075947495,0.010489082197211074
2022-04-25,16953.94921875,17054.30078125,16888.69921875,17009.05078125,275700,-0.012695122564301942,0.01060558959374148,0.010437425268553803
2022-04-26,17200.80078125,17223.849609375,17064.44921875,17121.30078125,261100,0.014560121616207233,0.011117301723409455,0.010495252514551577
2022-04-27,17038.400390625,17110.69921875,16958.44921875,17073.349609375,265100,-0.009441443610115341,0.011276572338453528,0.010579108219691066
2022-04-28,17245.05078125,17322.5,17071.05078125,17189.5,312900,0.012128508890934642,0.011565479910526803,0.010663387772688389
2022-04-29,17102.55078125,17377.650390625,17053.25,17329.25,336200,-0.008263240381694681,0.011622078788259743,0.010782739054794545
2022-05-02,17069.099609375,17092.25,16917.25,16924.44921875,278200,-0.0019559171203674675,0.011370283800050519,0.010838747651164504
2022-05-04,16677.599609375,17132.849609375,16623.94921875,17096.599609375,310600,-0.022936183451936376,0.012328673792648974,0.011025330470581636
2022-05-05,16682.650390625,16945.69921875,16651.849609375,16854.75,265800,0.00030284821366977077,0.011929666279226515,0.011228490316551305
2022-05-06,16411.25,16484.19921875,16340.900390625,16415.55078125,300500,-0.0162684216398562,0.010886576448897886,0.01129838687511624
2022-05-09,16301.849609375,16403.69921875,16142.099609375,16227.7001953125,288400,-0.006666182687180999,0.010895772309368498,0.011359799498458339
2022-05-10,16240.0498046875,16404.55078125,16197.2998046875,16248.900390625,283100,-0.003790968888092272,0.010861601069122673,0.01138540064599646
2022-05-11,16167.099609375,16318.75,15992.599609375,16270.0498046875,284300,-0.0044919933245182175,0.010798520068574373,0.01135352248051295
2022-05-12,15808.0,16041.9501953125,15735.75,16021.099609375,314900,-0.022211752141785834,0.011102801057819595,0.011336145352449558
2022-05-13,15782.150390625,16083.599609375,15740.849609375,15977.0,369100,-0.0016352232651188903,0.011133961085549836,0.01129299346995186
2022-05-16,15842.2998046875,15977.9501953125,15739.650390625,15845.099609375,217600,0.0038112305721171857,0.01128634040969121,0.011259419632095008
2022-05-17,16259.2998046875,16284.25,15900.7998046875,15912.599609375,295700,0.026321935902047233,0.013170216928665915,0.011439412944956547
2022-05-18,16240.2998046875,16399.80078125,16211.2001953125,16318.150390625,290400,-0.0011685620062508173,0.01278145749726953,0.011484691315418603
2022-05-19,15809.400390625,15984.75,15775.2001953125,15917.400390625,313900,-0.026532725334179386,0.013661836250936978,0.01165790831258965
2022-05-20,16266.150390625,16283.0498046875,16003.849609375,16043.7998046875,252400,0.028891038794289337,0.015101216565383555,0.012079372324238216
2022-05-23,16214.7001953125,16414.69921875,16185.75,16290.9501953125,293800,-0.0031630222318707046,0.014570916103268987,0.012446886703628266
2022-05-24,16125.150390625,16262.7998046875,16078.599609375,16225.5498046875,249800,-0.005522754266735541,0.014421619853219388,0.012802888582037935
2022-05-25,16025.7998046875,16223.349609375,16006.9501953125,16196.349609375,243300,-0.006161219184365629,0.014269221112265086,0.013149958686407007
2022-05-26,16170.150390625,16204.4501953125,15903.7001953125,16105.0,314300,0.009007387318995308,0.013984315505706982,0.013438110131195747
2022-05-27,16352.4501953125,16370.599609375,16221.9501953125,16296.599609375,274100,0.011273847198922216,0.014224308795648923,0.013747144902205655
2022-05-30,16661.400390625,16695.5,16506.150390625,16527.900390625,251400,0.018893205092962884,0.014627779750398556,0.01408128883627639
2022-05-31,16584.55078125,16690.75,16521.900390625,16578.44921875,651600,-0.004612433983534836,0.014565398238997992,0.014220806967309596
2022-06-01,16522.75,16649.19921875,16438.849609375,16594.400390625,249600,-0.0037264067061659745,0.01457412534657157,0.014400073752239801
2022-06-02,16628.0,16646.400390625,16443.05078125,16481.650390625,236000,0.006370004993115463,0.013795875488467488,0.014413477675992853
2022-06-03,16584.30078125,16793.849609375,16567.900390625,16761.650390625,245500,-0.002628050201467391,0.013806932995009437,0.014284049318955442
2022-06-06,16569.55078125,16610.94921875,16444.55078125,16530.69921875,233600,-0.0008893953501298846,0.013310465333461289,0.01415800424197467
2022-06-07,16416.349609375,16487.25,16347.099609375,16469.599609375,233800,-0.009245946006475991,0.013391966574267333,0.014055038914079465
2022-06-08,16356.25,16514.30078125,16293.349609375,16474.94921875,243500,-0.0036609606157923524,0.013389953218755883,0.013967112124728545
2022-06-09,16478.099609375,16492.80078125,16243.849609375,16263.849609375,205000,0.00744972774168895,0.01342423917418624,0.013911104491576471
2022-06-10,16201.7998046875,16324.7001953125,16172.599609375,16283.9501953125,189700,-0.016767698414100085,0.012999559460026532,0.013788629558014232
2022-06-13,15774.400390625,15886.150390625,15684.0,15877.5498046875,225500,-0.026379749115209128,0.014327979473021408,0.013758649530276518
2022-06-14,15732.099609375,15858.0,15659.4501953125,15674.25,225400,-0.00268160945598539,0.014313354436610285,0.013733445150037746
2022-06-15,15692.150390625,15783.650390625,15678.900390625,15729.25,183000,-0.0025393443813560568,0.012957276903728736,0.013571760305753463
2022-06-16,15360.599609375,15863.150390625,15335.099609375,15832.25,264700,-0.021128447854290244,0.013637546141796096,0.013555927371086324
2022-06-17,15293.5,15400.400390625,15183.400390625,15272.650390625,342600,-0.00436829362663993,0.012499653456978203,0.013425199417283202
2022-06-20,15350.150390625,15382.5,15191.099609375,15334.5,260000,0.0037042135956451006,0.010483011892508774,0.013142454073187948
2022-06-21,15638.7998046875,15707.25,15419.849609375,15455.9501953125,262800,0.018804337854487096,0.011483193419532123,0.012951576757714429
2022-06-22,15413.2998046875,15565.400390625,15385.9501953125,15545.650390625,220900,-0.014419265085317434,0.011792850302207869,0.012791866466059626
2022-06-23,15556.650390625,15628.4501953125,15367.5,15451.5498046875,259200,0.009300447519609234,0.012006121500035194,0.012650054698644522
2022-06-24,15699.25,15749.25,15619.4501953125,15657.400390625,219600,0.009166472588529428,0.012013028320237207,0.012551401584665589
2022-06-27,15832.0498046875,15927.4501953125,15815.5,15926.2001953125,210900,0.008458990377725017,0.011880247064496835,0.012306628343813132
2022-06-28,15850.2001953125,15892.099609375,15710.150390625,15757.4501953125,251900,0.0011464333961117568,0.010954319796704871,0.01197072487982259
2022-06-29,15799.099609375,15861.599609375,15687.7998046875,15701.7001953125,444900,-0.0032239710103227903,0.010943954714949453,0.011769392660944662
2022-06-30,15780.25,15890.0,15728.849609375,15774.5,306000,-0.001193081241402827,0.01094083324781886,0.011499721371546938
2022-07-01,15752.0498046875,15793.9501953125,15511.0498046875,15703.7001953125,364100,-0.0017870563085186086,0.010767403239151438,0.011326496349764263
2022-07-04,15835.349609375,15852.349609375,15661.7998046875,15710.5,304300,0.005288188249805481,0.010901107696660497,0.011368305930179436
2022-07-05,15810.849609375,16025.75,15785.4501953125,15909.150390625,254200,-0.0015471713984448465,0.010898275509264638,0.011309814139152686
2022-07-06,15989.7998046875,16011.349609375,15800.900390625,15818.2001953125,288400,0.011318189707300252,0.011151857349830712,0.011245714843914971
2022-07-07,16132.900390625,16150.5,16045.9501953125,16113.75,264600,0.00894949203151052,0.011350095147701123,0.011180112208681564
2022-07-08,16220.599609375,16275.5,16157.900390625,16273.650390625,281100,0.005436047866567373,0.01128708284909665,0.011107517661567508
2022-07-11,16216.0,16248.5498046875,16115.5,16136.150390625,255900,-0.00028356592763323363,0.010669244677330995,0.010986417422850924
2022-07-12,16058.2998046875,16158.75,16031.150390625,16126.2001953125,208600,-0.0097249750439381,0.009107482958368605,0.010801733739017296
2022-07-13,15966.650390625,16140.0,15950.150390625,16128.2001953125,233300,-0.005707292501522909,0.009190355882845046,0.010626373855806856
2022-07-14,15938.650390625,16070.849609375,15858.2001953125,16018.849609375,228600,-0.0017536552323109689,0.00917790659461907,0.010450081190486878
2022-07-15,16049.2001953125,16066.9501953125,15927.2998046875,16010.7998046875,205800,0.0069359576863876615,0.00776189429067884,0.010149530295639617
2022-07-18,16278.5,16287.9501953125,16142.2001953125,16151.400390625,227700,0.014287304158276504,0.00804471013142288,0.009863890539115855
2022-07-19,16340.5498046875,16359.5,16187.0498046875,16187.0498046875,222600,0.003811764271124396,0.008045210119321855,0.009578584000121577
2022-07-20,16520.849609375,16588.0,16490.94921875,16562.80078125,284400,0.01103388850696918,0.0074383943953214475,0.009207237704670652
2022-07-21,16605.25,16626.94921875,16483.900390625,16523.55078125,243600,0.005108719746296009,0.006338029222499165,0.008706031112150455
2022-07-22,16719.44921875,16752.25,16610.900390625,16661.25,190900,0.006877295960614926,0.006249978649092845,0.008202320692150076
2022-07-25,16631.0,16706.05078125,16564.25,16662.55078125,211400,-0.005290199311757782,0.006384392157238211,0.007773835440140797
2022-07-26,16483.849609375,16636.099609375,16463.30078125,16632.900390625,208200,-0.00884795806776506,0.006721275726929406,0.007535214716996877
2022-07-27,16641.80078125,16653.44921875,16438.75,16475.349609375,185200,0.0095821774414373,0.006920330968708078,0.007308212225583179
2022-07-28,16929.599609375,16947.650390625,16746.25,16774.849609375,376300,0.017293731123692924,0.0075172309102739445,0.0071421446571486675
2022-07-29,17158.25,17172.80078125,17018.150390625,17079.5,436100,0.013505953826479233,0.007756214923915376,0.00714157672047232
2022-08-01,17340.05078125,17356.25,17154.80078125,17243.19921875,381500,0.010595531668439406,0.007763095181747884,0.007113415225504821
2022-08-02,17345.44921875,17390.150390625,17215.849609375,17310.150390625,333600,0.000311327663805816,0.00781722541634368,0.007090616755207005
2022-08-03,17388.150390625,17407.5,17225.849609375,17349.25,285400,0.002461808358865669,0.007713612696993749,0.007118138585374234
2022-08-04,17382.0,17490.69921875,17161.25,17463.099609375,325000,-0.0003537116074355806,0.007622787852764915,0.00724661444840081
2022-08-05,17397.5,17474.400390625,17348.75,17423.650390625,355300,0.0008917270739845495,0.00756434472378479,0.007378051055870004
2022-08-08,17525.099609375,17548.80078125,17359.75,17401.5,257000,0.007334364671648164,0.007598307832896069,0.007499442623435789
2022-08-10,17534.75,17566.099609375,17442.80078125,17566.099609375,312700,0.0005506610997998429,0.007578497953771998,0.007585164846120049
2022-08-11,17659.0,17719.30078125,17631.94921875,17711.650390625,311200,0.007085929368824795,0.006944499296367157,0.007587581678885957
2022-08-12,17698.150390625,17724.650390625,17597.849609375,17659.650390625,303900,0.0022170219505635025,0.006563677129156526,0.007492226300774214
2022-08-16,17825.25,17839.099609375,17764.05078125,17797.19921875,0,0.007181519343531395,0.006395858669250417,0.007356190675307718
2022-08-17,17944.25,17965.94921875,17833.349609375,17868.150390625,262800,0.006675923198833145,0.006392907478485214,0.007219171904981452
2022-08-18,17956.5,17968.44921875,17852.05078125,17898.650390625,263900,0.0006826699360520383,0.006125498465979014,0.007049999209944986
2022-08-19,17758.44921875,17992.19921875,17710.75,17966.55078125,295600,-0.011029475746944017,0.007023488196499227,0.006980986759895533
2022-08-22,17490.69921875,17690.05078125,17467.349609375,17682.900390625,287600,-0.0150773300473388,0.00796324116741975,0.007015032091361016
2022-08-23,17577.5,17625.55078125,17345.19921875,17357.349609375,285600,0.00496268217550444,0.0079611421690935,0.007054711835891887
2022-08-24,17604.94921875,17623.650390625,17499.25,17525.44921875,262000,0.001561611079505143,0.007907457874315654,0.007085626840033846
2022-08-25,17522.44921875,17726.5,17487.44921875,17679.0,230200,-0.004686182219266755,0.007878788530829274,0.007115655897739573
2022-08-26,17558.900390625,17685.849609375,17519.349609375,17619.30078125,266600,0.002080255529346653,0.007439095938220277,0.007165115561924884
2022-08-29,17312.900390625,17380.150390625,17166.19921875,17188.650390625,244900,-0.014009988924553851,0.00814915388619145,0.007323663237628378
2022-08-30,17759.30078125,17777.650390625,17401.5,17414.94921875,324700,0.02578426378902554,0.00910483592028848,0.007594560962732184
2022-09-01,17542.80078125,17695.599609375,17468.44921875,17485.69921875,308500,-0.012190795272107646,0.009251947012758261,0.007880464916159489
2022-09-02,17539.44921875,17643.849609375,17476.44921875,17598.400390625,256300,-0.0001910505934481499,0.008994052381327111,0.008167320307694298
2022-09-05,17665.80078125,17683.150390625,17540.349609375,17546.44921875,230300,0.007203850071011875,0.009108674523139817,0.008375838940358357
2022-09-06,17655.599609375,17764.650390625,17587.650390625,17695.69921875,251200,-0.0005774531254664206,0.009106950727199074,0.00849020989633629
2022-09-07,17624.400390625,17650.75,17484.30078125,17519.400390625,354100,-0.0017671004916441913,0.00912085566214567,0.008606181245641506
2022-09-08,17798.75,17807.650390625,17691.94921875,17748.150390625,279800,0.009892512965589573,0.00933922470968354,0.008749357929178294
2022-09-09,17833.349609375,17925.94921875,17786.0,17923.349609375,270300,0.0019439347917691308,0.00923358918862748,0.008884837994958117
2022-09-12,17936.349609375,17980.55078125,17889.150390625,17890.849609375,228200,0.005775695663245095,0.009294717688210155,0.009070400169957103
2022-09-13,18070.05078125,18088.30078125,18015.44921875,18044.44921875,259900,0.007454201929980142,0.009306876311224965,0.009186172412460456
2022-09-14,18003.75,18091.55078125,17771.150390625,17771.150390625,365900,-0.0036690976717561608,0.009361214415735187,0.009211810262005127
2022-09-15,17877.400390625,18096.150390625,17861.5,18046.349609375,289600,-0.007017960667916379,0.009394322479309453,0.009226047808660246
2022-09-16,17530.849609375,17820.05078125,17497.25,17796.80078125,468500,-0.019384853148544656,0.010181757574224687,0.009344818327950002
2022-09-19,17622.25,17667.19921875,17429.69921875,17540.650390625,258300,0.0052136885924867205,0.010268174673498293,0.00946076834298585
2022-09-20,17816.25,17919.30078125,17744.400390625,17770.400390625,263100,0.011008809885230342,0.01030129879865636,0.00958020315013158
2022-09-21,17718.349609375,17838.69921875,17663.599609375,17766.349609375,245500,-0.005495005437451739,0.00979004310283476,0.00964712189420049
2022-09-22,17629.80078125,17722.75,17532.44921875,17609.650390625,284100,-0.004997577656902563,0.009812492626713576,0.009694448685903492
2022-09-23,17327.349609375,17642.150390625,17291.650390625,17593.849609375,390800,-0.017155677232420508,0.010506914161266725,0.009821781183167415
2022-09-26,17016.30078125,17196.400390625,16978.30078125,17156.30078125,492000,-0.017951321762256445,0.011138078986128213,0.010006117312959221
2022-09-27,17007.400390625,17176.44921875,16942.349609375,17110.900390625,359900,-0.0005230508522044985,0.011112616146272342,0.010186691296463959
2022-09-28,16858.599609375,17037.599609375,16820.400390625,16870.55078125,323900,-0.00874917846539458,0.010872243842828283,0.01033779423917327
2022-09-29,16818.099609375,17026.05078125,16788.599609375,16993.599609375,340000,-0.0024023347691036756,0.008941637752836087,0.010292525766525933
2022-09-30,17094.349609375,17187.099609375,16747.69921875,16798.05078125,376100,0.01642575596626905,0.009558445584267284,0.010230194567530193
2022-10-03,16887.349609375,17114.650390625,16855.55078125,17102.099609375,278400,-0.012109264448790458,0.009845751598087229,0.010187952259989086
2022-10-04,17274.30078125,17287.30078125,17117.30078125,17147.44921875,226000,0.02291367093271912,0.011080040728998382,0.010265826453023288
2022-10-06,17331.80078125,17428.80078125,17315.650390625,17379.25,265500,0.0033286441360573793,0.011120346109248351,0.010398856753664646
2022-10-07,17314.650390625,17337.349609375,17216.94921875,17287.19921875,216300,-0.0009895331040011834,0.01111833682020719,0.010529441173014008
2022-10-10,17241.0,17280.150390625,17064.69921875,17094.349609375,234000,-0.00425364584114718,0.010864707320937335,0.01056522048898107
2022-10-11,16983.55078125,17261.80078125,16950.30078125,17256.05078125,282600,-0.014932383199930399,0.011218812066952246,0.010573293797063473
2022-10-12,17123.599609375,17142.349609375,16960.05078125,17025.55078125,256000,0.008246145339619648,0.011319811849877333,0.01059401336742397
2022-10-13,17014.349609375,17112.349609375,16956.94921875,17087.349609375,266400,-0.006380083772817624,0.0111342871464588,0.010620217697787024
2022-10-14,17185.69921875,17348.55078125,17169.75,17322.30078125,227000,0.010070888003887335,0.01147923937148692,0.010873977859652106
2022-10-17,17311.80078125,17328.55078125,17098.55078125,17144.80078125,212200,0.007337586960815656,0.011601597024294705,0.011078293003654848
2022-10-18,17486.94921875,17527.80078125,17434.05078125,17438.75,239500,0.010117285874136073,0.011098561489109912,0.011203573992757117
2022-10-19,17512.25,17607.599609375,17472.849609375,17568.150390625,210500,0.0014468379208691928,0.01103933532619383,0.011199503452476662
2022-10-20,17563.94921875,17584.150390625,17421.0,17423.099609375,249600,0.0029521745492440132,0.010765452122132,0.011164014053765027
2022-10-21,17576.30078125,17670.150390625,17520.75,17622.849609375,277700,0.0007032337856462956,0.010710047350549999,0.011123185106799308
2022-10-24,17730.75,17777.55078125,17707.400390625,17736.349609375,45000,0.008787356376761757,0.010831335152631105,0.011119847889968686
2022-10-25,17656.349609375,17811.5,17637.0,17808.30078125,251400,-0.004196122026705051,0.0101320125142504,0.0110111679346985
2022-10-27,17736.94921875,17783.900390625,17654.5,17771.400390625,324600,0.004564907874966551,0.009178914396399585,0.010797078189350726
2022-10-28,17786.80078125,17838.900390625,17723.69921875,17756.400390625,250000,0.002810605244745412,0.009161597943128047,0.01059980926901765
2022-10-31,18012.19921875,18022.80078125,17899.900390625,17910.19921875,227200,0.012672230395564199,0.009076520906079024,0.010359537422476861
2022-11-01,18145.400390625,18175.80078125,18060.150390625,18130.69921875,349900,0.007395053222392978,0.009026035514563052,0.010101981271503694
2022-11-02,18082.849609375,18178.75,18048.650390625,18177.900390625,270900,-0.003447197631545107,0.008655128126398882,0.009857637935232592
2022-11-03,18052.69921875,18106.30078125,17959.19921875,17968.349609375,213000,-0.0016673473084335422,0.00803882973504258,0.009557587376117468
2022-11-04,18117.150390625,18135.099609375,18017.150390625,18053.400390625,267900,0.003570168155688336,0.0066583128315078725,0.009146873447055054
2022-11-07,18202.80078125,18255.5,18064.75,18211.75,314800,0.004727586225111935,0.006676174847661969,0.00874348619676625
2022-11-09,18157.0,18296.400390625,18117.5,18288.25,307200,-0.002516139235956394,0.006722607641978873,0.008332613445701029
2022-11-10,18028.19921875,18103.099609375,17969.400390625,18044.349609375,256500,-0.007093725904609771,0.00688730031361308,0.008008142225637296
2022-11-11,18349.69921875,18362.30078125,18259.349609375,18272.349609375,378500,0.017833173247033374,0.006525602661759915,0.00774281105217333
2022-11-14,18329.150390625,18399.44921875,18311.400390625,18376.400390625,301400,-0.0011198455015547504,0.006520219803759284,0.007478673238236452
2022-11-15,18403.400390625,18427.94921875,18282.0,18362.75,250900,0.004050924260950772,0.006134617039488645,0.007184482851577414
2022-11-16,18409.650390625,18442.150390625,18344.150390625,18398.25,219300,0.0003396111515991951,0.006000289964045436,0.006881908296525655
2022-11-17,18343.900390625,18417.599609375,18312.94921875,18358.69921875,200500,-0.00357149639481924,0.00610444518267515,0.006626840002153281
2022-11-18,18307.650390625,18394.599609375,18209.80078125,18382.94921875,198800,-0.00197613371355454,0.005945930831464777,0.0064175501117955
2022-11-21,18159.94921875,18262.30078125,18133.349609375,18246.400390625,213800,-0.008067729540576885,0.006354879034247368,0.0063872067320694505
2022-11-22,18244.19921875,18261.849609375,18137.69921875,18179.150390625,177700,0.00463933015368867,0.006381445767689417,0.006357733824072194
2022-11-23,18267.25,18325.400390625,18246.0,18325.19921875,178800,0.0012634580983039712,0.006377667965564481,0.006323239856430756
2022-11-24,18484.099609375,18529.69921875,18294.25,18326.099609375,204000,0.011870949889830174,0.006577571925948366,0.006292267017664284
2022-11-25,18512.75,18534.900390625,18445.099609375,18528.44921875,205900,0.0015500019600884762,0.006424493438585378,0.00628215609534683
2022-11-28,18562.75,18614.25,18365.599609375,18430.55078125,206500,0.0027008413120686026,0.006404154881689087,0.006270549603139811
2022-11-29,18618.05078125,18678.099609375,18552.150390625,18552.44921875,195300,0.00297912654375021,0.006405078550015727,0.006297595754192519
2022-11-30,18758.349609375,18816.05078125,18616.55078125,18625.69921875,345600,0.007535634625419174,0.006074589479129746,0.00630502570570095
2022-12-01,18812.5,18887.599609375,18778.19921875,18871.94921875,325000,0.002886735334004964,0.005951023511957753,0.00628968353862921
2022-12-02,18696.099609375,18781.94921875,18639.19921875,18752.400390625,254400,-0.006187396179402005,0.006098602549962998,0.006304950710479032
2022-12-05,18701.05078125,18728.599609375,18591.349609375,18719.55078125,288400,0.00026482378562620035,0.006061193111290344,0.00627558211818333
2022-12-06,18642.75,18654.900390625,18577.900390625,18600.650390625,217800,-0.0031175136590962937,0.006133227446623361,0.006250760286076724
2022-12-07,18560.5,18668.30078125,18528.400390625,18638.849609375,200500,-0.004411902750398933,0.006207666165108739,0.00623376010603115
2022-12-08,18609.349609375,18625.0,18536.94921875,18570.849609375,202800,0.002631912360927746,0.0061656417484856315,0.006192567088284877
2022-12-09,18496.599609375,18664.69921875,18410.099609375,18662.400390625,215800,-0.006058782405979346,0.0060998992914787315,0.006160107673574212
2022-12-12,18497.150390625,18521.55078125,18345.69921875,18402.150390625,193900,2.977743269738653e-05,0.004770775820750694,0.0059967697674803725
2022-12-13,18608.0,18617.25,18490.19921875,18524.400390625,187600,0.0059927938646799905,0.004908563954796936,0.005847118307958493
2022-12-14,18660.30078125,18696.099609375,18632.900390625,18671.25,208000,0.002810661073194387,0.0048739569765890835,0.005727055057704427
2022-12-15,18414.900390625,18652.900390625,18387.69921875,18614.400390625,183100,-0.013150934355333654,0.005733220599142603,0.005705274766422912
2022-12-16,18269.0,18440.94921875,18255.150390625,18319.099609375,277700,-0.00792295301794177,0.00594460601578655,0.005689875113005267
2022-12-19,18420.44921875,18431.650390625,18244.55078125,18288.099609375,154800,0.008289956688926514,0.006205724930560227,0.0057043282949322555
2022-12-20,18385.30078125,18404.900390625,18202.650390625,18340.30078125,169000,-0.0019081205394395617,0.005929318752242693,0.005683937425494189
2022-12-21,18199.099609375,18473.349609375,18162.75,18435.150390625,187600,-0.01012771964355863,0.006291440371556351,0.00569231484613895
2022-12-22,18127.349609375,18318.75,18068.599609375,18288.80078125,195700,-0.003942502735851727,0.006337468978841452,0.005709497569174532
2022-12-23,17806.80078125,18050.44921875,17779.5,17977.650390625,221500,-0.01768316025411787,0.006756287814167234,0.005775136421443382
2022-12-26,18014.599609375,18084.099609375,17774.25,17830.400390625,176700,0.011669632893506865,0.007339461903750492,0.006032005029743362
2022-12-27,18132.30078125,18149.25,17967.44921875,18089.80078125,214300,0.006533654614990558,0.0074893318758239335,0.006290081821846062
2022-12-28,18122.5,18173.099609375,18068.349609375,18084.75,193900,-0.0005405150382313817,0.007432890861271904,0.006545975210314343
2022-12-29,18191.0,18229.69921875,17992.80078125,18045.69921875,281100,0.00377983170092433,0.007253763417049233,0.006698029492105006
2022-12-30,18105.30078125,18265.25,18080.30078125,18259.099609375,192000,-0.00471107793689185,0.007216746966926098,0.006825243587218963
2023-01-02,18197.44921875,18215.150390625,18086.5,18131.69921875,256100,0.005089583355357918,0.007292964630213419,0.0069339675571842814
2023-01-03,18232.55078125,18251.94921875,18149.80078125,18163.19921875,208700,0.00192892762485819,0.007319366569956608,0.007072972338955673
2023-01-04,18042.94921875,18243.0,18020.599609375,18230.650390625,235200,-0.010399069487028845,0.007583364509607576,0.007202164752760795
2023-01-05,17992.150390625,18120.30078125,17892.599609375,18101.94921875,269900,-0.0028154392892826285,0.007560983433493629,0.0073245161982260125
2023-01-06,17859.44921875,18047.400390625,17795.55078125,18008.05078125,238200,-0.007375503705446151,0.007605915440403994,0.007409478960849689
2023-01-09,18101.19921875,18141.400390625,17936.150390625,17952.55078125,257200,0.013536251708490266,0.008248749883270647,0.007500407758801704
2023-01-10,17914.150390625,18127.599609375,17856.0,18121.30078125,283300,-0.010333504750958511,0.008490760184102785,0.007600550589629588
2023-01-11,17895.69921875,17976.349609375,17824.349609375,17924.25,259900,-0.0010299775022909463,0.00831786711364781,0.007689048214867179
2023-01-12,17858.19921875,17945.80078125,17761.650390625,17920.849609375,227800,-0.00209547554088918,0.00824980796059938,0.007788652669222193
2023-01-13,17956.599609375,17999.349609375,17774.25,17867.5,256700,0.005510095918388247,0.007996278413889817,0.007866605813918567
2023-01-16,17894.849609375,18049.650390625,17853.650390625,18033.150390625,206200,-0.003438847072569362,0.007865708454946373,0.00792388019639186
2023-01-17,18053.30078125,18072.05078125,17886.94921875,17922.80078125,219100,0.008854568511824201,0.007899781797344314,0.007981921719130633
2023-01-18,18165.349609375,18183.75,18032.44921875,18074.30078125,255800,0.006206556323560042,0.008046566660610141,0.008028241934230889
2023-01-19,18107.849609375,18155.19921875,18063.75,18119.80078125,237800,-0.003165367099256078,0.007770564820569753,0.0080492000729385
2023-01-20,18027.650390625,18145.44921875,18016.19921875,18115.599609375,237200,-0.004428975305189153,0.007782961948921274,0.008066904723790229
2023-01-23,18118.55078125,18162.599609375,18063.44921875,18118.44921875,202500,0.005042276095628795,0.006746294510827209,0.007916659186545886
2023-01-24,18118.30078125,18201.25,18078.650390625,18183.94921875,216900,-1.3798013043020418e-05,0.006274533205818329,0.0076950364887174395
2023-01-25,17891.94921875,18100.599609375,17846.150390625,18093.349609375,257200,-0.01249297962501228,0.006688266079907005,0.00753207638534336
2023-01-27,17604.349609375,17884.75,17493.55078125,17877.19921875,476300,-0.016074246906178757,0.0074906070568338265,0.007456156294966804
2023-01-30,17648.94921875,17709.150390625,17405.55078125,17541.94921875,432400,0.0025334426073457816,0.007452740494304185,0.007401802503008241
2023-01-31,17662.150390625,17735.69921875,17537.55078125,17731.44921875,398300,0.0007479862801675896,0.007427112558002558,0.0073579429133138596
2023-02-01,17616.30078125,17972.19921875,17353.400390625,17811.599609375,512900,-0.0025959245256645946,0.007292253165132856,0.007297190050092712
2023-02-02,17610.400390625,17653.900390625,17445.94921875,17517.099609375,490100,-0.0003349392530399564,0.0072553734106725115,0.0072180707250989505
2023-02-03,17854.05078125,17870.30078125,17584.19921875,17721.75,424100,0.013835596307890219,0.007703812187932792,0.007211395461835255
2023-02-06,17764.599609375,17823.69921875,17698.349609375,17818.55078125,282500,-0.005010133160870178,0.007751917945067823,0.007208291061449909
2023-02-07,17721.5,17811.150390625,17652.55078125,17790.099609375,354400,-0.0024261514654264627,0.007608812802086402,0.0072945428905758294
2023-02-08,17871.69921875,17898.69921875,17744.150390625,17750.30078125,291000,0.008475536424681795,0.007217368751363741,0.0073888264451303694
2023-02-09,17893.44921875,17916.900390625,17779.80078125,17885.5,260900,0.0012170079483646568,0.006868818104654146,0.007406881647605083
2023-02-10,17856.5,17876.94921875,17801.0,17847.55078125,232000,-0.0020649578680046465,0.006880036463626999,0.007345824588284401
2023-02-13,17770.900390625,17880.69921875,17719.75,17859.099609375,231300,-0.00479375070002519,0.006944417494374841,0.007294992288291467
2023-02-14,17929.849609375,17954.55078125,17800.05078125,17840.349609375,244500,0.0089443537049958,0.007123980794094841,0.007264679111900696
2023-02-15,18015.849609375,18034.099609375,17853.80078125,17896.599609375,229300,0.004796470794436125,0.007154522165291078,0.007250906011916518
2023-02-16,18035.849609375,18134.75,18000.650390625,18094.75,230200,0.0011101336008929596,0.006888635542142014,0.007214232225063467
2023-02-17,17944.19921875,18034.25,17884.599609375,17974.849609375,208100,-0.005081567689351307,0.006818249395915752,0.0071256759458617645
2023-02-20,17844.599609375,18004.349609375,17818.400390625,17965.55078125,174600,-0.005550518480140765,0.006883358158808688,0.00703881996723585
2023-02-21,17826.69921875,17924.900390625,17800.30078125,17905.80078125,198200,-0.001003126492992057,0.006830320753323944,0.006960970762359605
2023-02-22,17554.30078125,17772.5,17529.44921875,17755.349609375,204000,-0.015280363131582653,0.0074184825633691245,0.0069810821435601425
2023-02-23,17511.25,17620.05078125,17455.400390625,17574.650390625,240800,-0.002452434977984641,0.007413482856034012,0.00703554861869813
2023-02-24,17465.80078125,17599.75,17421.80078125,17591.349609375,209400,-0.002595429723749043,0.0069884543177515,0.00704639040411058
2023-02-27,17392.69921875,17451.599609375,17299.0,17428.599609375,246400,-0.004185411445805309,0.006147765582033549,0.00696672521287645
2023-02-28,17303.94921875,17440.44921875,17255.19921875,17383.25,420900,-0.0051027157362857345,0.0061815205401284405,0.00687247918747981
2023-03-01,17450.900390625,17467.75,17345.25,17360.099609375,272900,0.008492348770636093,0.006508457853381293,0.006807872756288832
2023-03-02,17321.900390625,17445.80078125,17306.0,17421.5,310700,-0.007392168719804415,0.006665991832102398,0.00678560838528487
2023-03-03,17594.349609375,17644.75,17427.69921875,17451.25,356200,0.015728598629827895,0.007578889097971566,0.006861672355490451
2023-03-06,17711.44921875,17799.94921875,17671.94921875,17680.349609375,362800,0.006655523618366965,0.007067449842213615,0.0068800815238309445
2023-03-08,17754.400390625,17766.5,17602.25,17665.75,267000,0.0024250512391459367,0.007008737537814133,0.006897923202279962
2023-03-09,17589.599609375,17772.349609375,17573.599609375,17772.05078125,262400,-0.009282249899975281,0.0072815830545027455,0.006884233251393325
2023-03-10,17412.900390625,17451.5,17324.349609375,17443.80078125,235900,-0.010045664635585094,0.007283315354614553,0.006871216501251378
2023-03-13,17154.30078125,17529.900390625,17113.44921875,17421.900390625,254900,-0.014851035931626178,0.007838204241244288,0.006956191493600658
2023-03-14,17043.30078125,17224.650390625,16987.099609375,17160.55078125,290600,-0.006470680525861194,0.007899383009976464,0.00713135323639495
2023-03-15,16972.150390625,17211.349609375,16938.900390625,17166.44921875,248200,-0.004174683738684903,0.007890319945352723,0.007302233176917379
2023-03-16,16985.599609375,17062.44921875,16850.150390625,16994.650390625,349800,0.0007924286811309411,0.007508072868085981,0.007402194678387847
2023-03-17,17100.05078125,17145.80078125,16958.150390625,17111.80078125,408100,0.006738129621978839,0.007614220578154366,0.007497017552993044
2023-03-20,16988.400390625,17066.599609375,16828.349609375,17066.599609375,241800,-0.0065292432199922645,0.007617934585512513,0.007500922101747137
2023-03-21,17107.5,17127.69921875,17016.0,17060.400390625,246700,0.007010642946744028,0.007890371898824869,0.007583214307408263
2023-03-22,17151.900390625,17207.25,17107.849609375,17177.44921875,0,0.0025953757489405316,0.007919742779143263,0.007674314831541178
2023-03-23,17076.900390625,17205.400390625,17045.30078125,17097.400390625,219200,-0.004372693304643627,0.007935766786136606,0.007739733204704562
2023-03-24,16945.05078125,17109.44921875,16917.349609375,17076.19921875,228000,-0.007720933328590696,0.007461170564553072,0.007757518725698414
2023-03-27,16985.69921875,17091.0,16918.55078125,16984.30078125,218400,0.0023988383407489433,0.007510160173050304,0.007724714318879017
2023-03-28,16951.69921875,17061.75,16913.75,17031.75,238800,-0.002001683861354908,0.007506642994056228,0.007685440317286993
2023-03-29,17080.69921875,17126.150390625,16940.599609375,16977.30078125,345900,0.007609856589321451,0.007725498534651022,0.007668958176216822
2023-03-31,17359.75,17381.599609375,17204.650390625,17210.349609375,263900,0.016337198944623932,0.00850990848940417,0.007769141738348642
2023-04-03,17398.05078125,17428.05078125,17312.75,17427.94921875,230200,0.002206297973761151,0.008311430408490228,0.007838862721382227
2023-04-05,17557.05078125,17570.55078125,17402.69921875,17422.30078125,248300,0.009138954817361267,0.008370034518023137,0.00791407271463329
2023-04-06,17599.150390625,17638.69921875,17502.849609375,17533.849609375,242700,0.002397874785437182,0.0076454603147010775,0.007889581556220911
2023-04-10,17624.05078125,17694.099609375,17597.94921875,17634.900390625,254800,0.0014148632219350699,0.0075029566415296955,0.007847902942459553
2023-04-11,17722.30078125,17748.75,17655.150390625,17704.80078125,304300,0.005574768321964241,0.007589225286711378,0.007813248792517031
2023-04-12,17812.400390625,17825.75,17717.25,17759.55078125,232800,0.005083967961446945,0.0073602759587733865,0.0078031593319390635
2023-04-13,17828.0,17842.150390625,17729.650390625,17807.30078125,285800,0.0008757724412713497,0.006942568935765356,0.007746400208210567
2023-04-17,17706.849609375,17863.0,17574.05078125,17863.0,357400,-0.006795512150830185,0.006197043041569277,0.007615440212961873
2023-04-18,17660.150390625,17766.599609375,17610.19921875,17766.599609375,258900,-0.0026373533282438855,0.006003043104424392,0.00744319466993921
2023-04-19,17618.75,17666.150390625,17579.849609375,17653.349609375,281500,-0.002344283016240789,0.005926098917005663,0.007184813712699359
2023-04-20,17624.44921875,17684.44921875,17584.349609375,17638.599609375,215100,0.0003234746363958152,0.005930962099376092,0.006946766881787946
2023-04-21,17624.05078125,17663.19921875,17553.94921875,17639.75,230200,-2.260708945023282e-05,0.005830811643118938,0.006692844594297526
2023-04-24,17743.400390625,17754.5,17612.5,17707.55078125,255700,0.006771973756565242,0.005639498885038214,0.00649224845133124
2023-04-25,17769.25,17807.44921875,17716.849609375,17761.55078125,297400,0.0014568576938982503,0.00552618493086724,0.006294571280264995
2023-04-26,17813.599609375,17827.75,17711.19921875,17767.30078125,233000,0.0024958627615121465,0.005525532472729593,0.006088201998866815
2023-04-27,17915.05078125,17931.599609375,17797.900390625,17813.099609375,241400,0.005695152810193838,0.0053967496350238895,0.005891849366491866
2023-04-28,18065.0,18089.150390625,17885.30078125,17950.400390625,290300,0.008370013603697934,0.0050331746629227415,0.005700909939207604
2023-05-02,18147.650390625,18180.25,18101.75,18124.80078125,265200,0.004575166931912511,0.005041186777446357,0.005585324312795312
2023-05-03,18089.849609375,18116.349609375,18042.400390625,18113.80078125,226200,-0.00318502836487633,0.005108031831120908,0.005495823185464964
2023-05-04,18255.80078125,18267.44921875,18066.69921875,18081.0,226600,0.009173717607303677,0.005187669659362214,0.0054219802597006185
2023-05-05,18069.0,18216.94921875,18055.44921875,18117.30078125,239700,-0.010232406865540389,0.00505828246857479,0.005334712296620489
2023-05-08,18264.400390625,18286.94921875,18100.30078125,18120.599609375,228400,0.010814123118324304,0.005418510881972408,0.005293482220505836
2023-05-09,18265.94921875,18344.19921875,18229.650390625,18303.400390625,245400,8.480038171931881e-05,0.005205736249787998,0.005250105956980814
2023-05-10,18315.099609375,18326.75,18211.94921875,18313.599609375,220500,0.0026908205008338015,0.0052075304839000035,0.005218240512284091
2023-05-11,18297.0,18389.69921875,18270.400390625,18357.80078125,248900,-0.0009882342854272697,0.005245302905803361,0.005190217555591467
2023-05-12,18314.80078125,18342.75,18194.55078125,18273.75,241700,0.0009728797753729701,0.005175338396821359,0.005168076431771214
2023-05-15,18398.849609375,18458.900390625,18287.900390625,18339.30078125,216100,0.004589120522186851,0.0051596892588981575,0.005180727891368755
2023-05-16,18286.5,18432.349609375,18264.349609375,18432.349609375,219500,-0.006106338807060685,0.00542393167127518,0.005219002380751637
2023-05-17,18181.75,18309.0,18115.349609375,18300.44921875,229900,-0.005728269488420423,0.005349523884926867,0.005243151586132234
2023-05-18,18129.94921875,18297.19921875,18104.849609375,18287.5,272100,-0.002849053652701161,0.005357458257823527,0.005260130445978365
2023-05-19,18203.400390625,18218.099609375,18060.400390625,18186.150390625,260900,0.0040513721791914925,0.005323723872845392,0.005286674586405425
2023-05-22,18314.400390625,18335.25,18178.849609375,18201.099609375,262600,0.006097761825706316,0.005404668890412281,0.005285290387249413
2023-05-23,18348.0,18419.75,18324.19921875,18362.900390625,270400,0.001834600568861644,0.005387763368324881,0.005303493099103101
2023-05-24,18285.400390625,18392.599609375,18262.94921875,18294.80078125,232600,-0.0034117947119577385,0.005388713445794784,0.005321611395292579
2023-05-25,18321.150390625,18338.099609375,18202.400390625,18268.900390625,235900,0.001955111686716471,0.005389852689722583,0.005336066373684502
2023-05-26,18499.349609375,18508.55078125,18333.150390625,18368.349609375,198700,0.009726420827874671,0.005681621821020879,0.005386694716104453
2023-05-29,18598.650390625,18641.19921875,18581.25,18619.150390625,265300,0.005367798508963517,0.0056708847833410745,0.005437814268548745
2023-05-30,18633.849609375,18662.44921875,18575.5,18606.650390625,234400,0.0018925684396833287,0.005468207206034505,0.005442241822024677
2023-05-31,18534.400390625,18603.900390625,18483.849609375,18594.19921875,696500,-0.0053370195013254795,0.005614580442513253,0.005468747477783316
2023-06-01,18487.75,18580.30078125,18464.55078125,18579.400390625,265600,-0.0025169624936233204,0.0055914099591685175,0.005492142647917815
2023-06-02,18534.099609375,18573.69921875,18478.400390625,18550.849609375,270900,0.002507044360454902,0.005288235923468382,0.0054885938529801144
2023-06-05,18593.849609375,18640.150390625,18582.80078125,18612.0,256100,0.003223787573137793,0.004672381434911448,0.00541536510743003
2023-06-06,18599.0,18622.75,18531.599609375,18600.80078125,220800,0.00027699431442118616,0.004143910374319741,0.005290979808029517
2023-06-07,18726.400390625,18738.94921875,18636.0,18665.599609375,260100,0.006849851638528914,0.0043379820655307785,0.005185906670003116
2023-06-08,18634.55078125,18777.900390625,18615.599609375,18725.349609375,286500,-0.0049048192636628185,0.0045198853180484075,0.005098909932835699
2023-06-09,18563.400390625,18676.650390625,18555.400390625,18655.900390625,221800,-0.00381819725413457,0.0046180368546854126,0.004992551436202152
2023-06-12,18601.5,18633.599609375,18559.75,18595.05078125,179500,0.0020524046550352004,0.0046272406433191865,0.004888187022199964
2023-06-13,18716.150390625,18728.900390625,18631.80078125,18631.80078125,233200,0.0061635024393194016,0.004704656694412512,0.004811831971037764
2023-06-14,18755.900390625,18769.69921875,18690.0,18744.599609375,261400,0.0021238341844009856,0.004433353755871957,0.004693709302373634
2023-06-15,18688.099609375,18794.099609375,18669.05078125,18774.44921875,263000,-0.0036149041015322014,0.004289465995919937,0.004563514906048777
2023-06-16,18826.0,18864.69921875,18710.5,18723.30078125,272800,0.0073790483520230765,0.004372574857083991,0.004471948799410337
2023-06-19,18755.44921875,18881.44921875,18719.150390625,18873.30078125,219800,-0.0037475183921172883,0.00450150681636337,0.00445486133755553
2023-06-20,18816.69921875,18839.69921875,18660.650390625,18752.349609375,211600,0.003265717567498605,0.004395963788721267,0.004480066678995682
2023-06-21,18856.849609375,18875.900390625,18794.849609375,18849.400390625,217500,0.0021337637466720683,0.004398272285038389,0.004486095700946443
2023-06-22,18771.25,18886.599609375,18759.5,18853.599609375,252700,-0.004539443817404343,0.00446521085492043,0.004480628254633645
2023-06-23,18665.5,18756.400390625,18647.099609375,18741.849609375,210600,-0.005633615236065759,0.0047066091736118,0.004489485486526284
2023-06-26,18691.19921875,18722.05078125,18646.69921875,18682.349609375,171300,0.0013768299134766515,0.00425444303471781,0.004452205725666146
2023-06-27,18817.400390625,18829.25,18714.25,18748.55078125,222500,0.00675190341711196,0.0043434158847835145,0.004416081644703246
2023-06-28,18972.099609375,19011.25,18861.349609375,18908.150390625,398800,0.00822107281232487,0.004648866456455136,0.004437632914761565
2023-06-30,19189.05078125,19201.69921875,19024.599609375,19076.849609375,247900,0.01143527476356887,0.004960000148296063,0.004504686329999177
2023-07-03,19322.55078125,19345.099609375,19234.400390625,19246.5,226100,0.00695709243369369,0.004991276014594954,0.004566556445750274
2023-07-04,19389.0,19434.150390625,19300.0,19406.599609375,226900,0.003438946519135566,0.00499905263932075,0.004616311028046011
2023-07-05,19398.5,19421.599609375,19339.599609375,19405.94921875,224400,0.0004899685388621844,0.005005597974001981,0.004677274446574083
2023-07-06,19497.30078125,19512.19921875,19373.0,19385.69921875,268300,0.00509321758125636,0.005031467051714784,0.004740593923241722
2023-07-07,19331.80078125,19523.599609375,19303.599609375,19422.80078125,237100,-0.00848835445771845,0.005429507641775177,0.004837023601927197
2023-07-10,19355.900390625,19435.849609375,19327.099609375,19400.349609375,268200,0.0012466303397029588,0.00522713683489375,0.004889076368055393
2023-07-11,19439.400390625,19515.099609375,19406.44921875,19427.099609375,251300,0.004313930032438185,0.00508767365448426,0.0049723994300320375
2023-07-12,19384.30078125,19507.69921875,19361.75,19497.44921875,327900,-0.002834429471475497,0.00520565571334308,0.005058623412887994
2023-07-13,19413.75,19567.0,19385.80078125,19495.19921875,310400,0.0015192303855748879,0.005116832575002139,0.005105420024742693
2023-07-14,19564.5,19595.349609375,19433.5,19493.44921875,291200,0.007765114931427508,0.005282479008004086,0.005137667910713496
2023-07-17,19711.44921875,19731.849609375,19562.94921875,19612.150390625,268700,0.007511013251041421,0.0052463329891416265,0.0051631736081681635
2023-07-18,19749.25,19819.44921875,19690.19921875,19787.5,286400,0.001917706853032497,0.0051293021141595365,0.005176198555652042
2023-07-19,19833.150390625,19851.69921875,19727.44921875,19802.94921875,259700,0.004248282371482448,0.004952041946141323,0.005170842952865976
2023-07-20,19979.150390625,19991.849609375,19758.400390625,19831.69921875,274700,0.007361412439498949,0.005056002934947326,0.0051732965411892306
2023-07-21,19745.0,19887.400390625,19700.0,19800.44921875,312500,-0.011719737128305097,0.005976885430245187,0.005228034320036231
2023-07-24,19672.349609375,19782.75,19658.30078125,19748.44921875,265600,-0.0036794322929856182,0.005931090051955401,0.0052984296417423965
2023-07-25,19680.599609375,19729.349609375,19615.94921875,19729.349609375,369700,0.0004193703428323481,0.00567004169996229,0.0053566664462902
2023-07-26,19778.30078125,19825.599609375,19716.69921875,19733.349609375,244700,0.004964339187534694,0.005687254708794209,0.005404826345835312
2023-07-27,19659.900390625,19867.55078125,19603.55078125,19850.900390625,334900,-0.0059863783008722304,0.005909686313932419,0.005484111719728341
2023-07-28,19646.05078125,19695.900390625,19563.099609375,19659.75,258700,-0.0007044597937843067,0.0057670263847938155,0.0055325664574073135
2023-07-31,19753.80078125,19772.75,19597.599609375,19666.349609375,295100,0.005484562836559181,0.005398094849455993,0.00554774264343875
2023-08-01,19733.55078125,19795.599609375,19704.599609375,19784.0,298000,-0.0010251191770254131,0.005266365391200696,0.005561448971142866
2023-08-02,19526.55078125,19678.25,19423.55078125,19655.400390625,290700,-0.010489749274959825,0.00579639947132077,0.00564588472366081
2023-08-03,19381.650390625,19537.650390625,19296.44921875,19463.75,315700,-0.007420685416911321,0.006039006559978517,0.005744185086163931
2023-08-04,19517.0,19538.849609375,19436.44921875,19462.80078125,280800,0.006983389270114548,0.006132452113887075,0.005759741754528119
2023-08-07,19597.30078125,19620.44921875,19524.80078125,19576.849609375,216600,0.004114401867602702,0.005864247111282401,0.005753057460460819
2023-08-08,19570.849609375,19634.400390625,19533.099609375,19627.19921875,260300,-0.0013497354646058168,0.005878748910611511,0.005773928181525741
2023-08-09,19632.55078125,19645.5,19467.5,19578.80078125,266500,0.003152707884763739,0.005846875759089066,0.005789890286555226
2023-08-10,19543.099609375,19623.599609375,19495.400390625,19605.55078125,312200,-0.004556268458015711,0.00590754346683404,0.005789676001845389
2023-08-11,19428.30078125,19557.75,19412.75,19554.25,235500,-0.005874136161590715,0.0060562694318681285,0.00581860030655282
2023-08-14,19434.55078125,19465.849609375,19257.900390625,19383.94921875,243900,0.00032169565781225984,0.005794513405205608,0.005858242162127781
2023-08-16,19465.0,19482.75,19317.19921875,19369.0,0,0.0015667570139761278,0.005533094986752614,0.005884915121682973
2023-08-17,19365.25,19461.55078125,19326.25,19450.55078125,268700,-0.005124582584125403,0.005587015296916274,0.005863976704242524
2023-08-18,19310.150390625,19373.80078125,19253.599609375,19301.75,256100,-0.0028452826260957353,0.005472196654629306,0.005807295713707602
2023-08-21,19393.599609375,19425.94921875,19296.30078125,19320.650390625,262600,0.0043215209131937105,0.00526924409870376,0.0057209749121892705
2023-08-22,19396.44921875,19443.5,19381.30078125,19417.099609375,208700,0.00014693555773015454,0.004714562563875194,0.005606006457448551
2023-08-23,19444.0,19472.05078125,19366.599609375,19439.19921875,225200,0.0024515199000461063,0.004719580763936639,0.005490089642781063
2023-08-24,19386.69921875,19584.44921875,19369.0,19535.150390625,268300,-0.002946964680621278,0.004742295337072006,0.005379631600579357
2023-08-25,19265.80078125,19339.55078125,19229.69921875,19297.400390625,466500,-0.006236153774081932,0.004702416734466841,0.005259118927342637
2023-08-28,19306.05078125,19366.849609375,19249.69921875,19298.349609375,248200,0.002089194238900971,0.004624316061537873,0.005115923590309612
2023-08-29,19342.650390625,19377.900390625,19309.099609375,19374.849609375,307400,0.0018957584743610756,0.004663177184934217,0.005002789968282473
2023-08-30,19347.44921875,19452.80078125,19334.75,19433.44921875,233000,0.0002480956863764039,0.004449322774179073,0.004894412747025118
2023-08-31,19253.80078125,19388.19921875,19223.650390625,19375.55078125,562600,-0.004840350603388277,0.004528453324538353,0.004788556549787326
2023-09-01,19435.30078125,19458.55078125,19255.69921875,19258.150390625,333000,0.009426710188917609,0.004562585586525411,0.004697595442976937
2023-09-04,19528.80078125,19545.150390625,19432.849609375,19525.05078125,296800,0.004810833701642592,0.0043732740198834524,0.004607998435094906
2023-09-05,19574.900390625,19587.05078125,19525.75,19564.650390625,256800,0.0023605960187407238,0.004133474900483585,0.004549889668755745
2023-09-06,19611.05078125,19636.44921875,19491.5,19581.19921875,287600,0.0018467726478093027,0.004053556275523714,0.004483287219914452
2023-09-07,19727.05078125,19737.0,19550.05078125,19598.650390625,304900,0.005915032360780392,0.004234855949562363,0.004432543281163488
2023-09-08,19819.94921875,19867.150390625,19727.05078125,19774.80078125,288100,0.004709190366575022,0.004298816240016026,0.004392183231718407
2023-09-11,19996.349609375,20008.150390625,19865.349609375,19890.0,248800,0.008900143420050854,0.0045111663262837375,0.004380868258192993
2023-09-12,19993.19921875,20110.349609375,19914.650390625,20110.150390625,328100,-0.0001575482868895195,0.004233057747136769,0.004337856314413248
2023-09-13,20070.0,20096.900390625,19944.099609375,19989.5,251400,0.003841345269944396,0.004258897366799441,0.004318813773675286
2023-09-14,20103.099609375,20167.650390625,20043.44921875,20127.94921875,275100,0.001649208239910216,0.0042589594506204954,0.004291864386283499
2023-09-15,20192.349609375,20222.44921875,20129.69921875,20156.44921875,438200,0.004439613877174287,0.004014341853197636,0.004237040012950721
2023-09-18,20133.30078125,20195.349609375,20115.69921875,20155.94921875,264900,-0.002924316846098174,0.0040191469399786855,0.004201627304960245
2023-09-20,19901.400390625,20050.650390625,19878.849609375,19980.75,378100,-0.011518249945432046,0.004941645362351098,0.004282444351146997
2023-09-21,19742.349609375,19848.75,19709.94921875,19840.55078125,275100,-0.007991939166498319,0.005335395764220375,0.004410628300016662
2023-09-22,19674.25,19798.650390625,19657.5,19744.849609375,246400,-0.003449417659114995,0.005402117782930088,0.004527354483353435
2023-09-25,19674.55078125,19734.150390625,19601.55078125,19678.19921875,188400,1.5288066889551644e-05,0.005343925614626482,0.004631865420814481
2023-09-26,19664.69921875,19699.349609375,19637.44921875,19682.80078125,204900,-0.0005007261720755274,0.005112415028272884,0.004691990291013396
2023-09-27,19716.44921875,19730.69921875,19554.0,19637.05078125,203600,0.002631619198663282,0.005119617674906093,0.0047806462837903275
2023-09-28,19523.55078125,19766.650390625,19492.099609375,19761.80078125,352800,-0.009783629666773708,0.005628234981030842,0.004917580045213468
2023-09-29,19638.30078125,19726.25,19551.05078125,19581.19921875,243500,0.005877516917168757,0.005750448293258536,0.0050667289294772724
2023-10-03,19528.75,19623.19921875,19479.650390625,19622.400390625,221700,-0.005578424654468894,0.005788305036352337,0.005244125247792742
2023-10-04,19436.099609375,19457.80078125,19333.599609375,19446.30078125,277100,-0.004744307271330683,0.0055397126191022794,0.005396181815705102
2023-10-05,19545.75,19576.94921875,19487.30078125,19521.849609375,234900,0.005641584105285702,0.0055784909397805105,0.005459866373448042
2023-10-06,19653.5,19675.75,19589.400390625,19621.19921875,159100,0.0055127073660514725,0.005684987142628568,0.005494825511288862
2023-10-09,19512.349609375,19588.94921875,19480.5,19539.44921875,165100,-0.00718194675884698,0.005892342898614126,0.005543848022857266
2023-10-10,19689.849609375,19717.80078125,19565.44921875,19565.599609375,216600,0.00909680297624016,0.006095488594082596,0.005619004320802877
2023-10-11,19811.349609375,19839.19921875,19756.94921875,19767.0,213700,0.006170692128707245,0.00616080278585448,0.005723843096561037
2023-10-12,19794.0,19843.30078125,19772.650390625,19822.69921875,217900,-0.0008757409120068171,0.005814047959980811,0.005793286125068508
2023-10-13,19751.05078125,19805.400390625,19635.30078125,19654.55078125,255000,-0.0021698099802970328,0.00582524537436722,0.005812987164402147
2023-10-16,19731.75,19781.30078125,19691.849609375,19737.25,181000,-0.0009772027556287366,0.005737284036973095,0.005811670738773602
2023-10-17,19811.5,19849.75,19775.650390625,19843.19921875,185800,0.004041709427698992,0.005811487640438805,0.005813988999182249
2023-10-18,19671.099609375,19840.94921875,19659.94921875,19820.44921875,198900,-0.007086812741337156,0.0058480379503258574,0.0058448215323046076
2023-10-19,19624.69921875,19681.80078125,19512.349609375,19545.19921875,230300,-0.0023588102112444,0.005841135700748942,0.00587108600840145
2023-10-20,19542.650390625,19593.80078125,19518.69921875,19542.150390625,198300,-0.004180896084593599,0.005395616105018463,0.00584214890464044
2023-10-23,19281.75,19556.849609375,19257.849609375,19521.599609375,176000,-0.013350307425555652,0.005857112375670578,0.005838625852346084
2023-10-25,19122.150390625,19347.30078125,19074.150390625,19286.44921875,225300,-0.008277236732921023,0.006045367457888737,0.005833613738726699
2023-10-26,18857.25,19041.69921875,18837.849609375,19027.25,300400,-0.013853064912347501,0.006620395353520421,0.005879572995493293
2023-10-27,19047.25,19076.150390625,18926.650390625,18928.75,205200,0.010075700327460302,0.007123154489621575,0.00601048364845737
2023-10-30,19140.900390625,19158.5,18940.0,19053.400390625,180100,0.004916740769664862,0.007206295523308005,0.006148588663351448
2023-10-31,19079.599609375,19233.69921875,19056.44921875,19232.94921875,206000,-0.0032026069828995363,0.006961745752951402,0.006271034834949278
2023-11-01,18989.150390625,19096.05078125,18973.69921875,19064.05078125,194100,-0.004740624572936891,0.006815866317472515,0.00637147270265265
2023-11-02,19133.25,19175.25,19064.150390625,19120.0,245600,0.007588523257266999,0.007031594893053856,0.0064898283969254495
2023-11-03,19230.599609375,19276.25,19210.900390625,19241.0,189500,0.005087980838331285,0.007093405585928169,0.0066150553854433716
2023-11-06,19411.75,19423.0,19309.69921875,19345.849609375,180700,0.00941990339899168,0.007301362517959552,0.00680563002673748
2023-11-07,19406.69921875,19423.5,19329.099609375,19404.05078125,198700,-0.000260191958478706,0.0071791384733307,0.006937832636503494
2023-11-08,19443.5,19464.400390625,19401.5,19449.599609375,195000,0.0018962926582819506,0.00703337797410714,0.007036633688125333
2023-11-09,19395.30078125,19463.900390625,19378.349609375,19457.400390625,208400,-0.002478937369815082,0.006719487589719963,0.007046542911745288
2023-11-10,19425.349609375,19451.30078125,19329.44921875,19351.849609375,152200,0.001549283945833313,0.006557071225507792,0.0069899345853339095
2023-11-13,19443.55078125,19494.400390625,19414.75,19486.75,189300,0.0009369804014345284,0.006569547629526766,0.0069262597959557845
2023-11-15,19675.44921875,19693.19921875,19579.650390625,19651.400390625,291500,0.011926753508604282,0.007122665874529784,0.006942351808113624
2023-11-16,19765.19921875,19875.25,19627.0,19674.69921875,282700,0.004561522280999375,0.007193031359204545,0.006980068312286827
2023-11-17,19731.80078125,19806.0,19667.44921875,19674.75,236800,-0.0016897597201204206,0.0071447777367365465,0.006991386596655096
2023-11-20,19694.0,19756.44921875,19670.5,19731.150390625,173800,-0.0019157289123818977,0.006981633309317525,0.006980209368994031
2023-11-21,19783.400390625,19829.099609375,19754.05078125,19770.900390625,195000,0.0045394734754240496,0.00702337482868089,0.006952410600066165
2023-11-22,19811.849609375,19825.55078125,19703.849609375,19784.0,184500,0.0014380348265852216,0.00694645656664319,0.006929142409397414
2023-11-23,19802.0,19875.150390625,19786.75,19828.44921875,170000,-0.0004971574875239915,0.006171996126338363,0.0068430042246205355
2023-11-24,19794.69921875,19832.849609375,19768.849609375,19809.599609375,145900,-0.00036868908443588033,0.005788622124384489,0.006749917678086989
2023-11-28,19889.69921875,19916.849609375,19800.0,19844.650390625,229600,0.004799264638990497,0.004597121365110821,0.006553922692047293
2023-11-29,20096.599609375,20104.650390625,19956.30078125,19976.55078125,236200,0.010402389113554511,0.0046243283020304966,0.006359400759297665
2023-11-30,20133.150390625,20158.69921875,20015.849609375,20108.5,486600,0.0018187545137213768,0.004594945765737392,0.0061066287484184256
2023-12-01,20267.900390625,20291.55078125,20183.69921875,20194.099609375,265800,0.0066929416105065975,0.004495886750231733,0.005836914287521145
2023-12-04,20686.80078125,20702.650390625,20507.75,20601.94921875,381100,0.020668169003769332,0.005618329262080509,0.005684269440055541
2023-12-05,20855.099609375,20864.05078125,20711.150390625,20808.900390625,421000,0.008135565760247543,0.005636547688292974,0.005549760877953086
2023-12-06,20937.69921875,20961.94921875,20852.150390625,20950.75,359200,0.003960643244200535,0.005632302471532554,0.005410653642238252
2023-12-07,20901.150390625,20941.25,20850.80078125,20932.400390625,275000,-0.0017455990623970186,0.005629340173932065,0.0052789420029671396
2023-12-08,20969.400390625,21006.099609375,20862.69921875,20934.099609375,292400,0.003265370504707432,0.005562469856998574,0.0052179893760331605
2023-12-11,20997.099609375,21026.099609375,20923.69921875,20965.30078125,212900,0.001320935183362959,0.005573252910661666,0.005196452454660878
2023-12-12,20906.400390625,21037.900390625,20867.150390625,21018.55078125,244900,-0.004319607014175553,0.005688276872295139,0.00530556800537931
2023-12-13,20926.349609375,20950.0,20769.5,20929.75,260300,0.0009542158562574343,0.005700442631585117,0.005413179438334773
2023-12-14,21182.69921875,21210.900390625,21074.44921875,21110.400390625,334400,0.012250087289956912,0.005967870674225651,0.005550471929183598
2023-12-15,21456.650390625,21492.30078125,21235.30078125,21287.44921875,508800,0.012932779200891975,0.00603743315355865,0.00570462656951629
2023-12-18,21418.650390625,21482.80078125,21365.349609375,21434.80078125,249700,-0.0017710126840955187,0.006172616058605138,0.0057600552491687525
2023-12-19,21453.099609375,21505.05078125,21337.75,21477.650390625,249800,0.0016083748565725031,0.006065620833888899,0.005802962563728345
2023-12-20,21150.150390625,21593.0,21087.349609375,21543.5,363900,-0.01412146609423337,0.007149577653718999,0.00595469008194699
2023-12-21,21255.05078125,21288.349609375,20976.80078125,21033.94921875,277500,0.004959794076523361,0.0071534355436793625,0.006107099618921719
2023-12-22,21349.400390625,21390.5,21232.44921875,21295.849609375,284700,0.004438926556610712,0.007141263440195802,0.006264978977241442
2023-12-26,21441.349609375,21477.150390625,21329.44921875,21365.19921875,219500,0.004306875934107168,0.007080485053272387,0.006415702191502515
2023-12-27,21654.75,21675.75,21495.80078125,21497.650390625,256500,0.0099527499207277,0.007133332581569517,0.006560207762429953
2023-12-28,21778.69921875,21801.44921875,21678.0,21715.0,393100,0.005723881307796219,0.0071393544216028955,0.00670409894143173
2023-12-29,21731.400390625,21770.30078125,21676.900390625,21737.650390625,270900,-0.0021717930740454694,0.007134011726086383,0.006820713046617803
2024-01-01,21741.900390625,21834.349609375,21680.849609375,21727.75,154000,0.00048317180721269004,0.00715805157840385,0.006932774889102324
2024-01-02,21665.80078125,21755.599609375,21555.650390625,21751.349609375,263700,-0.003500136051024061,0.007288761429923763,0.007044389426234185
2024-01-03,21517.349609375,21677.0,21500.349609375,21661.099609375,311900,-0.00685186637566948,0.0064136780751226675,0.007079195150357563
2024-01-04,21658.599609375,21685.650390625,21564.55078125,21605.80078125,339200,0.006564470186349425,0.00634606022335101,0.006998843407320763
2024-01-05,21710.80078125,21749.599609375,21629.19921875,21705.75,309300,0.002410182228605562,0.006328918417235718,0.006916391694676399
2024-01-08,21513.0,21763.94921875,21492.900390625,21747.599609375,231500,-0.00911070868564301,0.006723893989760313,0.00687465474963285
2024-01-09,21544.849609375,21724.44921875,21517.849609375,21653.599609375,228600,0.0014804820050666745,0.006710355657231408,0.006837641810028753
2024-01-10,21618.69921875,21641.849609375,21448.650390625,21529.30078125,217000,0.0034277152411805734,0.006726234511669985,0.0067969320030388
2024-01-11,21647.19921875,21726.5,21593.75,21688.0,212500,0.0013183031833516878,0.006597314134845257,0.006742727974363036
2024-01-12,21894.55078125,21928.25,21715.150390625,21773.55078125,294700,0.011426492637705898,0.006927232871772377,0.006722050088931636
2024-01-15,22097.44921875,22115.55078125,21963.55078125,22053.150390625,345500,0.009267074694848665,0.006738400757110505,0.0066800850068023
2024-01-16,22032.30078125,22124.150390625,21969.80078125,22080.5,292400,-0.0029482333845447517,0.006333409465102926,0.006584549810320216
2024-01-17,21571.94921875,21851.5,21550.44921875,21647.25,456000,-0.020894393512082443,0.007960044849291895,0.006739186487737139
2024-01-18,21462.25,21539.400390625,21285.55078125,21414.19921875,387300,-0.0050852715087356115,0.00804157653351908,0.006908738118753946
2024-01-19,21622.400390625,21670.599609375,21575.0,21615.19921875,343100,0.00746195718645537,0.007500695650714617,0.007025915842101836
2024-01-23,21238.80078125,21750.25,21192.599609375,21716.69921875,449700,-0.01774084294273448,0.008484683530783237,0.007201994796204128
2024-01-24,21453.94921875,21482.349609375,21137.19921875,21185.25,407500,0.010129971071150878,0.0087212076402246,0.007403079994503447
2024-01-25,21352.599609375,21459.0,21247.05078125,21454.599609375,418100,-0.004724053755400193,0.008734794298531698,0.00760393597318962
2024-01-29,21737.599609375,21763.25,21429.599609375,21433.099609375,376700,0.018030591452244726,0.009358075011360158,0.00788001206084111
2024-01-30,21522.099609375,21813.05078125,21501.80078125,21775.75,375100,-0.009913698102483215,0.00951929798204984,0.008139218571868856
2024-01-31,21725.69921875,21741.349609375,21448.849609375,21487.25,410600,0.009460025419002926,0.009753956002528886,0.008440774096410694
2024-02-01,21697.44921875,21832.94921875,21658.75,21780.650390625,332500,-0.0013003033741542103,0.009757603269136121,0.008783193476814014
2024-02-02,21853.80078125,22126.80078125,21805.55078125,21812.75,442800,0.007205988175093214,0.00984770856849286,0.00897195984873411
2024-02-05,21771.69921875,21964.30078125,21726.94921875,21921.05078125,440800,-0.0037568550808078083,0.009755570727604135,0.009143359268142616
2024-02-06,21929.400390625,21951.400390625,21737.55078125,21825.19921875,371000,0.007243402101531293,0.009777407888402324,0.009371030491911386
2024-02-07,21930.5,22053.30078125,21860.150390625,22045.05078125,346300,5.014315737827957e-05,0.009769574021755947,0.009499519541008658
2024-02-08,21717.94921875,22011.05078125,21665.30078125,22009.650390625,491100,-0.009692017110872975,0.00979902074427827,0.009607300851414025
2024-02-09,21782.5,21804.44921875,21629.900390625,21727.0,349200,0.0029722318898448563,0.009811901887479048,0.00971501161030876
2024-02-12,21616.05078125,21831.69921875,21574.75,21800.80078125,287400,-0.0076414194307357075,0.009947012596144358,0.009773905368787177
2024-02-13,21743.25,21766.80078125,21543.349609375,21664.30078125,365800,0.005884480011507653,0.010025915349464974,0.009824567105528693
2024-02-14,21840.05078125,21870.849609375,21530.19921875,21578.150390625,359100,0.004451992284961959,0.009749176944674861,0.009824089199743289
2024-02-15,21910.75,21953.849609375,21794.80078125,21906.55078125,345400,0.0032371361888359207,0.009547025751358717,0.009803031447965549
2024-02-16,22040.69921875,22068.650390625,21968.94921875,22020.30078125,343900,0.005930843022260657,0.009623001951621503,0.009780560786278415
2024-02-19,22122.25,22186.650390625,22021.05078125,22103.44921875,0,0.0037000088082788096,0.008358485088217972,0.009640852222339796
2024-02-20,22196.94921875,22215.599609375,22045.849609375,22099.19921875,295700,0.0033766555730090353,0.00824178780727486,0.009487290214227052
2024-02-21,22055.05078125,22249.400390625,21997.94921875,22248.849609375,364500,-0.006392700010330099,0.008306420799872542,0.00934097489203871
2024-02-22,22217.44921875,22252.5,21875.25,22081.55078125,343500,0.0073633218581414805,0.007212359252542991,0.009082308742865182
2024-02-23,22212.69921875,22297.5,22186.099609375,22290.0,226000,-0.0002137959201901074,0.00699154488465704,0.008800273042582981
2024-02-26,22122.05078125,22202.150390625,22075.150390625,22169.19921875,207800,-0.004080928508836235,0.006963444499478814,0.008501916232916426
2024-02-27,22198.349609375,22218.25,22085.650390625,22090.19921875,252200,0.003448994348646428,0.005900575244159972,0.008089382222385927
2024-02-28,21951.150390625,22229.150390625,21915.849609375,22214.099609375,203000,-0.011135927809948543,0.006018618559264768,0.0077163263838449184
2024-02-29,21982.80078125,22060.55078125,21860.650390625,21935.19921875,360200,0.0014418556686905948,0.00569806306537211,0.007331430115246257
2024-03-01,22338.75,22353.30078125,22047.75,22048.30078125,351500,0.016192168700068565,0.006614894921646808,0.007030619412248787
2024-03-04,22405.599609375,22440.900390625,22358.30078125,22403.5,298800,0.0029925402887358565,0.006493044214580658,0.006844075324885056
2024-03-05,22356.30078125,22416.900390625,22269.150390625,22371.25,296200,-0.00220029050703785,0.0064422167517618235,0.0066641182193337535
2024-03-06,22474.05078125,22497.19921875,22224.349609375,22327.5,312300,0.005266971542034149,0.006364746906268201,0.006469950829973319
2024-03-07,22493.55078125,22525.650390625,22430.0,22505.30078125,379900,0.0008676673462120199,0.006359936322185977,0.006384708536937617
2024-03-11,22332.650390625,22526.599609375,22307.25,22517.5,277900,-0.007153178801771132,0.006163078168640979,0.00630186186533601
2024-03-12,22335.69921875,22452.55078125,22256.0,22334.44921875,299200,0.0001365188668460693,0.006156774558273793,0.006221194871215509
2024-03-13,21997.69921875,22446.75,21905.650390625,22432.19921875,493300,-0.015132725270416536,0.006871051679964726,0.006318242514795985
2024-03-14,22146.650390625,22204.599609375,21917.5,21982.55078125,426700,0.006771215952804832,0.006906132332411497,0.006406993892110658
2024-03-15,22023.349609375,22120.900390625,21931.69921875,22064.849609375,661500,-0.005567468627318717,0.00699390489106355,0.006536578074679801
2024-03-18,22055.69921875,22123.69921875,21916.55078125,21990.099609375,356300,0.0014688778023679294,0.006968909428953047,0.006571979525410425
2024-03-19,21817.44921875,21978.30078125,21793.099609375,21946.44921875,344200,-0.010802196640288697,0.007248369794119305,0.006647512083364291
2024-03-20,21839.099609375,21930.900390625,21710.19921875,21843.900390625,312400,0.0009923428906801757,0.00719455960785722,0.00672274636897383
2024-03-21,22011.94921875,22080.94921875,21941.30078125,21989.900390625,353200,0.0079146856998078,0.007385240339845316,0.006824795712331541
2024-03-22,22096.75,22180.69921875,21883.30078125,21932.19921875,388700,0.0038524885010076115,0.0073056296746944254,0.006919365047582386
2024-03-26,22004.69921875,22073.19921875,21947.55078125,21947.900390625,328400,-0.00416580634029895,0.0071655809437184805,0.007019615325090137
2024-03-27,22123.650390625,22193.599609375,22052.849609375,22053.94921875,409100,0.005405716783151604,0.007278244166018292,0.007131762285864586
2024-03-28,22326.900390625,22516.0,22163.599609375,22163.599609375,410500,0.009187001078543977,0.007494086238875159,0.007194065741755629
2024-04-01,22462.0,22529.94921875,22427.75,22455.0,0,0.006050979178091831,0.0075670305899355325,0.007260155567508033
2024-04-02,22453.30078125,22497.599609375,22388.150390625,22458.80078125,289500,-0.0003872860275131451,0.007082237913827547,0.007268988869784432
2024-04-03,22434.650390625,22521.099609375,22346.5,22385.69921875,309600,-0.0008306302403686683,0.007094129170815317,0.00728151084397066
2024-04-04,22514.650390625,22619.0,22303.80078125,22592.099609375,401000,0.003565912488363576,0.006223162018445917,0.007178990066403321
2024-04-05,22513.69921875,22537.599609375,22427.599609375,22486.400390625,242200,-4.224679746289706e-05,0.006194927314151905,0.007079026837032788
2024-04-08,22666.30078125,22697.30078125,22550.349609375,22578.349609375,227600,0.006778164752814453,0.0063259813364155495,0.006973100936689814
2024-04-09,22642.75,22768.400390625,22612.25,22765.099609375,232400,-0.0010390218270411866,0.006246279178233485,0.006867165887043718
2024-04-10,22753.80078125,22775.69921875,22673.69921875,22720.25,276800,0.0049044741142307835,0.006323839928707064,0.0067829917855425775
2024-04-12,22519.400390625,22726.44921875,22503.75,22677.400390625,357200,-0.010301592814249916,0.006549322097449111,0.006710099578685659
2024-04-15,22272.5,22427.44921875,22259.55078125,22339.05078125,355500,-0.010963897188301042,0.00700518917708658,0.006661209872506802
2024-04-16,22147.900390625,22213.75,22079.44921875,22125.30078125,317300,-0.005594325260972033,0.006251179078369622,0.006529624721350209
2024-04-18,21995.849609375,22326.5,21961.69921875,22212.349609375,456900,-0.0068652458503182245,0.006258272314248664,0.006447228161392321
2024-04-19,22147.0,22179.55078125,21777.650390625,21861.5,362500,0.0068717686886063944,0.00632378024583804,0.006370193268894593
2024-04-22,22336.400390625,22375.650390625,22198.150390625,22336.900390625,279300,0.008551965982977361,0.006573985887645627,0.006405275655814564
2024-04-23,22368.0,22447.55078125,22349.44921875,22447.05078125,231500,0.0014147135985376202,0.006030464029321035,0.006388829327331478
2024-04-24,22402.400390625,22476.44921875,22384.0,22421.55078125,235900,0.0015379287654238016,0.006030678335136005,0.006359299027203525
2024-04-25,22570.349609375,22625.94921875,22305.25,22316.900390625,475000,0.0074969296067168845,0.00600817494531632,0.006335488603911807
2024-04-26,22419.94921875,22620.400390625,22385.55078125,22620.400390625,329900,-0.006663626980883297,0.006211789077160693,0.006324283518757171
2024-04-29,22643.400390625,22655.80078125,22441.900390625,22475.55078125,292000,0.00996662256880243,0.006419208595165504,0.006311272168528809
2024-04-30,22604.849609375,22783.349609375,22568.400390625,22679.650390625,361900,-0.00170251731563964,0.006383798957158951,0.006249133146536046
2024-05-02,22648.19921875,22710.5,22567.849609375,22567.849609375,445900,0.0019177127972140884,0.006111484003783186,0.006235163639077402
2024-05-03,22475.849609375,22794.69921875,22348.05078125,22766.349609375,438100,-0.007609859296553445,0.006238973092365879,0.006233233716889124
2024-05-06,22442.69921875,22588.80078125,22409.44921875,22561.599609375,320300,-0.0014749338156797576,0.006247275458783383,0.006225583238183658
2024-05-07,22302.5,22499.05078125,22232.05078125,22489.75,297800,-0.006246985595782073,0.00639321810055429,0.006207506459474524
2024-05-08,22302.5,22368.650390625,22185.19921875,22231.19921875,277400,0.0,0.006333546837443933,0.006237814740286814
2024-05-09,21957.5,22307.75,21932.400390625,22224.80078125,331300,-0.01546911781190452,0.0071306322720135,0.006347810133974565
2024-05-10,22055.19921875,22131.30078125,21950.30078125,21990.94921875,265800,0.0044494691449390444,0.00701812926760664,0.0064488055662035955
2024-05-13,22104.05078125,22131.650390625,21821.05078125,22027.94921875,278200,0.0022149680905385605,0.007059449520450949,0.006533571610532621
2024-05-14,22217.849609375,22270.05078125,22081.25,22112.900390625,230200,0.005148324587705533,0.007070050854340258,0.006598655836450097
2024-05-15,22200.55078125,22297.55078125,22151.75,22255.599609375,231900,-0.0007786004689536163,0.006749181400866149,0.006635194080820817
2024-05-16,22403.849609375,22432.25,22054.55078125,22319.19921875,368900,0.009157377676264788,0.006640191340476057,0.0066880648144901035
2024-05-17,22466.099609375,22502.150390625,22345.650390625,22415.25,242700,0.0027785403439750667,0.006518767476323465,0.006716044252885862
2024-05-21,22529.05078125,22591.099609375,22404.55078125,22404.55078125,347600,0.002802051667603722,0.006295340148184055,0.00672085072182593
2024-05-22,22597.80078125,22629.5,22483.150390625,22576.599609375,290300,0.0030516154749500313,0.00617610767919444,0.006699139679689945
2024-05-23,22967.650390625,22993.599609375,22577.44921875,22614.099609375,369800,0.01636661960848307,0.0068535367784173275,0.006751138673787284
2024-05-24,22957.099609375,23026.400390625,22908.0,22930.75,261900,-0.0004593757337192361,0.006864848952964568,0.0067245603418823905
2024-05-27,22932.44921875,23110.80078125,22871.19921875,23038.94921875,260000,-0.0010737589261899938,0.00688321567434816,0.006711068982556542
2024-05-28,22888.150390625,22998.55078125,22858.5,22977.150390625,217900,-0.0019317094176221072,0.00675389945797335,0.006680513976308783
2024-05-29,22704.69921875,22825.5,22685.44921875,22762.75,269900,-0.008015115627261094,0.006833422699255973,0.006656851160800355
2024-05-30,22488.650390625,22705.75,22417.0,22617.44921875,373400,-0.009515599658179275,0.006824011086254939,0.006664334129339233
2024-05-31,22530.69921875,22653.75,22465.099609375,22568.099609375,572100,0.0018697799732139142,0.006831934861476129,0.00668350848143924
2024-06-03,23263.900390625,23338.69921875,23062.30078125,23337.900390625,569400,0.03254231769535276,0.009880263137942578,0.007019658047601152
2024-06-04,21884.5,23179.5,21281.44921875,23179.5,1006100,-0.05929359941641077,0.01646189686186394,0.008036313718969141
2024-06-05,22620.349609375,22670.400390625,21791.94921875,22128.349609375,638500,0.033624236760035675,0.018123808133232583,0.009231083764372955
2024-06-06,22821.400390625,22910.150390625,22642.599609375,22798.599609375,480400,0.008888049244237806,0.018141579334909484,0.01035988802002217
2024-06-07,23290.150390625,23320.19921875,22789.05078125,22821.849609375,473600,0.020539931466807104,0.018617973504096816,0.011535200475135395
2024-06-10,23259.19921875,23411.900390625,23227.150390625,23319.150390625,304400,-0.0013289382574128705,0.018196669224001063,0.012666545830100684
2024-06-11,23264.849609375,23389.44921875,23206.650390625,23283.75,305200,0.0002429314342191624,0.01820198708561886,0.013811354592865236
2024-06-12,23322.94921875,23441.94921875,23295.94921875,23344.44921875,295600,0.002497312914139238,0.018201710373382272,0.014948183360277867
2024-06-13,23398.900390625,23481.05078125,23353.900390625,23480.94921875,268300,0.0032564994745150067,0.018193768826376553,0.01608515913429003
2024-06-14,23465.599609375,23490.400390625,23334.25,23464.94921875,223100,0.0028505279152657437,0.018177005595021677,0.017219666207644584
2024-06-18,23557.900390625,23579.05078125,23499.69921875,23570.80078125,272200,0.003933450786960613,0.01812134699172105,0.01804377459302243
2024-06-19,23516.0,23664.0,23412.900390625,23629.849609375,328800,-0.0017786131162043084,0.018145788692427223,0.01821216377607876
2024-06-20,23567.0,23624.0,23442.599609375,23586.150390625,280300,0.0021687361796223215,0.01814550272081109,0.018214333234836608
2024-06-21,23501.099609375,23667.099609375,23398.19921875,23661.150390625,609900,-0.00279629951309035,0.018178338201261537,0.018218009121471812
2024-06-24,23537.849609375,23558.099609375,23350.0,23382.30078125,239400,0.00156375661610908,0.01787907117841925,0.018144118888904055
2024-06-25,23721.30078125,23754.150390625,23562.05078125,23577.099609375,298100,0.007793879853915442,0.01792857261693035,0.018117309228196987
2024-06-26,23868.80078125,23889.900390625,23670.44921875,23723.099609375,287800,0.006218040121837909,0.017942445175820124,0.018091355037217115
2024-06-27,24044.5,24087.44921875,23805.400390625,23881.55078125,515200,0.007361040898544724,0.017953579503239024,0.01806654195020279
2024-06-28,24010.599609375,24174.0,23985.80078125,24085.900390625,354800,-0.0014099020825968367,0.017817386876198004,0.018028903755184934
2024-07-01,24141.94921875,24164.0,23992.69921875,23992.94921875,0,0.005470484349075377,0.017597355447495928,0.017970938740432357
2024-07-02,24123.849609375,24236.349609375,24056.400390625,24228.75,0,-0.0007497161563467802,0.017619012637301756,0.017920705304990427
2024-07-03,24286.5,24309.150390625,24207.099609375,24291.75,0,0.006742306607722792,0.01633901509785815,0.01774002794553352
2024-07-04,24302.150390625,24401.0,24281.0,24369.94921875,251200,0.0006444070008029268,0.00834106654643322,0.016759584328095732
2024-07-05,24323.849609375,24363.0,24168.849609375,24213.349609375,298400,0.0008928929498506211,0.0051973801726929655,0.015461488525238879
2024-07-08,24320.55078125,24344.599609375,24240.55078125,24329.44921875,266300,-0.00013562113637344275,0.005099683283089793,0.014183549735705934
2024-07-09,24433.19921875,24443.599609375,24331.900390625,24351.0,250500,0.004631820986013446,0.0031982694959634115,0.012710519423609238
2024-07-10,24324.44921875,24461.05078125,24141.80078125,24459.849609375,292300,-0.004450911197766749,0.0034383960734743015,0.011260114513374655
2024-07-11,24315.94921875,24402.650390625,24193.75,24396.55078125,306400,-0.0003494426502141934,0.0034571194164169966,0.009810468504692452
2024-07-12,24502.150390625,24592.19921875,24331.150390625,24387.94921875,325800,0.007657573644356042,0.0036631209207256907,0.008395041909145222
2024-07-15,24586.69921875,24635.05078125,24522.75,24587.599609375,305400,0.003450669707641296,0.0036657467531018657,0.007001881039705815
2024-07-16,24613.0,24661.25,24587.650390625,24615.900390625,283200,0.0010697158254551198,0.0036745916189526704,0.005607438937870906
2024-07-18,24800.849609375,24837.75,24504.44921875,24543.80078125,350900,0.007632129743428306,0.0038424954263572685,0.004357786970720819
2024-07-19,24530.900390625,24854.80078125,24508.150390625,24853.80078125,343800,-0.010884676251089243,0.0047509615433295165,0.0039987764704104475
2024-07-22,24509.25,24595.19921875,24362.30078125,24445.75,324200,-0.0008825762723847497,0.004792814925627112,0.0039583199457038625
2024-07-23,24479.05078125,24582.55078125,24074.19921875,24568.900390625,436400,-0.0012321559717249908,0.004728235860239595,0.003921175203418843
2024-07-24,24413.5,24504.25,24307.25,24444.94921875,366600,-0.002677831825905974,0.004835126838766664,0.004084860937699168
2024-07-25,24406.099609375,24426.150390625,24210.80078125,24230.94921875,391800,-0.0003031269840456652,0.004648474950873927,0.004205868825439131
2024-07-26,24834.849609375,24861.150390625,24410.900390625,24423.349609375,383800,0.01756732976027453,0.005766123845512324,0.004436769268348663
2024-07-29,24836.099609375,24999.75,24774.599609375,24943.30078125,355000,5.03324972633834e-05,0.00563966960061284,0.004634424136337379
2024-07-30,24857.30078125,24971.75,24798.650390625,24839.400390625,385000,0.0008536433743000504,0.005601596967448318,0.004828009157772024
2024-07-31,24951.150390625,24984.599609375,24856.5,24886.69921875,333600,0.00377553501085659,0.00555607245125727,0.005016157241002484
2024-08-01,25010.900390625,25078.30078125,24956.400390625,25030.94921875,431300,0.0023946791656728195,0.0055323028750946385,0.00518513798587622
2024-08-02,24717.69921875,24851.900390625,24686.849609375,24789.0,345000,-0.011722935491954689,0.006131698536241147,0.005323211685167383
2024-08-05,24055.599609375,24350.05078125,23893.69921875,24302.849609375,487000,-0.02678645789462286,0.008602901906507612,0.005704220383255433
2024-08-06,23992.55078125,24382.599609375,23960.400390625,24189.849609375,312300,-0.0026209626510589334,0.008609646848292343,0.0060923614820607075
2024-08-07,24297.5,24337.69921875,24184.900390625,24289.400390625,317600,0.012710162480444431,0.009088596600406939,0.006517708458224736
2024-08-08,24117.0,24340.5,24079.69921875,24248.55078125,311900,-0.007428747813561065,0.009161666896422324,0.006969027652779574
2024-08-09,24367.5,24419.75,24311.19921875,24386.849609375,215100,0.010386864037815746,0.009416805244569651,0.007334095792685308
2024-08-12,24347.0,24472.80078125,24212.099609375,24320.05078125,279900,-0.0008412844977941925,0.00941866003517008,0.007711994836141031
2024-08-13,24139.0,24359.94921875,24116.5,24342.349609375,239700,-0.008543146999630324,0.009432435227106524,0.008095078662106852
2024-08-14,24143.75,24196.5,24099.69921875,24184.400390625,303300,0.00019677699987563635,0.009388012045574688,0.008478272621538593
2024-08-16,24541.150390625,24563.900390625,24204.5,24334.849609375,271600,0.016459762490292462,0.010115665183937847,0.008936608852422914
2024-08-19,24572.650390625,24638.80078125,24522.94921875,24636.349609375,243600,0.0012835584110202358,0.009967110210271954,0.009320150019825996
2024-08-20,24698.849609375,24734.30078125,24607.19921875,24648.900390625,238300,0.005135759339910173,0.009734280097621078,0.009433287838937342
2024-08-21,24770.19921875,24787.94921875,24654.5,24680.55078125,257100,0.0028887826964991703,0.009744794371944566,0.009546802591302566
2024-08-22,24811.5,24867.349609375,24784.44921875,24863.400390625,220300,0.001667357653657442,0.009738822746885136,0.009611825205950384
2024-08-23,24823.150390625,24858.400390625,24771.650390625,24845.400390625,206800,0.00046955607782672715,0.009708607345193278,0.00966651925082748
2024-08-26,25010.599609375,25043.80078125,24874.69921875,24906.099609375,210300,0.007551387144671073,0.00981319051097528,0.009706157777468043
2024-08-27,25017.75,25073.099609375,24973.650390625,25024.80078125,223300,0.0002858944102370753,0.009069473589022986,0.009671239132853334
2024-08-28,25052.349609375,25129.599609375,24964.650390625,25030.80078125,220400,0.0013830024432652799,0.009071648450444758,0.009635160455187157
2024-08-29,25151.94921875,25192.900390625,24998.5,25035.30078125,354000,0.00397565940632294,0.009104077909148724,0.009606767041544562
2024-08-30,25235.900390625,25268.349609375,25199.400390625,25249.69921875,638200,0.003337760073577778,0.009096943874398078,0.009504894910590585
2024-09-02,25278.69921875,25333.650390625,25235.5,25333.599609375,222800,0.001695950113232314,0.009091251345836323,0.00941730902414702
2024-09-03,25279.849609375,25321.69921875,25235.80078125,25313.400390625,212100,4.550829989491412e-05,0.008649059823990089,0.009308786996783922
2024-09-04,25198.69921875,25216.0,25083.80078125,25089.94921875,253800,-0.0032100820170585243,0.005959170645887807,0.008930224624178246
2024-09-05,25145.099609375,25275.44921875,25127.75,25250.5,222200,-0.0021270784221717465,0.005940012612875401,0.008550343610777273
2024-09-06,24852.150390625,25168.75,24801.30078125,25093.69921875,311700,-0.011650350298901935,0.006170053660475989,0.008196488242305542
2024-09-09,24936.400390625,24957.5,24753.150390625,24823.400390625,254400,0.003390048695012693,0.005867127339980639,0.007801881925206079
2024-09-10,25041.099609375,25130.5,24896.80078125,24999.400390625,251300,0.0041986500501236534,0.0055510864740245264,0.007450043213706232
2024-09-11,24918.44921875,25113.69921875,24885.150390625,25034.0,279200,-0.004897963449619458,0.005698467363199585,0.007112725104981716
2024-09-12,25388.900390625,25433.349609375,24941.44921875,25059.650390625,380100,0.01887963282727112,0.006463841544067419,0.006848701468473587
2024-09-13,25356.5,25430.5,25292.44921875,25430.44921875,250800,-0.0012761636040355961,0.0064971536930419765,0.006588722450337976
2024-09-16,25383.75,25445.69921875,25336.19921875,25406.650390625,168700,0.0010746751326089488,0.00563795133982717,0.00624339244973706
2024-09-17,25418.55078125,25441.650390625,25352.25,25416.900390625,216000,0.0013709866056039743,0.005637719742785638,0.005942258441616615
2024-09-18,25377.55078125,25482.19921875,25285.55078125,25402.400390625,215700,-0.0016129951842196455,0.005620094017862618,0.005908350778814096
2024-09-19,25415.80078125,25611.94921875,25376.05078125,25487.05078125,314500,0.0015072376499098983,0.005608722728295962,0.005875221790356152
2024-09-20,25790.94921875,25849.25,25426.599609375,25525.94921875,533100,0.014760441377741573,0.006338724437664206,0.005892088868074974
2024-09-23,25939.05078125,25956.0,25847.349609375,25872.55078125,209200,0.005742385099666292,0.006384974988996483,0.005943873632976558
2024-09-24,25940.400390625,26011.55078125,25886.849609375,25921.44921875,384100,5.2030021699067674e-05,0.006274505505235535,0.006016215536097659
2024-09-25,26004.150390625,26032.80078125,25871.349609375,25899.44921875,278500,0.0024575565157058943,0.006266915505270266,0.006073060350304728
2024-09-26,26216.05078125,26250.900390625,25998.400390625,26005.400390625,370900,0.008148714241454025,0.006413273240046651,0.00606800351990265
2024-09-27,26178.94921875,26277.349609375,26151.400390625,26248.25,490300,-0.0014152231703233875,0.006445778593116862,0.00606286600991014
2024-09-30,25810.849609375,26134.69921875,25794.099609375,26061.30078125,343100,-0.014060900852023384,0.007314973893423093,0.006230568265269731
2024-10-01,25796.900390625,25907.599609375,25739.19921875,25788.44921875,247400,-0.0005404401234794243,0.007322120070726252,0.0063990082980637936
2024-10-03,25250.099609375,25639.44921875,25230.30078125,25452.849609375,423400,-0.021196375260987388,0.008781286608300555,0.006715127557107586
2024-10-04,25014.599609375,25485.05078125,24966.80078125,25181.900390625,374900,-0.009326695880144675,0.008991342776148447,0.007053389561892835
2024-10-07,24795.75,25143.0,24694.349609375,25084.099609375,374300,-0.008748875168602677,0.00917251947399975,0.00733676906552639
2024-10-08,25013.150390625,25044.0,24756.80078125,24832.19921875,333200,0.00876764730346924,0.00902648834354248,0.00760092040098099
2024-10-09,24981.94921875,25234.05078125,24947.69921875,25065.80078125,290600,-0.0012473907279866303,0.009005004464180283,0.007873970296875464
2024-10-10,24998.44921875,25134.05078125,24979.400390625,25067.05078125,261400,0.0006604768849507447,0.008957963252981866,0.008143075071646624
2024-10-11,24964.25,25028.650390625,24920.05078125,24985.30078125,210500,-0.0013680536120755926,0.008895204528772065,0.008391268200519164
2024-10-14,25127.94921875,25159.75,25017.5,25023.44921875,206400,0.006557345754428789,0.00795269131028432,0.00854195947223591
2024-10-15,25057.349609375,25212.05078125,25008.150390625,25186.30078125,257200,-0.0028096049048969007,0.00796757057948159,0.008607219140841761
2024-10-16,24971.30078125,25093.400390625,24908.44921875,25008.55078125,226800,-0.0034340754096676696,0.007982770739508675,0.008673284207720003
2024-10-17,24749.849609375,25029.5,24728.900390625,25027.400390625,252800,-0.008868227322834543,0.00815757620406555,0.008610913167296503
2024-10-18,24854.05078125,24886.19921875,24567.650390625,24664.94921875,290900,0.004210173941240125,0.008242680076936145,0.008536046897375273
2024-10-21,24781.099609375,24978.30078125,24679.599609375,24956.150390625,242000,-0.00293518237799828,0.008233204907508444,0.008442115440726141
2024-10-22,24472.099609375,24882.0,24445.80078125,24798.650390625,279500,-0.012469180337869368,0.007727339689799702,0.008312200575351864
2024-10-23,24435.5,24604.25,24378.099609375,24378.150390625,284600,-0.001495564743491773,0.0075009297661794445,0.00816179310555178
2024-10-24,24399.400390625,24480.650390625,24341.19921875,24412.69921875,216700,-0.0014773427748562273,0.007479120185654481,0.008013908798819042
2024-10-25,24180.80078125,24440.25,24073.900390625,24418.05078125,372600,-0.008959220549493163,0.007486268961650706,0.007873015242106906
2024-10-28,24339.150390625,24492.599609375,24134.900390625,24251.099609375,278600,0.0065485676346082045,0.007369772975505698,0.007814723408629045
2024-10-29,24466.849609375,24484.5,24140.849609375,24328.849609375,332000,0.0052466588480091225,0.007603893961539325,0.007778355746834817
2024-10-30,24340.849609375,24498.19921875,24307.30078125,24371.44921875,285200,-0.005149825253829232,0.007204963835786014,0.007700575056462551
2024-10-31,24205.349609375,24372.44921875,24172.599609375,24349.849609375,287000,-0.005566773640794054,0.007210903446312522,0.007605907780687249
2024-11-01,24304.349609375,24368.25,24280.19921875,24302.75,38800,0.004090004961616156,0.006036568348140141,0.007385296607807647
2024-11-04,23995.349609375,24316.75,23816.150390625,24315.75,285500,-0.0127137736646451,0.006287782492727009,0.007190754366329505
2024-11-05,24213.30078125,24229.05078125,23842.75,23916.5,289500,0.00908305881860727,0.006524746945954732,0.007070495091945008
2024-11-06,24484.05078125,24537.599609375,24204.05078125,24308.75,351100,0.011181870759630508,0.006725681160451287,0.006992970231372192
2024-11-07,24199.349609375,24503.349609375,24179.05078125,24489.599609375,322200,-0.011628025706147627,0.007115269300044408,0.006956585142811183
2024-11-08,24148.19921875,24276.150390625,24066.650390625,24207.69921875,298700,-0.002113709312467793,0.007099075140706827,0.006917865760716796
2024-11-11,24141.30078125,24336.80078125,24004.599609375,24087.25,273400,-0.00028567088740283353,0.007104941135793925,0.00689138257674562
2024-11-12,23883.44921875,24242.0,23839.150390625,24225.80078125,255800,-0.010680930776533315,0.007114697204157268,0.006842462901007413
2024-11-13,23559.05078125,23873.599609375,23509.599609375,23822.44921875,304600,-0.013582562322921432,0.007523002975082108,0.006874266814937023
2024-11-14,23532.69921875,23675.900390625,23484.150390625,23542.150390625,257700,-0.0011185324376894457,0.007531820954294055,0.006906358565735175
2024-11-18,23453.80078125,23606.80078125,23350.400390625,23605.30078125,263300,-0.0033527151631265184,0.007404522945209475,0.00704315402544211
2024-11-19,23518.5,23780.650390625,23464.80078125,23529.55078125,297500,0.002758581406631766,0.00734497332763048,0.007148873108932456
2024-11-21,23349.900390625,23507.30078125,23263.150390625,23488.44921875,420300,-0.007168807933116472,0.007412397204676565,0.00723763813480464
2024-11-22,23907.25,23956.099609375,23359.0,23411.80078125,367600,0.023869464111237804,0.009093804525691094,0.00747445047132862
2024-11-25,24221.900390625,24351.55078125,24135.44921875,24253.55078125,687200,0.013161295867362366,0.009607621350887509,0.007723685676412931
2024-11-26,24194.5,24343.30078125,24125.400390625,24343.30078125,230700,-0.0011312238174179257,0.009605931040336965,0.007974371266375945
2024-11-27,24274.900390625,24354.55078125,24145.650390625,24204.80078125,295000,0.003323085437806128,0.009428301387341648,0.008206707291530717
2024-11-28,23914.150390625,24345.75,23873.349609375,24274.150390625,366700,-0.014861029054492936,0.009858302983599132,0.008481067869474902
2024-11-29,24131.099609375,24188.44921875,23927.150390625,23927.150390625,282100,0.009072001940535257,0.010009649895652265,0.008729732561531919
2024-12-02,24276.05078125,24301.69921875,24008.650390625,24140.849609375,220400,0.006006820004948565,0.010052639993798655,0.00898181446548238
2024-12-03,24457.150390625,24481.349609375,24280.0,24367.5,339500,0.007460011144599932,0.01009888572739968,0.0092512507437014
2024-12-04,24467.44921875,24573.19921875,24366.30078125,24488.75,348000,0.00042109681465385407,0.010066108171870484,0.0095233642281254
2024-12-05,24708.400390625,24857.75,24295.55078125,24539.150390625,361500,0.009847825562885104,0.009800727400465182,0.009762197247704262
2024-12-06,24677.80078125,24751.05078125,24620.5,24729.44921875,226700,-0.0012384293961259507,0.009656063674919635,0.009818423162627116
2024-12-09,24619.0,24705.0,24580.05078125,24633.900390625,248100,-0.0023827399277279726,0.009387313428292462,0.00979639237036761
2024-12-10,24610.05078125,24677.80078125,24510.650390625,24652.650390625,261000,-0.0003635086213900074,0.008984630876251195,0.009734262353959033
2024-12-11,24641.80078125,24691.75,24583.849609375,24620.5,187300,0.0012901233029631864,0.00895934771458268,0.009687366986683137
2024-12-12,24548.69921875,24675.25,24527.94921875,24604.44921875,266100,-0.003778196379659149,0.009016679773960529,0.009603204665719277
2024-12-13,24768.30078125,24792.30078125,24180.80078125,24498.349609375,310100,0.008945547808588916,0.008777245380684565,0.009479964214222506
2024-12-16,24668.25,24781.25,24601.75,24753.400390625,187600,-0.004039468921733236,0.008168553796663931,0.009291555594509034
2024-12-17,24336.0,24624.099609375,24303.44921875,24584.80078125,264900,-0.013468730047733413,0.008838415299340836,0.00916550855170315
2024-12-18,24198.849609375,24394.44921875,24149.849609375,24297.94921875,235300,-0.005635699812006956,0.008916549529329642,0.009050552687449065
2024-12-19,23951.69921875,24004.900390625,23870.30078125,23877.150390625,271100,-0.010213311567061067,0.009269380625166003,0.008997418009919147
2024-12-20,23587.5,24065.80078125,23537.349609375,23960.69921875,442700,-0.01520556915080562,0.00977190301897228,0.009009001944324413
2024-12-23,23753.44921875,23869.55078125,23647.19921875,23738.19921875,189800,0.0070354729729729115,0.008348103813345872,0.008905080982829754
2024-12-24,23727.650390625,23867.650390625,23685.150390625,23769.099609375,177700,-0.0010861087115143775,0.007759839305891143,0.008782601825793749
2024-12-26,23750.19921875,23854.5,23653.599609375,23775.80078125,177700,0.0009503186263191132,0.007770728665267341,0.008663739920862213
2024-12-27,23813.400390625,23938.849609375,23800.599609375,23801.400390625,176800,0.002661079652128029,0.007754264003669396,0.008537498343833102
2024-12-30,23644.900390625,23915.349609375,23599.30078125,23796.900390625,364900,-0.007075847935867907,0.0072203926886328955,0.008381813074627934
2024-12-31,23644.80078125,23689.849609375,23460.44921875,23560.599609375,193600,-4.212721278373799e-06,0.006881585034211425,0.008253116198382685
2025-01-01,23742.900390625,23822.80078125,23562.80078125,23637.650390625,154900,0.004148887118253564,0.006799171683285687,0.008049191836777169
2025-01-02,24188.650390625,24226.69921875,23751.55078125,23783.0,283200,0.018774033191665485,0.007869904392790563,0.00794452732312326
2025-01-03,24004.75,24196.44921875,23976.0,24196.400390625,312300,-0.007602755327609123,0.008016563757489124,0.007819245636355573
2025-01-06,23616.05078125,24089.94921875,23551.900390625,24045.80078125,278100,-0.016192595996625703,0.00828402257534916,0.00767045759199326
2025-01-07,23707.900390625,23795.19921875,23637.80078125,23679.900390625,262300,0.0038892874268343647,0.008386191628462129,0.007674266373504886
2025-01-08,23688.94921875,23751.849609375,23496.150390625,23746.650390625,266400,-0.0007993610384197103,0.00838850656327495,0.007737133099243268
2025-01-09,23526.5,23689.5,23503.05078125,23674.75,269200,-0.006857594959147506,0.008452415437044612,0.007805301776420995
2025-01-10,23431.5,23596.599609375,23344.349609375,23551.900390625,261000,-0.004037999702463213,0.008425241873220598,0.007872399563376115
2025-01-13,23085.94921875,23340.94921875,23047.25,23195.400390625,316500,-0.014747275302477436,0.008846930179970238,0.008035053312509848
2025-01-14,23176.05078125,23264.94921875,23134.150390625,23165.900390625,311200,0.003902874499386977,0.008574021982692496,0.008204297007357956
2025-01-15,23213.19921875,23293.650390625,23146.44921875,23250.44921875,228000,0.0016028803979861728,0.008632110632818496,0.008387590902311236
2025-01-16,23311.80078125,23391.650390625,23272.05078125,23377.25,299400,0.004247650725383689,0.008405739289641312,0.008441174391996311
2025-01-17,23203.19921875,23292.099609375,23100.349609375,23277.099609375,272900,-0.004658651792672774,0.008387361309641546,0.008478254147211553
2025-01-20,23344.75,23391.099609375,23170.650390625,23290.400390625,301500,0.006100485537167577,0.008340583250695187,0.008483910214746156
2025-01-21,23024.650390625,23426.30078125,22976.849609375,23421.650390625,312900,-0.013711845677293555,0.008220571126661856,0.00846734816456613
2025-01-22,23155.349609375,23169.55078125,22981.30078125,23099.150390625,276000,0.0056764909144164655,0.00815829638462403,0.008444327146701036
2025-01-23,23205.349609375,23270.80078125,23090.650390625,23128.30078125,275600,0.0021593282262408753,0.008190876555275848,0.00841817325852416
2025-01-24,23092.19921875,23347.30078125,23050.0,23183.900390625,264300,-0.004876047658393667,0.00821916574279559,0.00839756564548166
2025-01-27,22829.150390625,23007.44921875,22786.900390625,22940.150390625,257400,-0.011391241935562957,0.008448958726779022,0.008357768500162538
2025-01-28,22957.25,23137.94921875,22857.650390625,22960.44921875,361900,0.005611229817278129,0.008519212071386811,0.00835228750903197
2025-01-29,23163.099609375,23183.349609375,22976.5,23026.75,226300,0.008966649288351114,0.008811030517603156,0.008370179497510436
2025-01-30,23249.5,23322.05078125,23139.19921875,23169.5,361900,0.003730087599762788,0.008799396437097838,0.008409545212256089
2025-01-31,23508.400390625,23546.80078125,23277.400390625,23296.75,304900,0.011135740150325812,0.0080704541413107,0.008377854495423004
2025-02-01,23482.150390625,23632.44921875,23318.30078125,23528.599609375,281000,-0.0011166221250199504,0.007941320954075138,0.008337928265761
2025-02-03,23361.05078125,23381.599609375,23222.0,23319.349609375,329700,-0.005157091976693451,0.007219224597838855,0.008237793612878698
2025-02-04,23739.25,23762.75,23423.150390625,23509.900390625,376700,0.016189306820631133,0.008044280409269309,0.008226392015343227
2025-02-05,23696.30078125,23807.30078125,23680.44921875,23801.75,267000,-0.001809207062143936,0.008052900117932976,0.008212594371608938
2025-02-06,23603.349609375,23773.55078125,23556.25,23761.94921875,307000,-0.003922602634608197,0.007951936577230123,0.008185871455052392
2025-02-07,23559.94921875,23694.5,23443.19921875,23649.5,368100,-0.0018387386257991967,0.007907893090771573,0.008131764891451648
2025-02-10,23381.599609375,23568.599609375,23316.30078125,23543.80078125,234200,-0.007570033692307909,0.0073617274806279396,0.008016016432375761
2025-02-11,23071.80078125,23390.05078125,22986.650390625,23383.55078125,268000,-0.013249684936046169,0.007911671606662148,0.00792608054128166
2025-02-12,23045.25,23144.69921875,22798.349609375,23050.80078125,279700,-0.0011507892904301098,0.007903375583165608,0.007836478455888437
2025-02-13,23031.400390625,23235.5,22992.19921875,23055.75,265700,-0.0006009745771905495,0.007833906818054528,0.00781282372356282
2025-02-14,22929.25,23133.69921875,22774.849609375,23096.44921875,254500,-0.004435266153706374,0.007828193975536846,0.00780151102570899
2025-02-17,22959.5,22974.19921875,22725.44921875,22809.900390625,207400,0.0013192755977626813,0.007693896143247673,0.007848978180249874
2025-02-18,22945.30078125,22992.5,22801.5,22963.650390625,210600,-0.0006184463402948426,0.007099750407728448,0.007754525180095786
2025-02-19,22932.900390625,23049.94921875,22814.849609375,22847.25,207000,-0.0005404326900405598,0.006973565441009817,0.007646591712403471
2025-02-20,22913.150390625,22923.849609375,22812.75,22821.099609375,240800,-0.0008612081186238907,0.006948453650798346,0.007546243419760293
2025-02-21,22795.900390625,22921.0,22720.30078125,22857.19921875,242800,-0.005117148798882476,0.006956101452563932,0.0074510642559395285
2025-02-24,22553.349609375,22668.05078125,22518.80078125,22609.349609375,214300,-0.010640105330068539,0.006899494663912956,0.00740484097426803
2025-02-25,22547.55078125,22625.30078125,22513.900390625,22516.44921875,250300,-0.00025711604818956513,0.006754536345816196,0.007289127448183436
2025-02-27,22545.05078125,22613.30078125,22508.400390625,22568.94921875,289200,-0.00011087678764998277,0.006375716572791022,0.007136361547145977
2025-02-28,22124.69921875,22450.349609375,22104.849609375,22433.400390625,551300,-0.018644959666695105,0.007301184416456878,0.007083089306986211
2025-03-03,22119.30078125,22261.55078125,22004.69921875,22194.55078125,282400,-0.00024400049223838316,0.006644290497593752,0.006964698959191902
2025-03-04,22082.650390625,22105.05078125,21964.599609375,21974.44921875,253300,-0.0016569416451024388,0.006638183889141792,0.006859127733781315
2025-03-05,22337.30078125,22394.900390625,22067.80078125,22073.05078125,305900,0.011531695069225467,0.007318652555179066,0.006881017948526376
2025-03-06,22544.69921875,22556.44921875,22245.849609375,22476.349609375,372100,0.009284847776867,0.006572728157969148,0.006840934220222308
2025-03-07,22552.5,22633.80078125,22464.75,22508.650390625,289800,0.00034601398645017767,0.006599757087251776,0.006806064563867652
2025-03-10,22460.30078125,22676.75,22429.05078125,22521.849609375,293900,-0.004088203913091726,0.006601850934108901,0.006770639512022149
2025-03-11,22497.900390625,22522.099609375,22314.69921875,22345.94921875,347900,0.0016740474556060647,0.00665944239901588,0.006746634285532441
2025-03-12,22470.5,22577.400390625,22329.55078125,22536.349609375,369700,-0.0012179087892316698,0.006545321441052514,0.006725712795056073
2025-03-13,22397.19921875,22558.05078125,22377.349609375,22541.5,287500,-0.003262089461738671,0.006018816433604599,0.006690022781137431
2025-03-17,22508.75,22577.0,22353.150390625,22353.150390625,251100,0.004980568336268254,0.006177857690508416,0.006577690108542584
2025-03-18,22834.30078125,22857.80078125,22599.19921875,22662.25,272600,0.01446329899483545,0.007051824012229407,0.00661844346000615
2025-03-19,22907.599609375,22940.69921875,22807.94921875,22874.94921875,324000,0.0032100316461272094,0.007029608537008312,0.006657585924792801
2025-03-20,23190.650390625,23216.69921875,22973.94921875,23036.599609375,313700,0.012356195589090069,0.007529658059624093,0.006678686475237304
2025-03-21,23350.400390625,23402.69921875,23132.80078125,23168.25,541000,0.0068885519512889015,0.007650920610920032,0.006786505720532393
2025-03-24,23658.349609375,23708.75,23433.5,23515.400390625,311900,0.013188177230298859,0.008098563716998419,0.006936386383507057
2025-03-25,23668.650390625,23869.599609375,23601.400390625,23751.5,338200,0.00043539728764163677,0.008084469167458627,0.00708464820684203
2025-03-26,23486.849609375,23736.5,23451.69921875,23700.94921875,278600,-0.007681079328545448,0.008209021890832769,0.007239606156023717
2025-03-27,23591.94921875,23646.44921875,23412.19921875,23433.94921875,510300,0.004474827877002596,0.007745026493196823,0.00735957666123815
2025-03-28,23519.349609375,23649.19921875,23450.19921875,23600.400390625,295400,-0.0030773044101545244,0.007813450804975596,0.007539040098375249
2025-04-01,23165.69921875,23565.150390625,23136.400390625,23341.099609375,314300,-0.015036571865236992,0.008652714984183048,0.007786525827742713
2025-04-02,23332.349609375,23350.0,23158.44921875,23192.599609375,341000,0.0071938424586863725,0.0074195549527316775,0.007823298921792938
2025-04-03,23250.099609375,23306.5,23145.80078125,23150.30078125,283200,-0.0035251486188494496,0.00751548709847788,0.007871886777939896
2025-04-04,22904.44921875,23214.69921875,22857.44921875,23190.400390625,466800,-0.014866619775066536,0.008375925227133086,0.007956513494690797
2025-04-07,22161.599609375,22254.0,21743.650390625,21758.400390625,647100,-0.03243254628305536,0.01092253341546767,0.00828367477514556
2025-04-08,22535.849609375,22697.19921875,22270.849609375,22446.75,468300,0.016887318902814252,0.011373435433703805,0.008611161946816099
2025-04-09,22399.150390625,22468.69921875,22353.25,22460.30078125,383800,-0.006065856008070525,0.011450707445957558,0.008947785774665993
2025-04-11,22828.55078125,22923.900390625,22695.400390625,22695.400390625,402200,0.019170387409190415,0.012164681884999291,0.009343351774082641
2025-04-15,23328.55078125,23368.349609375,23207.0,23368.349609375,388300,0.02190239778210845,0.01300539736568917,0.009869388861331877
2025-04-16,23437.19921875,23452.19921875,23273.05078125,23344.099609375,348400,0.004657316201027051,0.013000223007569322,0.01038806608159125
2025-04-17,23851.650390625,23872.349609375,23298.55078125,23401.849609375,505300,0.017683476937954135,0.013367486694904208,0.010859543252663365
2025-04-21,24125.55078125,24189.55078125,23903.650390625,23949.150390625,406100,0.011483498464016417,0.013488343991743887,0.011466422156564588
2025-04-22,24167.25,24242.599609375,24072.0,24185.400390625,440900,0.0017284255654137493,0.013250044687710075,0.012039877915487808
2025-04-23,24328.94921875,24359.30078125,24119.94921875,24357.599609375,415000,0.006690840652122221,0.013277315104333906,0.012530016903207888
2025-04-24,24246.69921875,24347.849609375,24216.150390625,24277.900390625,358800,-0.0033807460922566923,0.013163793143253815,0.012754142875986505
2025-04-25,24039.349609375,24365.44921875,23847.849609375,24289.0,387700,-0.00855166336268387,0.013319434545137574,0.01294874278712988
2025-04-28,24328.5,24355.099609375,24054.05078125,24070.25,320500,0.012028211882747275,0.01327072670394008,0.013130744712928133
2025-04-29,24335.94921875,24457.650390625,24290.75,24370.69921875,357600,0.0003061930965739812,0.013271233596121734,0.013241399884040378
2025-04-30,24334.19921875,24396.150390625,24198.75,24342.05078125,424500,-7.191007773188485e-05,0.013113579055157514,0.013252218052987211
2025-05-02,24346.69921875,24589.150390625,24238.5,24311.900390625,421100,0.0005136803511647248,0.013101230639053269,0.013262318816135607
2025-05-05,24461.150390625,24526.400390625,24400.650390625,24419.5,291500,0.004700890697612925,0.013072817221462371,0.013232851868791423
2025-05-06,24379.599609375,24509.650390625,24331.80078125,24500.75,302400,-0.0033338898599493128,0.012551399122678953,0.013139157381884928
2025-05-07,24414.400390625,24449.599609375,24220.0,24233.30078125,330100,0.0014274549954715887,0.01250681210209392,0.013064834123323312
2025-05-08,24273.80078125,24447.25,24150.19921875,24431.5,411400,-0.005758880297096702,0.012567608656194886,0.012993863478509412
2025-05-09,24008.0,24164.25,23935.75,23935.75,335600,-0.0109501096942064,0.012329586336450944,0.012910442797829125
2025-05-12,24924.69921875,24944.80078125,24378.849609375,24420.099609375,368700,0.038183073090219954,0.012003987014817804,0.012778898044797146
2025-05-13,24578.349609375,24973.80078125,24547.5,24864.05078125,423000,-0.01389583907654357,0.01243847255995627,0.012695672630398766
2025-05-14,24666.900390625,24767.55078125,24535.55078125,24613.80078125,345500,0.0036027960647213586,0.01221593931216623,0.012590143202003214
2025-05-15,25062.099609375,25116.25,24494.44921875,24694.44921875,500800,0.01602143814146184,0.012047250450734424,0.012483510341560906
2025-05-16,25019.80078125,25070.0,24953.05078125,25064.650390625,432700,-0.0016877607536591732,0.011429705537487497,0.01231635783140433
2025-05-19,24945.44921875,25062.94921875,24916.650390625,25005.349609375,255300,-0.0029717088137536374,0.011508707860834024,0.012159946895341495
2025-05-20,24683.900390625,25010.349609375,24669.69921875,24996.19921875,414800,-0.010484831354666824,0.011356757247694832,0.012040482707843083
2025-05-21,24813.44921875,24946.19921875,24685.349609375,24744.25,332700,0.00524831270888626,0.011167992643406063,0.011906600761974298
2025-05-22,24609.69921875,24737.5,24462.400390625,24733.94921875,403300,-0.008211272774042211,0.011362242619663877,0.011786064158321197
2025-05-23,24853.150390625,24909.05078125,24614.05078125,24639.5,270500,0.009892488718005854,0.011464497766334925,0.011699555301309594
2025-05-26,25001.150390625,25079.19921875,24900.5,24919.349609375,302800,0.005954979456279652,0.011463985239729859,0.0116455551238008
2025-05-27,24826.19921875,25062.900390625,24704.099609375,24956.650390625,525700,-0.0069977248703164685,0.011400550939082866,0.01154176296171346
2025-05-28,24752.44921875,24864.25,24737.05078125,24832.5,684400,-0.0029706520659956714,0.01118204197459608,0.011438373227956444
2025-05-29,24833.599609375,24892.599609375,24677.30078125,24825.099609375,345400,0.003278479228775888,0.01119319797073709,0.011352967979956712
2025-05-30,24750.69921875,24863.94921875,24717.400390625,24812.599609375,853900,-0.00333823496911434,0.011231805259095591,0.01133317795211752
2025-06-02,24716.599609375,24754.400390625,24526.150390625,24669.69921875,311100,-0.0013777230725331435,0.011242364982191602,0.011306543664253278
2025-06-03,24542.5,24845.099609375,24502.150390625,24786.30078125,349300,-0.007043833380258491,0.01132923519331305,0.011303791458815101
2025-06-04,24620.19921875,24644.25,24530.44921875,24560.44921875,280900,0.003165904807986175,0.01131611361085139,0.011318603555559633
2025-06-05,24750.900390625,24899.849609375,24613.099609375,24691.19921875,388400,0.005308696762106768,0.011363137462533092,0.011318693039846553
2025-06-06,25003.05078125,25029.5,24671.44921875,24748.69921875,335600,0.01018752395450262,0.011441587500063148,0.011316402013219377
2025-06-09,25103.19921875,25160.099609375,25077.150390625,25160.099609375,279200,0.004005448710087123,0.011089757211258055,0.011278979210372197
2025-06-10,25104.25,25199.30078125,25055.44921875,25196.05078125,307300,4.18584595869298e-05,0.007413015880279377,0.010880225704491849
2025-06-11,25141.400390625,25222.400390625,25081.30078125,25134.150390625,301200,0.0014798446727146697,0.006654235410823715,0.010427445048114612
2025-06-12,24888.19921875,25196.19921875,24825.900390625,25164.44921875,328300,-0.010071084662786611,0.00705410447199784,0.010013535698240686
2025-06-13,24718.599609375,24754.349609375,24473.0,24473.0,318700,-0.006814458847919758,0.006247539542363472,0.009515109126567474
2025-06-16,24946.5,24967.099609375,24703.599609375,24732.349609375,305800,0.00921979376770854,0.0065994382023873786,0.009050816448587053
2025-06-17,24853.400390625,24982.05078125,24813.69921875,24977.849609375,242400,-0.0037319707924959866,0.006617929573428495,0.008579685886598597
2025-06-18,24812.05078125,24947.55078125,24750.44921875,24788.349609375,237600,-0.0016637405234334324,0.006195999941853638,0.00806767451969882
2025-06-19,24793.25,24863.099609375,24733.400390625,24803.25,274600,-0.0007577278241026608,0.0060922154444305624,0.0075405823178885684
2025-06-20,25112.400390625,25136.19921875,24783.650390625,24787.650390625,574700,0.01287247095983779,0.006404294707300402,0.007036853038612292
2025-06-23,24971.900390625,25057.0,24824.849609375,24939.75,248500,-0.0055948454872697395,0.006215959956458503,0.006549473313132338
2025-06-24,25044.349609375,25317.69921875,24999.69921875,25179.900390625,450200,0.0029012296868362597,0.006110536458435794,0.0064192253709479796
2025-06-25,25244.75,25266.80078125,25125.05078125,25150.349609375,260600,0.008001820520425307,0.006116051071015022,0.00636540693696711
2025-06-26,25549.0,25565.30078125,25259.900390625,25268.94921875,428900,0.012052010814129765,0.006516660789015156,0.006311662568668842
2025-06-27,25637.80078125,25654.19921875,25523.55078125,25576.650390625,564000,0.003475704773181043,0.00651944879690296,0.0063388534941227915
2025-06-30,25517.05078125,25669.349609375,25473.30078125,25661.650390625,271000,-0.004709842354665206,0.0065773673889555195,0.006336646412779605
2025-07-01,25541.80078125,25593.400390625,25501.80078125,25551.349609375,260700,0.0009699396772837598,0.006546358076714236,0.006329489263108179
2025-07-02,25453.400390625,25608.099609375,25378.75,25588.30078125,309800,-0.0034610085397696055,0.006354081070522962,0.006345297375975112
2025-07-03,25405.30078125,25587.5,25384.349609375,25505.099609375,293400,-0.00188971251922454,0.006393645128245299,0.006375440344356585
2025-07-04,25461.0,25470.25,25331.650390625,25428.849609375,193500,0.0021924250859925998,0.006337114317660524,0.006368722305392598
2025-07-07,25461.30078125,25489.80078125,25407.25,25450.44921875,196100,1.1813410706551508e-05,0.006009506000238369,0.006348076909770584
2025-07-08,25522.5,25548.05078125,25424.150390625,25427.849609375,210400,0.0024036171315751087,0.005977966484855564,0.006334819912412561
2025-07-09,25476.099609375,25548.69921875,25424.349609375,25514.599609375,239100,-0.00181801902732881,0.00600357762875297,0.006323572568186356
2025-07-10,25355.25,25524.05078125,25340.44921875,25511.650390625,219600,-0.004743646446198069,0.006116608189990038,0.006283567308283844
2025-07-11,25149.849609375,25322.44921875,25129.0,25255.5,250000,-0.008100901810276007,0.005960752211990919,0.00622769764979264
2025-07-14,25082.30078125,25151.099609375,25001.94921875,25149.5,259500,-0.002685854157148504,0.005772019461990511,0.006147162857096139
2025-07-15,25195.80078125,25245.19921875,25088.44921875,25089.5,241300,0.004525103218794291,0.005511025630459229,0.0060436296124706385
2025-07-16,25212.05078125,25255.30078125,25121.05078125,25196.599609375,228800,0.0006449487413033861,0.005425550341614856,0.005950776539579828
2025-07-17,25111.44921875,25238.349609375,25101.0,25230.75,243400,-0.003990217351728331,0.0054994027776460435,0.005861352304519903
2025-07-18,24968.400390625,25144.599609375,24918.650390625,25108.55078125,317000,-0.0056965580472427835,0.005662900652576435,0.005793930938011493
2025-07-21,25090.69921875,25111.400390625,24882.30078125,24999.0,305200,0.004898144302865282,0.005011098091822332,0.00569409014716989
2025-07-22,25060.900390625,25182.0,25035.55078125,25166.650390625,483700,-0.0011876443882732346,0.004856248617705187,0.0055819183604548525
2025-07-23,25219.900390625,25233.5,25085.5,25139.349609375,271500,0.006344544590244583,0.005008445675076551,0.0054824051650872105
2025-07-24,25062.099609375,25246.25,25018.69921875,25243.30078125,338700,-0.006256994627491075,0.0048834264046453005,0.005359086986552736
2025-07-25,24837.0,25010.349609375,24806.349609375,25010.349609375,278100,-0.008981674037030651,0.004343053801394191,0.005197317145493064
2025-07-28,24680.900390625,24889.19921875,24646.599609375,24782.44921875,262100,-0.006284962329387578,0.004324612764588027,0.005052576475752815
2025-07-29,24821.099609375,24847.150390625,24598.599609375,24609.650390625,284700,0.005680474234370125,0.0045629555179182105,0.004957769464498714
2025-07-30,24855.05078125,24902.30078125,24771.94921875,24890.400390625,243900,0.001367835124523431,0.004573692282357424,0.00487258365857297
2025-07-31,24768.349609375,24956.5,24635.0,24642.25,346300,-0.0034882717656889994,0.004574344037083661,0.004780077784516732
2025-08-01,24565.349609375,24784.150390625,24535.05078125,24734.900390625,263400,-0.008195943742782208,0.004816387758090533,0.004695426495068142
2025-08-04,24722.75,24736.25,24554.0,24596.05078125,259300,0.006407415043054421,0.005063330891587723,0.004700649775044681
2025-08-05,24649.55078125,24733.099609375,24590.30078125,24720.25,251800,-0.0029608040671041946,0.005063793972204255,0.004721404310494588
2025-08-06,24574.19921875,24671.400390625,24539.19921875,24641.349609375,225100,-0.003056914228121266,0.004991412337718775,0.00471970097675881
2025-08-07,24596.150390625,24634.19921875,24344.150390625,24464.19921875,616700,0.0008932609229541644,0.005025586531327781,0.004733916989427058
2025-08-08,24363.30078125,24585.5,24337.5,24544.25,312600,-0.009466912735407229,0.005270214273717782,0.004826633036659417
2025-08-11,24585.05078125,24600.849609375,24347.44921875,24371.5,241100,0.009101804471857822,0.0055834348904243766,0.004952515249243053
2025-08-12,24487.400390625,24702.599609375,24465.650390625,24563.349609375,237000,-0.003971941790719136,0.005609083331023699,0.005057128030553601
2025-08-13,24619.349609375,24664.55078125,24535.25,24586.19921875,236000,0.005388453516712133,0.00565555642349172,0.0051653144446670305
2025-08-14,24631.30078125,24673.650390625,24596.900390625,24607.25,270200,0.00048543816407109475,0.005653221654198415,0.005273202206378506
2025-08-18,24876.94921875,25022.0,24852.849609375,24938.19921875,363100,0.009973019276634965,0.006099104016725949,0.005401473832242047
2025-08-19,24980.650390625,25012.650390625,24873.94921875,24891.349609375,252300,0.004168564680625764,0.006052837315645026,0.005500424474647778
2025-08-20,25050.55078125,25088.69921875,24929.69921875,24965.80078125,287100,0.0027981813736617234,0.005985549996840274,0.0055926000771113794
2025-08-21,25083.75,25153.650390625,25054.900390625,25142.0,226500,0.0013252889742787488,0.005986981131305282,0.00569215695647003
2025-08-22,24870.099609375,25084.849609375,24859.150390625,25064.150390625,210200,-0.008517482060098724,0.006084621719205583,0.00579806047525781
2025-08-25,24967.75,25021.55078125,24894.349609375,24949.150390625,213000,0.003926417350905487,0.0060206451522005835,0.0058731035631060914
2025-08-26,24712.05078125,24919.650390625,24689.599609375,24899.5,750500,-0.010241179872034878,0.006118374894197741,0.005926597563483427
2025-08-28,24500.900390625,24702.650390625,24481.599609375,24695.80078125,326600,-0.008544430103923584,0.006248796308425012,0.0059905688612235585
2025-08-29,24426.849609375,24572.44921875,24404.69921875,24466.69921875,325500,-0.0030223697933294824,0.0061174643515602934,0.006036759654030417
2025-09-01,24625.05078125,24635.599609375,24432.69921875,24432.69921875,229300,0.008114070174605414,0.006404334314724848,0.006111870920083059
2025-09-02,24579.599609375,24756.099609375,24522.349609375,24653.0,271600,-0.0018457290617897026,0.00637499004965233,0.006139459523375698
2025-09-03,24715.05078125,24737.05078125,24533.19921875,24616.5,340300,0.0055107151470170646,0.00623101737168335,0.0061572775289795295
2025-09-04,24734.30078125,24980.75,24708.19921875,24980.75,314100,0.0007788776228048189,0.006074619902540863,0.006166184519549589
2025-09-05,24741.0,24832.349609375,24621.599609375,24818.849609375,210100,0.00027084730671167456,0.006035612735741206,0.006171047679993181
2025-09-08,24773.150390625,24885.5,24751.55078125,24802.599609375,213200,0.0012994782193525012,0.005993016089405572,0.00616188711701318
2025-09-09,24868.599609375,24891.80078125,24814.0,24864.099609375,226900,0.003852930178235292,0.006039785848299179,0.006163801186623039
2025-09-10,24973.099609375,25035.69921875,24915.05078125,24991.0,244100,0.0042020862308871365,0.005629823647543109,0.006114946061957576
2025-09-11,25005.5,25037.30078125,24940.150390625,24945.5,224600,0.0012974116602184615,0.005331320766928717,0.006023198507807947
2025-09-12,25114.0,25139.44921875,25038.05078125,25074.44921875,225700,0.004339045410009845,0.005265779880076463,0.005938030060659563
2025-09-15,25069.19921875,25138.44921875,25048.75,25118.900390625,185400,-0.0017838966811339896,0.005214044796954844,0.0058190011088825625
2025-09-16,25239.099609375,25261.400390625,25070.44921875,25073.599609375,240100,0.006777256391098607,0.005368974203257129,0.005718399524243043
2025-09-17,25330.25,25346.5,25275.349609375,25276.599609375,268900,0.003611475529465391,0.0050155973154107315,0.005596857518615782
2025-09-18,25423.599609375,25448.94921875,25329.75,25441.05078125,272200,0.0036853015416349333,0.0050008038864191905,0.005489475917003614
2025-09-19,25327.05078125,25428.75,25286.30078125,25410.19921875,380400,-0.0037976065391384095,0.005078799671423934,0.005393794610571887
2025-09-22,25202.349609375,25331.69921875,25151.05078125,25238.099609375,254500,-0.004923635718664832,0.0052115203049093424,0.005315645032122264
2025-09-23,25169.5,25261.900390625,25084.650390625,25209.0,299200,-0.0013034343973540308,0.004829306374221141,0.00519459708471446
2025-09-24,25056.900390625,25149.849609375,25027.44921875,25108.75,244400,-0.00447365300760838,0.004885917258327684,0.005120206445792918
2025-09-25,24890.849609375,25092.69921875,24878.30078125,25034.5,342500,-0.006626948212322681,0.004552730837021371,0.005042347452802183
2025-09-26,24654.69921875,24868.599609375,24629.44921875,24818.55078125,291500,-0.009487437927231501,0.0046485223571649525,0.004980621700511032
2025-09-29,24634.900390625,24791.30078125,24606.19921875,24728.55078125,394400,-0.0008030448049409777,0.0045939214336416095,0.004918609364179709
2025-09-30,24611.099609375,24731.80078125,24587.69921875,24691.94921875,303000,-0.0009661407544825362,0.004247174845937729,0.004806429428447769
2025-10-01,24836.30078125,24867.94921875,24605.94921875,24620.55078125,308900,0.009150390492475902,0.004667651007544964,0.004771634797661192
2025-10-03,24894.25,24904.80078125,24747.55078125,24759.55078125,365900,0.0023332467769816567,0.004547226422235932,0.004726277051242866
2025-10-06,25077.650390625,25095.94921875,24881.650390625,24916.55078125,268800,0.007367178791287232,0.004798351227385662,0.004698232206839039
2025-10-07,25108.30078125,25220.900390625,25076.30078125,25085.30078125,288000,0.0012222193924698033,0.004798908554422323,0.004656971031790337
2025-10-08,25046.150390625,25192.5,25008.5,25079.75,227400,-0.0024752925801897474,0.004846302306254417,0.004658670624993665
2025-10-09,25181.80078125,25199.25,25024.30078125,25074.30078125,286300,0.005416017571936882,0.004911404267161647,0.004661219325877061
2025-10-10,25285.349609375,25330.75,25156.849609375,25167.650390625,232900,0.0041120501676790155,0.004908147813856745,0.004696761023560599
2025-10-13,25227.349609375,25267.30078125,25152.30078125,25177.30078125,234300,-0.0022938183927065925,0.004945179850341799,0.004726426772878283
2025-10-14,25145.5,25310.349609375,25060.55078125,25277.55078125,292100,-0.003244479132464395,0.004922470207564431,0.0047592816502705654
2025-10-15,25323.55078125,25365.150390625,25159.349609375,25181.94921875,289900,0.007080820872521931,0.005131106795413046,0.004847674845218097
2025-10-16,25585.30078125,25625.400390625,25376.849609375,25394.900390625,372800,0.010336228211479837,0.005400725485171258,0.004920982292980726
2025-10-17,25709.849609375,25781.5,25508.599609375,25546.849609375,422100,0.004867983737610659,0.005441830300153682,0.005010442680772501
2025-10-20,25843.150390625,25926.19921875,25788.5,25824.599609375,301100,0.005184813729964155,0.005492252843066807,0.005079832842340615
2025-10-21,25868.599609375,25934.349609375,25825.80078125,25901.19921875,42500,0.0009847568259027106,0.005390550083251567,0.00513899699522354
2025-10-23,25891.400390625,26104.19921875,25862.44921875,26057.19921875,448400,0.0008814076368377499,0.00521645188006121,0.005176011952604219
2025-10-24,25795.150390625,25944.150390625,25718.19921875,25935.099609375,284900,-0.0037174505259611745,0.005302538576627612,0.005215125383550815
2025-10-27,25966.05078125,26005.94921875,25827.0,25843.19921875,266300,0.006625291500029773,0.005263491764261231,0.005250659778591264
2025-10-28,25936.19921875,26041.69921875,25810.05078125,25939.94921875,395200,-0.001149638146805021,0.0049563666405985935,0.005251778457616944
2025-10-29,26053.900390625,26097.849609375,25960.30078125,25982.0,321900,0.0045381040946781415,0.004226065868966318,0.005182138023757133
2025-10-30,25877.849609375,26032.05078125,25845.25,25984.400390625,257400,-0.0067571756478100875,0.0046473802774508926,0.005133765371960917
2025-10-31,25722.099609375,25953.75,25711.19921875,25863.80078125,334400,-0.006018660837397216,0.004949017317554687,0.00508859455519926
2025-11-03,25763.349609375,25803.099609375,25645.5,25696.849609375,23300,0.0016036793506921665,0.0046793641478019635,0.005012347939964088
2025-11-04,25597.650390625,25787.400390625,25578.400390625,25744.75,305100,-0.006431586779760301,0.005004957048328347,0.004963618360490242
2025-11-06,25509.69921875,25679.150390625,25491.55078125,25593.349609375,371900,-0.0034359080045569534,0.004908712076204881,0.004915434559785574
2025-11-07,25492.30078125,25551.25,25318.44921875,25433.80078125,305600,-0.0006820322478444663,0.00491859006319219,0.0048856483780986715
2025-11-10,25574.349609375,25653.44921875,25503.5,25503.5,243600,0.0032185728871263475,0.00488965370897245,0.004844359891333155
2025-11-11,25694.94921875,25715.80078125,25449.25,25617.0,297700,0.0047156471705849246,0.004860368651291625,0.004804047580036194
2025-11-12,25875.80078125,25934.55078125,25781.150390625,25834.30078125,312600,0.0070384090258497345,0.00499497468148015,0.00480790838412435
2025-11-13,25879.150390625,26010.69921875,25808.400390625,25906.099609375,385200,0.00012944949620363744,0.004940056890285621,0.00487930748625628
2025-11-14,25910.05078125,25940.19921875,25740.80078125,25767.900390625,518900,0.001194026471448284,0.004832967881437921,0.004897866246654984
2025-11-17,26013.44921875,26024.19921875,25906.349609375,25948.19921875,281800,0.0039906690408659795,0.0046977341262462126,0.004872737927524137
2025-11-18,25910.05078125,26029.849609375,25876.5,26021.80078125,280000,-0.003974806902018679,0.004344776453100924,0.004839279158054032
2025-11-19,26052.650390625,26074.650390625,25856.19921875,25918.099609375,250100,0.005503640675154298,0.004378013079240289,0.004776584761145226
2025-11-20,26192.150390625,26246.650390625,26063.19921875,26132.099609375,240400,0.005354541588221684,0.004386970193990111,0.004724410572923749
2025-11-21,26068.150390625,26179.19921875,26052.19921875,26109.55078125,235600,-0.0047342428227803435,0.004539875591179208,0.0046865391257224515
2025-11-24,25959.5,26142.80078125,25912.150390625,26122.80078125,464700,-0.004167936312968079,0.004644272197591431,0.0046620009745843485
2025-11-25,25884.80078125,26032.599609375,25857.5,25998.5,260500,-0.002877529180069005,0.004612943966792139,0.004637258506134401
2025-11-26,26205.30078125,26215.150390625,25842.94921875,25842.94921875,275300,0.012381783530362567,0.005154620562775387,0.0046532230942639245
2025-11-27,26215.55078125,26310.44921875,26141.900390625,26261.25,240300,0.0003911422381892571,0.005141670206970057,0.0046733844259323675
2025-11-28,26202.94921875,26280.75,26172.400390625,26237.44921875,202500,-0.0004806903583736144,0.005061723052520382,0.004696259943040614
2025-12-01,26175.75,26325.80078125,26124.19921875,26325.80078125,213800,-0.0010380212747401751,0.0048116237941754755,0.00470764890983354
2025-12-02,26032.19921875,26154.599609375,25997.849609375,26087.94921875,254800,-0.005484113396941881,0.004776387011296732,0.004750809965653121
2025-12-03,25986.0,26066.44921875,25891.0,26004.900390625,265700,-0.0017746951904364927,0.004797091799130185,0.004792717837642111
2025-12-04,26033.75,26098.25,25938.94921875,25981.849609375,248100,0.0018375278996383138,0.004538931475212535,0.004807913965764353
2025-12-05,26186.44921875,26202.599609375,25985.349609375,25999.80078125,249300,0.005865433091659877,0.004557210487848257,0.004809647455431258
2025-12-08,25960.55078125,26178.69921875,25892.25,26159.80078125,320700,-0.00862653945989178,0.005031350542459027,0.004848355289918017
2025-12-09,25839.650390625,25923.650390625,25728.0,25867.099609375,276000,-0.004657081109092687,0.005140589432269296,0.004901119836465733
2025-12-10,25758.0,25947.650390625,25734.55078125,25864.05078125,207900,-0.0031598875909956137,0.0051051333446204845,0.004896171114650244
2025-12-11,25898.55078125,25922.80078125,25693.25,25771.400390625,206100,0.0054565875164998,0.005008852901684078,0.004882889384121645
2025-12-12,26046.94921875,26057.599609375,25938.44921875,25971.19921875,216300,0.005729990019651465,0.0051599041929184545,0.004892707498161452
2025-12-15,26027.30078125,26047.150390625,25904.75,25930.05078125,181600,-0.0007543469807149705,0.005160928082628904,0.004927637927006795
2025-12-16,25860.099609375,25980.75,25834.349609375,25951.5,264400,-0.006424068837574293,0.005280266609510344,0.0049780258868281566
2025-12-17,25818.55078125,25929.150390625,25770.349609375,25902.400390625,206500,-0.001606677033445636,0.005222116893095154,0.005020528396224653
2025-12-18,25815.55078125,25902.349609375,25726.30078125,25764.69921875,197600,-0.00011619552256891819,0.0050590612116265445,0.005072541369866054
2025-12-19,25966.400390625,25993.349609375,25880.44921875,25911.5,382900,0.005843362036054733,0.005088015472023484,0.005125621868283577
2025-12-22,26172.400390625,26180.69921875,26047.80078125,26055.849609375,253000,0.00793332910611566,0.00529514330446748,0.0051520011444844225
2025-12-23,26177.150390625,26233.55078125,26119.05078125,26205.19921875,216600,0.00018148889399149937,0.0051998169632307915,0.005157923897580572
2025-12-24,26142.099609375,26236.400390625,26123.0,26170.650390625,188800,-0.0013389838361685946,0.005161873317982282,0.005163597894916752
2025-12-26,26042.30078125,26144.19921875,26008.599609375,26121.25,142200,-0.0038175521330050532,0.004457249820721199,0.005108437586820463
2025-12-29,25942.099609375,26106.80078125,25920.30078125,26063.349609375,234300,-0.003847631310177624,0.004520502803696476,0.0050444974478982664
2025-12-30,25938.849609375,25976.75,25878.0,25940.900390625,396900,-0.00012527898855285713,0.004521202557563232,0.004980524895391699
2025-12-31,26129.599609375,26187.94921875,25969.0,25971.05078125,246300,0.0073538342244390265,0.004829101052322132,0.004935408339672877
2026-01-01,26146.55078125,26197.55078125,26113.400390625,26173.30078125,425600,0.0006487344669803274,0.004668260788518162,0.004880022729215178
2026-01-02,26328.55078125,26340.0,26118.400390625,26155.099609375,357500,0.006960765170238581,0.004866693289036533,0.004860785936956177
2026-01-05,26250.30078125,26373.19921875,26210.05078125,26333.69921875,338800,-0.0029720587604740167,0.004920153301193607,0.00484399971987319
2026-01-06,26178.69921875,26273.94921875,26124.75,26189.69921875,383000,-0.0027276473171363724,0.004799256542749807,0.004794411043701422
2026-01-07,26140.75,26187.150390625,26067.900390625,26143.099609375,338200,-0.001449622016468255,0.004392799415254084,0.004713709288903752
2026-01-08,25876.849609375,26133.19921875,25858.44921875,26106.5,328500,-0.010095364158449915,0.004839609596715968,0.00468148291677712
2026-01-09,25683.30078125,25940.599609375,25623.0,25840.400390625,348800,-0.007479613285493514,0.005070482018282437,0.0047428061365332435
2026-01-12,25790.25,25813.150390625,25473.400390625,25669.05078125,275800,0.004164153963733375,0.005006776591326172,0.004791433515296213
2026-01-13,25732.30078125,25899.80078125,25603.30078125,25897.349609375,339500,-0.002246942885392733,0.00483502509880421,0.004822815769420311
2026-01-14,25665.599609375,25791.75,25603.94921875,25648.55078125,393100,-0.00259211846006413,0.004855166839787737,0.004825422348166871
2026-01-16,25694.349609375,25873.5,25662.400390625,25696.05078125,434000,0.0011201764399650926,0.004683006899134674,0.004826896959228523
2026-01-19,25585.5,25653.30078125,25494.349609375,25653.099609375,443100,-0.004236324757381116,0.004754427471680693,0.004815670377492939
2026-01-20,25232.5,25585.0,25171.349609375,25580.30078125,409800,-0.013796877137441155,0.005576747854780242,0.004881329832851602
2026-01-21,25157.5,25300.94921875,24919.80078125,25141.0,395600,-0.0029723570791637677,0.0053576291054476454,0.004937167089121386
2026-01-22,25289.900390625,25435.75,25168.5,25344.150390625,486400,0.00526285960946038,0.005150410236479358,0.005012928171243913
2026-01-23,25048.650390625,25347.94921875,25025.30078125,25344.599609375,393900,-0.009539381186706164,0.0054107236104974105,0.0050700395726220576
2026-01-27,25175.400390625,25246.650390625,24932.55078125,25063.349609375,618700,0.005060152863462841,0.00563040900513436,0.00512603227130725
2026-01-28,25342.75,25372.099609375,25187.650390625,25258.849609375,574900,0.006647346488174222,0.005897592603804816,0.0052151138725551145
2026-01-29,25418.900390625,25458.150390625,25159.80078125,25345.0,582400,0.0030048195489833507,0.005937810820195324,0.005325392444694226
2026-01-30,25320.650390625,25370.69921875,25213.650390625,25247.55078125,508400,-0.003865234077404689,0.005967757852009159,0.005436651545916368
2026-02-02,25088.400390625,25108.099609375,24679.400390625,24796.5,449200,-0.00917235522852089,0.005881958259155854,0.005556546681918487
2026-02-03,25727.55078125,26341.19921875,25641.30078125,26308.05078125,637300,0.025475932330218942,0.00838580210566914,0.005919684145317331
2026-02-04,25776.0,25818.55078125,25563.94921875,25675.05078125,429800,0.0018831648283172964,0.008224441334707108,0.006184453493310017
2026-02-05,25642.80078125,25757.650390625,25579.5,25755.900390625,343800,-0.00516756745616076,0.008264918673935067,0.00647518245015876
2026-02-06,25693.69921875,25703.94921875,25491.900390625,25605.80078125,375500,0.0019849016468285186,0.008281962851669513,0.006788337711677775
2026-02-09,25867.30078125,25922.25,25780.900390625,25888.69921875,359400,0.006756581098813275,0.008444634966488566,0.00709172884727689
2026-02-10,25935.150390625,25989.44921875,25870.44921875,25922.650390625,460900,0.0026229876069705504,0.008171210299735268,0.007345808976736983
2026-02-11,25953.849609375,26009.400390625,25899.80078125,25997.44921875,331400,0.0007209990483325601,0.007982700964306698,0.0075543198127871695
2026-02-12,25807.19921875,25906.69921875,25752.400390625,25906.69921875,419400,-0.00565042923620962,0.008046303100033007,0.0077651690407709376
2026-02-13,25471.099609375,25630.349609375,25444.30078125,25571.150390625,453500,-0.01302348257655217,0.008530025256038453,0.008021395781173868
2026-02-16,25682.75,25697.0,25372.69921875,25423.599609375,275800,0.008309432803093486,0.008722767872804113,0.008305476742538693
2026-02-17,25725.400390625,25764.400390625,25570.30078125,25637.94921875,344100,0.00166066292063749,0.008726824488512497,0.008339578980823029
2026-02-18,25819.349609375,25828.05078125,25645.150390625,25752.650390625,310200,0.003652002197183979,0.008700861991340531,0.008387221046486372
2026-02-19,25454.349609375,25885.30078125,25388.75,25873.349609375,298200,-0.014136684522350174,0.008728990279939088,0.008433628207086773
2026-02-20,25571.25,25663.55078125,25379.75,25406.55078125,296600,0.004592550680687868,0.008736653038567127,0.008479097225776534
2026-02-23,25713.0,25771.44921875,25609.349609375,25678.400390625,313700,0.00554333479982394,0.00874400660419611,0.00850903438954729
2026-02-24,25424.650390625,25641.80078125,25327.599609375,25641.80078125,439100,-0.011214156627970318,0.008850270898940993,0.00857694044946786
2026-02-25,25482.5,25652.599609375,25428.19921875,25512.599609375,414200,0.002275335490801167,0.008803148824576675,0.00865898523549486
2026-02-26,25496.55078125,25572.94921875,25400.94921875,25556.30078125,405200,0.0005513894339252978,0.0086940935229489,0.008723764277786449
2026-02-27,25178.650390625,25476.400390625,25141.30078125,25459.849609375,438900,-0.012468368500212268,0.009101655023743915,0.008780927254556994
2026-03-02,24865.69921875,24989.349609375,24603.5,24659.25,519200,-0.012429227421638323,0.00944929909878123,0.008853580377154707
2026-03-04,24480.5,24602.44921875,24305.400390625,24388.80078125,599000,-0.015491187895474101,0.009821806981801252,0.008963078626483581
2026-03-05,24765.900390625,24854.19921875,24529.400390625,24615.94921875,504300,0.011658274570576665,0.008295073394000254,0.008922499766749555
2026-03-06,24450.44921875,24700.900390625,24415.75,24656.400390625,433400,-0.012737318930444053,0.008580922368553607,0.008907692975611007
2026-03-09,24028.05078125,24078.150390625,23697.80078125,23868.05078125,526900,-0.017275692308183932,0.00915821110435677,0.00894984878218997
2026-03-10,24261.599609375,24303.80078125,24079.94921875,24280.80078125,444300,0.009719840791548862,0.009519352994348074,0.009027383421205168
2026-03-11,23866.849609375,24299.0,23834.30078125,24231.849609375,407400,-0.01627056774308744,0.009702019763104789,0.009112558307621546
2026-03-12,23639.150390625,23833.150390625,23556.30078125,23674.849609375,501000,-0.009540396930332928,0.009663618874381118,0.00919860531260199
2026-03-13,23151.099609375,23492.400390625,23112.0,23462.5,519800,-0.02064586811222946,0.010211259082366898,0.00935032186854379
2026-03-16,23408.80078125,23502.0,22955.25,23116.099609375,540300,0.011131271353117311,0.01082690964394553,0.009522847330563952
2026-03-17,23581.150390625,23656.80078125,23346.599609375,23493.19921875,458800,0.007362598835607637,0.010945096450203633,0.009672427065706191
2026-03-18,23777.80078125,23862.25,23618.44921875,23632.900390625,382900,0.008339304375208911,0.010946724435872121,0.009784918811113279
2026-03-19,23002.150390625,23378.69921875,22930.349609375,23197.75,550100,-0.03262077926216955,0.012559423905780565,0.01021135386229131
2026-03-20,23114.5,23345.150390625,23067.599609375,23110.150390625,663300,0.004884308965338757,0.012605831999602959,0.010613844825396245
2026-03-23,22512.650390625,22851.69921875,22471.25,22824.349609375,550300,-0.026037751600726855,0.01327823047855,0.011025846762815568
2026-03-24,22912.400390625,23057.30078125,22624.19921875,22878.44921875,538100,0.017756683156527453,0.014077420526717394,0.0114816535160525
2026-03-25,23306.44921875,23465.349609375,23063.19921875,23064.400390625,505400,0.01719805962740728,0.014733268462188885,0.01198477838596091
2026-03-27,22819.599609375,23186.099609375,22804.55078125,23173.55078125,612600,-0.02088905112938999,0.015098344190509688,0.012528250917573768
2026-03-30,22331.400390625,22714.099609375,22283.849609375,22549.650390625,698600,-0.02139385559374285,0.015406423162800791,0.013047767325617157
2026-04-01,22679.400390625,22941.30078125,22618.599609375,22899.0,518000,0.015583438293735208,0.01606844779528076,0.01357192114075068
2026-04-02,22713.099609375,22782.30078125,22182.55078125,22383.400390625,495100,0.0014858954897207788,0.01605163533567386,0.014082575029297703
2026-04-06,22968.25,22998.349609375,22542.94921875,22780.30078125,426400,0.01123362266767347,0.016315611322660795,0.014619463717976572
2026-04-07,23123.650390625,23153.849609375,22719.30078125,22838.69921875,477000,0.0067658785769486585,0.016230306747808634,0.014986552002179377
2026-04-08,23997.349609375,24025.150390625,23828.5,23855.150390625,639300,0.03778379295615997,0.018252042845920552,0.015551173086811134
2026-04-09,23775.099609375,23990.75,23682.80078125,23909.05078125,466600,-0.009261439434677166,0.01815905444279918,0.016039255483236054
2026-04-10,24050.599609375,24074.05078125,23856.349609375,23880.55078125,481300,0.011587753764504383,0.017970882803804305,0.016428601710944745
2026-04-13,23842.650390625,23907.400390625,23555.599609375,23589.599609375,488800,-0.008646321593950623,0.017931218956602116,0.01674839676038607
2026-04-15,24231.30078125,24280.900390625,24145.80078125,24163.80078125,460300,0.016300637062472756,0.017923534360005287,0.017030915777335627
2026-04-16,24196.75,24400.94921875,24102.80078125,24385.19921875,508000,-0.0014258739785333319,0.017774613298474615,0.01726773479090301
2026-04-17,24353.55078125,24371.900390625,24096.05078125,24165.900390625,498600,0.006480241406387144,0.017074833292967193,0.017368373340671654
2026-04-20,24364.849609375,24480.650390625,24241.25,24391.5,415900,0.00046394992773279853,0.0169652039128178,0.017459730198386047
2026-04-21,24576.599609375,24601.69921875,24354.900390625,24374.55078125,425800,0.008690798564113589,0.016988478273702416,0.017527016893490212
2026-04-22,24378.099609375,24515.94921875,24352.900390625,24470.849609375,440500,-0.00807678861823835,0.017064954634735174,0.017610481682182866
2026-04-23,24173.05078125,24310.19921875,24134.80078125,24202.349609375,467500,-0.008411190019346093,0.015392746994419974,0.017324552097032805
2026-04-24,23897.94921875,24206.0,23813.650390625,24100.55078125,438400,-0.011380506539678703,0.01567236042496895,0.017075882695249782
2026-04-27,24092.69921875,24130.69921875,23936.19921875,23945.44921875,430300,0.008149234824183171,0.014367778322154252,0.016715572247084778
2026-04-28,23995.69921875,24181.80078125,23957.05078125,24049.900390625,554100,-0.004026115924964935,0.014057354510523324,0.016328185802476896
2026-04-29,24177.650390625,24334.69921875,24059.94921875,24096.900390625,531100,0.007582657634449097,0.013699736318191845,0.015905805998295556
2026-04-30,23997.55078125,24087.44921875,23796.849609375,23996.94921875,505500,-0.007449012061355398,0.012873976042927636,0.015415742272740857
2026-05-04,24119.30078125,24290.19921875,24004.75,24063.55078125,419100,0.005073434414612388,0.011658261086919643,0.014874085052136101
2026-05-05,24032.80078125,24081.69921875,23882.05078125,24052.599609375,363300,-0.0035863394542201554,0.011432726314334583,0.01432083729228778
2026-05-06,24330.94921875,24356.5,23997.900390625,24171.0,429200,0.01240589643353629,0.011615629367617815,0.01378355240167932
2026-05-07,24326.650390625,24482.099609375,24284.0,24398.5,440600,-0.00017668148029703623,0.01149443156255387,0.013226500094461188
2026-05-08,24176.150390625,24253.80078125,24126.650390625,24233.650390625,335900,-0.006186630612244115,0.01161795126657179,0.012849020521676371
2026-05-11,23815.849609375,23997.44921875,23799.099609375,23970.099609375,390100,-0.014903149402549887,0.008922199417156903,0.012174004420895166
2026-05-12,23379.55078125,23757.55078125,23348.400390625,23722.599609375,447500,-0.018319683541890175,0.009571258547334718,0.011694352443413212
2026-05-13,23412.599609375,23582.94921875,23262.55078125,23362.44921875,415400,0.0014135784059419176,0.009164090257253775,0.011205026018086258
2026-05-14,23689.599609375,23777.19921875,23426.55078125,23530.25,428700,0.011831236369372666,0.009422374555058843,0.010777289841772958
2026-05-15,23643.5,23839.30078125,23610.30078125,23731.400390625,408900,-0.0019459851637491088,0.008626121695383938,0.010352504407018587
2026-05-18,23649.94921875,23695.650390625,23317.099609375,23482.19921875,392000,0.0002727692071817778,0.008631202575811478,0.010049798555907772
2026-05-19,23618.0,23782.30078125,23587.19921875,23675.30078125,442000,-0.0013509212410769411,0.008456899032510552,0.009752215827725369
2026-05-20,23659.0,23690.900390625,23397.30078125,23457.25,344100,0.0017359640951817301,0.008475641207049866,0.009438217011668573
2026-05-21,23654.69921875,23859.900390625,23596.599609375,23830.05078125,348200,-0.00018178203854768427,0.008164767269401504,0.009105250582353338
2026-05-22,23719.30078125,23835.650390625,23671.0,23671.19921875,336100,0.002731024474358801,0.008088758785206934,0.008752331334216852
2026-05-25,24031.69921875,24054.44921875,23922.849609375,23940.25,351200,0.01317064277657587,0.00849712731588198,0.008709824124089358
2026-05-26,23913.69921875,24089.80078125,23885.44921875,24004.099609375,387900,-0.004910181295375682,0.008184715733097954,0.008571169842665682
2026-05-27,23907.150390625,23983.19921875,23858.25,23880.349609375,531600,-0.00027385257567613674,0.00797227945379246,0.008451988762319552
2026-05-29,23547.75,24002.80078125,23484.75,23902.150390625,1198000,-0.015033175629577955,0.00856658211491076,0.008366409518304741
2026-06-01,23382.599609375,23733.69921875,23357.94921875,23654.5,421700,-0.007013425513053284,0.008438340655640992,0.00834763141433045
2026-06-02,23483.55078125,23556.94921875,23229.150390625,23229.150390625,511900,0.00431736306319519,0.008418166783382848,0.008326327835087586
2026-06-03,23405.599609375,23459.650390625,23151.5,23415.94921875,450100,-0.0033193946094914883,0.008314160790821373,0.008312054010918668
2026-06-04,23416.55078125,23465.30078125,23247.30078125,23282.44921875,412500,0.00046788683297016576,0.008307832977335327,0.008295273187947214
2026-06-05,23366.69921875,23516.349609375,23282.650390625,23478.94921875,366200,-0.0021289028843615165,0.00770061483098124,0.008248857944105186
2026-06-08,23123.0,23267.30078125,23070.150390625,23080.69921875,375700,-0.010429338627102713,0.007908406973388746,0.008230822762923367
2026-06-09,23242.099609375,23279.400390625,23104.44921875,23259.05078125,402600,0.005150698844224255,0.008021970782389995,0.008183307109574168
2026-06-10,23214.94921875,23425.349609375,23184.599609375,23233.94921875,380000,-0.0011681556778996294,0.00744300115803381,0.008109135652067754
2026-06-11,23161.599609375,23327.44921875,23072.05078125,23104.400390625,363000,-0.0022980713363744965,0.006338509070480089,0.007945758613736517
2026-06-12,23622.900390625,23645.349609375,23313.900390625,23412.55078125,351900,0.019916620139797336,0.007738531340763912,0.007862953536321833
2026-06-15,23853.900390625,24011.400390625,23817.80078125,23984.849609375,398900,0.009778646829145199,0.007599360580101384,0.0077790555287678715
2026-06-16,23989.150390625,24002.599609375,23888.19921875,23923.900390625,327300,0.005669932287180934,0.007665420210830035,0.00770378087151259
2026-06-17,24085.69921875,24108.19921875,23969.69921875,24044.5,352700,0.004024687267071059,0.007698147659802933,0.007642179558410747
2026-06-18,24168.0,24189.25,24036.94921875,24073.80078125,340000,0.0034169978003351087,0.007698816508031245,0.007581277911480338
2026-06-19,24013.099609375,24047.19921875,23901.900390625,23991.19921875,447900,-0.006409317718677587,0.007869778367195542,0.0075981942651017695
2026-06-22,24102.900390625,24168.05078125,24073.150390625,24106.599609375,252800,0.0037396580495980825,0.007893373943839023,0.007596690962146796
2026-06-23,23824.099609375,24135.5,23784.94921875,24071.30078125,340100,-0.011567105067506356,0.008334054716505978,0.007627899355558396
2026-06-24,24021.650390625,24090.05078125,23789.25,23795.80078125,395600,0.008292056551520766,0.008017664860196238,0.007685365725774639
2026-06-25,24056.0,24261.599609375,24039.0,24125.849609375,448800,0.0014299437722400388,0.007942117704761128,0.007845726589202743
2026-06-29,23946.25,24120.0,23924.55078125,24061.75,588500,-0.004562271366810755,0.008012768032100102,0.007873150258336362
2026-06-30,23865.75,24035.55078125,23829.19921875,24032.05078125,449000,-0.0033616954637991636,0.007281406580554909,0.007841354858381713
2026-07-01,24005.849609375,24049.900390625,23895.099609375,23897.650390625,352100,0.0058703208311072785,0.007143643218167606,0.00778917715911547
2026-07-02,24175.69921875,24194.55078125,24058.80078125,24062.19921875,372900,0.007075342557701703,0.007227184665816027,0.00774208085971678
2026-07-03,24270.849609375,24378.150390625,24252.349609375,24375.650390625,326600,0.003935786500487426,0.007162976552871562,0.007688496864200811
2026-07-06,24430.349609375,24458.650390625,24287.099609375,24306.849609375,329400,0.006571669412775316,0.007231669102154702,0.0076246859376967275
2026-07-07,24398.69921875,24530.900390625,24348.94921875,24464.44921875,412600,-0.0012955357222089736,0.007209872410734476,0.007556335784386273
2026-07-08,23882.05078125,24300.0,23805.19921875,24259.55078125,420500,-0.02117524515827318,0.008421913453042914,0.0075651216580399664
2026-07-09,23962.80078125,24134.69921875,23925.69921875,23928.94921875,384800,0.0033812004144717633,0.008393132352172867,0.007602668407237628
2026-07-10,24206.900390625,24228.44921875,24120.349609375,24124.69921875,313100,0.01018660596494203,0.008577136925488968,0.007666170329310414
2026-07-13,24211.0,24259.80078125,24000.19921875,24039.400390625,322700,0.0001693570555851842,0.0085316696188922,0.007718060487989622
2026-07-14,24052.05078125,24157.099609375,24023.69921875,24068.0,355800,-0.006565165369047166,0.0076893994724559584,0.0077588597771797285
2026-07-15,24078.5,24220.349609375,24010.55078125,24085.849609375,306900,0.0010996658451518648,0.007415917918512856,0.007786087247214253
2026-07-16,24072.75,24186.5,24050.0,24142.099609375,264300,-0.00023880225097083763,0.007320346162831766,0.007795403396915828
2026-07-17,24334.30078125,24367.30078125,24099.05078125,24127.599609375,387800,0.010865014643113069,0.007644455605045701,0.007843551302133243
2026-07-20,24238.5,24266.099609375,24135.849609375,24190.05078125,353100,-0.003936861885253551,0.007673352472530097,0.00788771963917078
2026-07-21,24187.69921875,24262.19921875,24135.650390625,24216.05078125,315600,-0.002095871495760848,0.007545178532458017,0.007921250251343135
2026-07-22,23996.25,24166.30078125,23961.400390625,24150.44921875,304700,-0.0079151479856997,0.007711901543060793,0.007850249060344922
2026-07-23,23869.599609375,23990.75,23807.19921875,23904.80078125,344000,-0.0052779242850445884,0.007361866776904917,0.007747122502818128
2026-07-24,23767.44921875,23823.599609375,23606.30078125,23666.349609375,333900,-0.004279518395644999,0.007172545183565317,0.0076066633286257625
2026-07-27,23995.94921875,24011.599609375,23891.55078125,23928.400390625,319400,0.009613989195766948,0.007496632126572382,0.007503159579393781
2026-07-28,23985.349609375,24041.150390625,23954.599609375,23971.25,437800,-0.0004417249460887396,0.007427386951380884,0.007476958327286273
2026-07-29,24250.19921875,24283.55078125,24136.75,24176.650390625,424200,0.011042140877174367,0.007749425364329647,0.007510309071867951
2026-07-30,24317.150390625,24342.94921875,24187.099609375,24249.55078125,400600,0.0027608503860552247,0.007676867307529479,0.0075459611863377225
2026-07-31,24383.599609375,24429.400390625,24299.69921875,24361.44921875,411700,0.0027326071386892803,0.0075523824424626185,0.007536753870079416
