Price,Return_lag1,Return_lag2,Volatility_lag1,Volatility
Ticker,,,,
Date,,,,
2019-02-04,0.005788983808607595,0.016818790618479573,0.006649169866675592,0.0065834112555777004
2019-02-05,0.0017073807867935553,0.005788983808607595,0.0065834112555777004,0.006546298942139298
2019-02-06,0.0020252110586724825,0.0017073807867935553,0.006546298942139298,0.006962629968097531
2019-02-07,0.011715428033110209,0.0020252110586724825,0.006962629968097531,0.006909842615711142
2019-02-08,0.0006282690714798367,0.011715428033110209,0.006909842615711142,0.007372401788732061
2019-02-11,-0.011364733121095205,0.0006282690714798367,0.007372401788732061,0.007445123613442879
2019-02-12,-0.005007475295473629,-0.011364733121095205,0.007445123613442879,0.0074435334759168905
2019-02-14,-0.005271417887377283,-0.005007475295473629,0.0074435334759168905,0.006977647298320457
2019-02-15,-0.007879921603800577,-0.005271417887377283,0.006977647298320457,0.006980904555783484
2019-02-18,-0.002014639281967212,-0.007879921603800577,0.006980904555783484,0.007128826641572418
2019-02-19,-0.00778133902809619,-0.002014639281967212,0.007128826641572418,0.007139186279834327
2019-02-20,-0.0034395975233135756,-0.00778133902809619,0.007139186279834327,0.007627514553686336
2019-02-21,0.012362906803977669,-0.0034395975233135756,0.007627514553686336,0.007712521622930684
2019-02-22,0.005067269008080633,0.012362906803977669,0.007712521622930684,0.007502962801908167
2019-02-25,0.00016689586186968697,0.005067269008080633,0.007502962801908167,0.007714046346356721
2019-02-26,0.008196078963680797,0.00016689586186968697,0.007714046346356721,0.007633390950434779
2019-02-27,-0.004117591409631749,0.008196078963680797,0.007633390950434779,0.007220275725919253
2019-02-28,-0.002644081343287419,-0.004117591409631749,0.007220275725919253,0.007225519383587931
2019-03-01,-0.0013094150466157473,-0.002644081343287419,0.007225519383587931,0.007337505388891035
2019-03-05,0.006578642575862936,-0.0013094150466157473,0.007337505388891035,0.006830509041118817
2019-03-06,0.011409784628572783,0.006578642575862936,0.006830509041118817,0.006837197348156714
2019-03-07,0.005965879573721855,0.011409784628572783,0.006837197348156714,0.006833538397227481
2019-03-08,0.00047047817900125466,0.005965879573721855,0.006833538397227481,0.006850743356840238
2019-03-11,-0.0020618006804727917,0.00047047817900125466,0.006850743356840238,0.006876067544099375
2019-03-12,0.012020353532001593,-0.0020618006804727917,0.006876067544099375,0.007316258424701562
2019-03-13,0.011922438828049886,0.012020353532001593,0.007316258424701562,0.006757655974586819
2019-03-14,0.0035836901656514097,0.011922438828049886,0.006757655974586819,0.006592642432364376
2019-03-15,0.00013664659273393553,0.0035836901656514097,0.006592642432364376,0.006474492910412682
2019-03-18,0.007369987382364052,0.00013664659273393553,0.006474492910412682,0.006015339251126019
2019-03-19,0.0030936423551506387,0.007369987382364052,0.006015339251126019,0.005931338624528044
2019-03-20,0.006124495656707252,0.0030936423551506387,0.005931338624528044,0.005452083394771003
2019-03-22,-0.0009842344657688962,0.006124495656707252,0.005452083394771003,0.005610968427190811
2019-03-25,-0.005568018119008533,-0.0009842344657688962,0.005610968427190811,0.005888131685390703
2019-03-26,-0.008959700017030503,-0.005568018119008533,0.005888131685390703,0.006168768288235144
2019-03-27,0.011361384503600025,-0.008959700017030503,0.006168768288235144,0.006294485494157289
2019-03-28,-0.0033266013813597617,0.011361384503600025,0.006294485494157289,0.006437053201511983
2019-04-01,0.010917400749215211,-0.0033266013813597617,0.006437053201511983,0.006334970044906226
2019-04-02,0.008569610252809001,0.010917400749215211,0.006334970044906226,0.006173674218364316
2019-04-03,0.0037748939051200914,0.008569610252809001,0.006173674218364316,0.006442285890976918
2019-04-04,-0.005912133221091298,0.0037748939051200914,0.006442285890976918,0.006609647727125289
2019-04-05,-0.003946272059030087,-0.005912133221091298,0.006609647727125289,0.006369048581792851
2019-04-08,0.005858785593421345,-0.003946272059030087,0.006369048581792851,0.006565331501315665
2019-04-09,-0.005267483083991831,0.005858785593421345,0.006565331501315665,0.006592632783987118
2019-04-10,0.005812417192683883,-0.005267483083991831,0.006592632783987118,0.0068857482132610205
2019-04-11,-0.007509489773200095,0.005812417192683883,0.0068857482132610205,0.006520707153084169
2019-04-12,0.0010704480058416621,-0.007509489773200095,0.006520707153084169,0.006124476107798193
2019-04-15,0.0040313191867198395,0.0010704480058416621,0.006124476107798193,0.0061330143474826
2019-04-16,0.0040279653604204935,0.0040313191867198395,0.0061330143474826,0.006300293999007318
2019-04-18,0.008280400884877803,0.0040279653604204935,0.006300293999007318,0.006249139250223827
2019-04-22,-0.0029142400664389223,0.008280400884877803,0.006249139250223827,0.0070176483899190125
2019-04-23,-0.013473352052831178,-0.0029142400664389223,0.0070176483899190125,0.006913556578313881
2019-04-24,-0.0015955909670886115,-0.013473352052831178,0.006913556578313881,0.007444481086359263
2019-04-25,0.012975193636658888,-0.0015955909670886115,0.007444481086359263,0.0075227665652302465
2019-04-26,-0.007193374050953438,0.012975193636658888,0.0075227665652302465,0.007414524231799752
2019-04-30,0.009693568677590747,-0.007193374050953438,0.007414524231799752,0.007085017670125439
2019-05-02,-0.0005529726349993158,0.009693568677590747,0.007085017670125439,0.007049117999300849
2019-05-03,-0.001991836148409698,-0.0005529726349993158,0.007049117999300849,0.006697196012115243
2019-05-06,-0.0010661208128105448,-0.001991836148409698,0.006697196012115243,0.0067988447298791
2019-05-07,-0.00973339879186319,-0.0010661208128105448,0.0067988447298791,0.006968058445998962
2019-05-08,-0.008652133673183404,-0.00973339879186319,0.006968058445998962,0.007310223293030875
2019-05-09,-0.012041345863927244,-0.008652133673183404,0.007310223293030875,0.007335904455580358
2019-05-10,-0.005075103956069027,-0.012041345863927244,0.007335904455580358,0.0071558298815213245
2019-05-13,-0.0020261741013145596,-0.005075103956069027,0.0071558298815213245,0.007445689749459393
2019-05-14,-0.011588026384304118,-0.0020261741013145596,0.007445689749459393,0.007489621125098551
2019-05-15,0.006624352638199937,-0.011588026384304118,0.007489621125098551,0.00743394848979736
2019-05-16,-0.005796606308085428,0.006624352638199937,0.00743394848979736,0.007776532440630328
2019-05-17,0.008971910851931497,-0.005796606308085428,0.007776532440630328,0.008344338445383818
2019-05-20,0.013329435330307948,0.008971910851931497,0.008344338445383818,0.011725158527279456
2019-05-21,0.036915407876193296,0.013329435330307948,0.011725158527279456,0.011809603526146642
2019-05-22,-0.010073374389702572,0.036915407876193296,0.011809603526146642,0.011807224105242762
2019-05-23,0.0024596922232125173,-0.010073374389702572,0.011807224105242762,0.011515185384341684
2019-05-24,-0.006887993870017373,0.0024596922232125173,0.011515185384341684,0.01200177143673496
2019-05-27,0.016046067214389392,-0.006887993870017373,0.01200177143673496,0.011771454256422193
2019-05-28,0.006809330661248669,0.016046067214389392,0.011771454256422193,0.011627514868656992
2019-05-29,0.0003354368016101894,0.006809330661248669,0.011627514868656992,0.011551071143662564
2019-05-30,-0.005671205333752538,0.0003354368016101894,0.011551071143662564,0.011638186010369398
2019-05-31,0.007149487319284775,-0.005671205333752538,0.011638186010369398,0.011637481682306076
2019-06-03,-0.0019337668306382838,0.007149487319284775,0.011637481682306076,0.011967209190022797
2019-06-04,0.013901936014629301,-0.0019337668306382838,0.011967209190022797,0.011802767155520604
2019-06-06,-0.005534114111566901,0.013901936014629301,0.011802767155520604,0.012145473988131992
2019-06-07,-0.014798333410505293,-0.005534114111566901,0.012145473988131992,0.011743604265318704
2019-06-10,0.0022712730870713127,-0.014798333410505293,0.011743604265318704,0.011632977887365266
2019-06-11,0.004384747505377318,0.0022712730870713127,0.011632977887365266,0.011585458302046306
2019-06-12,0.0035981290613484873,0.004384747505377318,0.011585458302046306,0.011257339096522354
2019-06-13,-0.004964181988503125,0.0035981290613484873,0.011257339096522354,0.011241781189377778
2019-06-14,0.0006592875347493088,-0.004964181988503125,0.011241781189377778,0.011319054430337015
2019-06-17,-0.007617057296864349,0.0006592875347493088,0.011319054430337015,0.011717069263304217
2019-06-18,-0.012784029548381648,-0.007617057296864349,0.011717069263304217,0.011415281371813676
2019-06-19,0.0016577587443133979,-0.012784029548381648,0.011415281371813676,0.007967661506089884
2019-06-20,-4.259905700743083e-06,0.0016577587443133979,0.007967661506089884,0.008099744326859913
2019-06-21,0.012000205478679637,-4.259905700743083e-06,0.008099744326859913,0.008350694437626541
2019-06-24,-0.009098433505187353,0.012000205478679637,0.008350694437626541,0.008217990595219483
2019-06-25,-0.002085381356743965,-0.009098433505187353,0.008217990595219483,0.007622365381762745
2019-06-26,0.008273734808782462,-0.002085381356743965,0.007622365381762745,0.0075276164323694154
2019-06-27,0.004331778503613437,0.008273734808782462,0.0075276164323694154,0.007526404106931622
2019-06-28,-0.0005064338279993086,0.004331778503613437,0.007526404106931622,0.007487640114096361
2019-07-01,-0.004450447465215945,-0.0005064338279993086,0.007487640114096361,0.0074572379131294915
2019-07-02,0.006510389269786421,-0.004450447465215945,0.0074572379131294915,0.007498239873800811
2019-07-03,0.003767209141051886,0.006510389269786421,0.007498239873800811,0.006791107550687549
2019-07-04,0.0005415644793391738,0.003767209141051886,0.006791107550687549,0.006729133699178605
2019-07-05,0.0025174649128327786,0.0005415644793391738,0.006729133699178605,0.0063906223227847
2019-07-08,-0.011350334557515662,0.0025174649128327786,0.0063906223227847,0.00786422176516084
2019-07-09,-0.02138240331360608,-0.011350334557515662,0.00786422176516084,0.007763042367420503
2019-07-10,-0.00023352472109261502,-0.02138240331360608,0.007763042367420503,0.007708237222923722
2019-07-11,-0.004932545113165099,-0.00023352472109261502,0.007708237222923722,0.007923499889010378
2019-07-12,0.007305046321514741,-0.004932545113165099,0.007923499889010378,0.007915713662976049
2019-07-15,-0.0026245922523520093,0.007305046321514741,0.007915713662976049,0.007842528753925446
2019-07-16,0.0031031905972733753,-0.0026245922523520093,0.007842528753925446,0.007502424682071082
2019-07-17,0.006407297199588324,0.0031031905972733753,0.007502424682071082,0.007508456877346268
2019-07-18,0.0021350634900458854,0.006407297199588324,0.007508456877346268,0.007697197071747573
2019-07-19,-0.007751838235294128,0.0021350634900458854,0.007697197071747573,0.007811799557504997
2019-07-22,-0.01531878214359883,-0.007751838235294128,0.007811799557504997,0.007704679452420658
2019-07-23,-0.006397075524881224,-0.01531878214359883,0.007704679452420658,0.007703717094357947
2019-07-24,-0.0013352832106081625,-0.006397075524881224,0.007703717094357947,0.007406274436174704
2019-07-25,-0.005273121293252303,-0.0013352832106081625,0.007406274436174704,0.007258230637671053
2019-07-26,-0.0016989534831232112,-0.005273121293252303,0.007258230637671053,0.007339393086445909
2019-07-29,0.0028571795564771296,-0.0016989534831232112,0.007339393086445909,0.007449050733161182
2019-07-30,-0.008427603929443195,0.0028571795564771296,0.007449050733161182,0.007293892245265002
2019-07-31,-0.009276785013729971,-0.008427603929443195,0.007293892245265002,0.0072565092114998475
2019-08-01,0.00294076968140633,-0.009276785013729971,0.0072565092114998475,0.007465880048748016
2019-08-02,-0.012412304371289817,0.00294076968140633,0.007465880048748016,0.007428526908837206
2019-08-05,0.0015801101434427256,-0.012412304371289817,0.007428526908837206,0.007476194687232637
2019-08-06,-0.012252952282714391,0.0015801101434427256,0.007476194687232637,0.0067578302735923235
2019-08-07,0.007884888857643269,-0.012252952282714391,0.0067578302735923235,0.006854556840077971
2019-08-08,-0.00847167355513434,0.007884888857643269,0.006854556840077971,0.008015304496818157
2019-08-09,0.016300510829763803,-0.00847167355513434,0.008015304496818157,0.007997834213256217
2019-08-13,0.006997556657477588,0.016300510829763803,0.007997834213256217,0.008609603842528055
2019-08-14,-0.01654424529912324,0.006997556657477588,0.008609603842528055,0.008927842756534356
2019-08-16,0.009477595331455646,-0.01654424529912324,0.008927842756534356,0.008754603206956025
2019-08-19,0.0016682152620135504,0.009477595331455646,0.008754603206956025,0.008719090899819754
2019-08-20,0.0005521991749806165,0.0016682152620135504,0.008719090899819754,0.00864191417808639
2019-08-21,-0.0033382235519596737,0.0005521991749806165,0.00864191417808639,0.008268639068686521
2019-08-22,-0.008922556475220111,-0.0033382235519596737,0.008268639068686521,0.008787360829061695
2019-08-23,-0.016242829527789215,-0.008922556475220111,0.008787360829061695,0.009094810816099117
2019-08-26,0.008192639025843995,-0.016242829527789215,0.009094810816099117,0.010368564210261711
2019-08-27,0.021100066785376237,0.008192639025843995,0.010368564210261711,0.010426634420043705
2019-08-28,0.004295591066795668,0.021100066785376237,0.010426634420043705,0.010445104697106194
2019-08-29,-0.005335266523260329,0.004295591066795668,0.010445104697106194,0.010460734511980038
2019-08-30,-0.0088537862364102,-0.005335266523260329,0.010460734511980038,0.01041319317294217
2019-09-03,0.006845829640179435,-0.0088537862364102,0.01041319317294217,0.011273465383014766
2019-09-04,-0.02044311880570615,0.006845829640179435,0.011273465383014766,0.011040093183498512
2019-09-05,0.004329545403159107,-0.02044311880570615,0.011040093183498512,0.01103137527552579
2019-09-06,0.000299686931614751,0.004329545403159107,0.01103137527552579,0.010884538186682264
2019-09-09,0.009061643373168504,0.000299686931614751,0.010884538186682264,0.010807843178364649
2019-09-11,0.005193547382711383,0.009061643373168504,0.010807843178364649,0.010630805453172496
2019-09-12,0.0029673946046386845,0.005193547382711383,0.010630805453172496,0.010079001103519225
2019-09-13,-0.00479356902496042,0.0029673946046386845,0.010079001103519225,0.010136581898648613
2019-09-16,0.008476944640087414,-0.00479356902496042,0.010136581898648613,0.009542463369796984
2019-09-17,-0.006536749886833726,0.008476944640087414,0.009542463369796984,0.010009340880658007
2019-09-18,-0.01689465993774708,-0.006536749886833726,0.010009340880658007,0.010015725781581247
2019-09-19,0.002130859163064436,-0.01689465993774708,0.010015725781581247,0.010326074246580334
2019-09-20,-0.012531589991591652,0.002130859163064436,0.010326074246580334,0.01575662948285273
2019-09-23,0.05319112930777714,-0.012531589991591652,0.01575662948285273,0.016675948608776133
2019-09-24,0.028915576657539077,0.05319112930777714,0.016675948608776133,0.016118603141357588
2019-09-25,-0.0010344649056013289,0.028915576657539077,0.016118603141357588,0.01647443549508923
2019-09-26,-0.012771612287114875,-0.0010344649056013289,0.01647443549508923,0.016066363503179623
2019-09-27,0.01145084856589107,-0.012771612287114875,0.016066363503179623,0.01613781023190332
2019-09-30,-0.005081564893442914,0.01145084856589107,0.01613781023190332,0.016098586278474523
2019-10-01,-0.003296462425282254,-0.005081564893442914,0.016098586278474523,0.01613826110670154
2019-10-03,-0.009983032105041145,-0.003296462425282254,0.01613826110670154,0.01614564384822331
2019-10-04,-0.004040562773145462,-0.009983032105041145,0.01614564384822331,0.01568737994252943
2019-10-07,-0.012307760296977222,-0.004040562773145462,0.01568737994252943,0.015729872393301314
2019-10-09,-0.0043266837625002275,-0.012307760296977222,0.015729872393301314,0.01608346813560629
2019-10-10,0.01679783285706482,-0.0043266837625002275,0.01608346813560629,0.01611786533818051
2019-10-11,-0.006960833829169011,0.01679783285706482,0.01611786533818051,0.01613245084661954
2019-10-14,0.006275284833450412,-0.006960833829169011,0.01613245084661954,0.016133615417846952
2019-10-15,0.003193315072573366,0.006275284833450412,0.016133615417846952,0.016123008893942116
2019-10-16,0.007684353972992053,0.003193315072573366,0.016123008893942116,0.016057948947350204
2019-10-17,0.003123841334461419,0.007684353972992053,0.016057948947350204,0.016052394930320124
2019-10-18,0.010672506051552677,0.003123841334461419,0.016052394930320124,0.01543318222765952
2019-10-22,0.006516288783389612,0.010672506051552677,0.01543318222765952,0.015584926776051451
2019-10-23,-0.006302602285396697,0.006516288783389612,0.015584926776051451,0.01516886966486623
2019-10-24,0.001359123648397631,-0.006302602285396697,0.01516886966486623,0.010166736764133214
2019-10-25,-0.0018527934715960592,0.001359123648397631,0.010166736764133214,0.007964104822288539
2019-10-29,0.00011230477560042473,-0.0018527934715960592,0.007964104822288539,0.008830031697331294
2019-10-30,0.017519938181983052,0.00011230477560042473,0.008830031697331294,0.008292206437744237
2019-10-31,0.004857107869982835,0.017519938181983052,0.008292206437744237,0.007992468063466202
2019-11-01,0.0028157974888274317,0.004857107869982835,0.007992468063466202,0.007859354847386443
2019-11-04,0.0011070906504571099,0.0028157974888274317,0.007859354847386443,0.007798224737115347
2019-11-05,0.004263888868356602,0.0011070906504571099,0.007798224737115347,0.007371896828946668
2019-11-06,-0.002018173043904281,0.004263888868356602,0.007371896828946668,0.00723404990642188
2019-11-07,0.004099084396871566,-0.002018173043904281,0.00723404990642188,0.006365501203388972
2019-11-08,0.003844209304726398,0.004099084396871566,0.006365501203388972,0.006691643810425605
2019-11-11,-0.008649599006986697,0.003844209304726398,0.006691643810425605,0.005947586867764047
2019-11-13,0.0004450569159482054,-0.008649599006986697,0.005947586867764047,0.005883880184886578
2019-11-14,-0.006127528029514329,0.0004450569159482054,0.005883880184886578,0.005821127805615668
2019-11-15,0.002672990768123773,-0.006127528029514329,0.005821127805615668,0.005818388797926749
2019-11-18,0.001966845520657623,0.002672990768123773,0.005818388797926749,0.0057217642092254805
2019-11-19,-0.0009205364347466549,0.001966845520657623,0.0057217642092254805,0.0057486366865806765
2019-11-20,0.004678329704657314,-0.0009205364347466549,0.0057486366865806765,0.0054419573489941
2019-11-21,0.004941332311304558,0.004678329704657314,0.0054419573489941,0.0053990415451064585
2019-11-22,-0.002558460196964596,0.004941332311304558,0.0053990415451064585,0.00528676264242993
2019-11-25,-0.004511881140131235,-0.002558460196964596,0.00528676264242993,0.005903650893301591
2019-11-26,0.013374538722098483,-0.004511881140131235,0.005903650893301591,0.005944768913396134
2019-11-27,-0.0029858001604721185,0.013374538722098483,0.005944768913396134,0.00597473087846091
2019-11-28,0.005233557820665036,-0.0029858001604721185,0.00597473087846091,0.004857474386191142
2019-11-29,0.004169196368656758,0.005233557820665036,0.004857474386191142,0.0051912590890131356
2019-12-02,-0.007826467690735917,0.004169196368656758,0.0051912590890131356,0.005180993946587423
2019-12-03,-0.0006510929783939412,-0.007826467690735917,0.005180993946587423,0.0053008119930926115
2019-12-04,-0.004481997238144242,-0.0006510929783939412,0.0053008119930926115,0.005294487583515503
2019-12-05,0.004085307832292884,-0.004481997238144242,0.005294487583515503,0.0052954398461453125
2019-12-06,-0.00205923710353606,0.004085307832292884,0.0052954398461453125,0.005532247651794866
2019-12-09,-0.008062669529681155,-0.00205923710353606,0.005532247651794866,0.005468201653462166
2019-12-10,0.001342112989137334,-0.008062669529681155,0.005468201653462166,0.005337630632149807
2019-12-11,-0.006760225785340301,0.001342112989137334,0.005337630632149807,0.005434289471487142
2019-12-12,0.0044995771891509495,-0.006760225785340301,0.005434289471487142,0.005356177785009172
2019-12-13,0.005176207859728388,0.0044995771891509495,0.005356177785009172,0.005696454262143163
2019-12-16,0.009597587037832866,0.005176207859728388,0.005696454262143163,0.005742605003603718
2019-12-17,-0.0027095898360001147,0.009597587037832866,0.005742605003603718,0.006023253956029407
2019-12-18,0.009212731336046609,-0.0027095898360001147,0.006023253956029407,0.006022622371097179
2019-12-19,0.004656834412248179,0.009212731336046609,0.006022622371097179,0.005977789371725537
2019-12-20,0.003113311498149862,0.004656834412248179,0.005977789371725537,0.005920853304358891
2019-12-23,0.000986941701855537,0.003113311498149862,0.005920853304358891,0.0057944295698663705
2019-12-24,-0.0007374472230261553,0.000986941701855537,0.0057944295698663705,0.005205287200192258
2019-12-26,-0.003930618769240168,-0.0007374472230261553,0.005205287200192258,0.005425916439658971
2019-12-27,-0.007204522590446127,-0.003930618769240168,0.005425916439658971,0.005717366829994331
2019-12-30,0.009833794601157297,-0.007204522590446127,0.005717366829994331,0.005658752370052932
2019-12-31,0.0008206736062803532,0.009833794601157297,0.005658752370052932,0.005609893856817916
2020-01-01,-0.007131240742024536,0.0008206736062803532,0.005609893856817916,0.005605897796427358
2020-01-02,0.001154609211690083,-0.007131240742024536,0.005605897796427358,0.005718461850538176
2020-01-03,0.008183886337984836,0.001154609211690083,0.005718461850538176,0.005805104997962143
2020-01-06,-0.004522789386603554,0.008183886337984836,0.005805104997962143,0.007232010636988986
2020-01-07,-0.019105853072941215,-0.004522789386603554,0.007232010636988986,0.007070478488875257
2020-01-08,0.004994592001242859,-0.019105853072941215,0.007070478488875257,0.007094418597650139
2020-01-09,-0.0022899444111396106,0.004994592001242859,0.007094418597650139,0.0076511181503092045
2020-01-10,0.015845758122611686,-0.0022899444111396106,0.0076511181503092045,0.007632270615326827
2020-01-13,0.0033480474426501594,0.015845758122611686,0.007632270615326827,0.007652849870106063
2020-01-14,0.0059354808073293075,0.0033480474426501594,0.007652849870106063,0.007429120595416893
2020-01-15,0.0026562202609821117,0.0059354808073293075,0.007429120595416893,0.007403412689851695
2020-01-16,-0.0015369308543056182,0.0026562202609821117,0.007403412689851695,0.007169771714274866
2020-01-17,0.000988406301843714,-0.0015369308543056182,0.007169771714274866,0.007116371788668565
2020-01-20,-0.000254978804985595,0.000988406301843714,0.007116371788668565,0.007469500516120927
2020-01-21,-0.010346193941151438,-0.000254978804985595,0.007469500516120927,0.00752427359682934
2020-01-22,-0.004474618385662321,-0.010346193941151438,0.00752427359682934,0.00759699005119338
2020-01-23,-0.005172555189302153,-0.004474618385662321,0.00759699005119338,0.00768929603886569
2020-01-24,0.0060667236352978104,-0.005172555189302153,0.00768929603886569,0.007604575295008766
2020-01-27,0.005574584704263197,0.0060667236352978104,0.007604575295008766,0.007654968226363379
2020-01-28,-0.010552527912150667,0.005574584704263197,0.007654968226363379,0.007717235439850697
2020-01-29,-0.005214967844912932,-0.010552527912150667,0.007717235439850697,0.007711280330912863
2020-01-30,0.006113256399948197,-0.005214967844912932,0.007711280330912863,0.007879268613198829
2020-01-31,-0.0077249841553650445,0.006113256399948197,0.007879268613198829,0.007703163911781714
2020-02-03,-0.006123414854723341,-0.0077249841553650445,0.007703163911781714,0.00884159683798075
2020-02-04,-0.021250384719316173,-0.006123414854723341,0.00884159683798075,0.0095480195217008
2020-02-05,0.02321082268667074,-0.021250384719316173,0.0095480195217008,0.009698349876490799
2020-02-06,0.009140500467834434,0.02321082268667074,0.009698349876490799,0.009715790340804446
2020-02-07,0.004036661230167438,0.009140500467834434,0.009715790340804446,0.00907959590174255
2020-02-10,-0.0032625431230384194,0.004036661230167438,0.00907959590174255,0.009101868032218794
2020-02-11,-0.005525514763038308,-0.0032625431230384194,0.009101868032218794,0.009117741730600778
2020-02-12,0.006350030388978967,-0.005525514763038308,0.009117741730600778,0.009279259547669793
2020-02-13,0.0077056964194832656,0.006350030388978967,0.009279259547669793,0.009283589730342002
2020-02-14,-0.0021759994314084485,0.0077056964194832656,0.009283589730342002,0.009324388644742842
2020-02-17,-0.005026854435148831,-0.0021759994314084485,0.009324388644742842,0.009378322827195638
2020-02-18,-0.00558473346026378,-0.005026854435148831,0.009378322827195638,0.00917494484293134
2020-02-19,-0.004424762618648104,-0.00558473346026378,0.00917494484293134,0.009494546797070036
2020-02-20,0.011123651500938081,-0.004424762618648104,0.009494546797070036,0.009461110292631345
2020-02-24,-0.003715252459506435,0.011123651500938081,0.009461110292631345,0.010365882834471572
2020-02-25,-0.02081386879900149,-0.003715252459506435,0.010365882834471572,0.010246309875625132
2020-02-26,-0.002662856861702312,-0.02081386879900149,0.010246309875625132,0.010228131624845212
2020-02-27,-0.010120477938589723,-0.002662856861702312,0.010228131624845212,0.010209295952373222
2020-02-28,-0.003870376787472707,-0.010120477938589723,0.010209295952373222,0.01263337605824183
2020-03-02,-0.03709607866493836,-0.003870376787472707,0.01263337605824183,0.012613075631687697
2020-03-03,-0.006159751824491688,-0.03709607866493836,0.012613075631687697,0.013252927516624657
2020-03-04,0.015319647408546855,-0.006159751824491688,0.013252927516624657,0.012562314597745905
2020-03-05,-0.004626950146523701,0.015319647408546855,0.012562314597745905,0.01122326370011727
2020-03-06,0.0015998577904186018,-0.004626950146523701,0.01122326370011727,0.01183825581639444
2020-03-09,-0.024806975302821943,0.0015998577904186018,0.01183825581639444,0.015126920802820541
2020-03-11,-0.048956043335951605,-0.024806975302821943,0.015126920802820541,0.015199379569180917
2020-03-12,0.0006649981756232659,-0.048956043335951605,0.015199379569180917,0.022519111434333605
2020-03-13,-0.08301938801064712,0.0006649981756232659,0.022519111434333605,0.024666108984545736
2020-03-16,0.03806507612689369,-0.08301938801064712,0.024666108984545736,0.028340089696838856
2020-03-17,-0.07612100106679087,0.03806507612689369,0.028340089696838856,0.02834389307236634
2020-03-18,-0.02504518409052825,-0.07612100106679087,0.02834389307236634,0.02965370925654434
2020-03-19,-0.05556454027271507,-0.02504518409052825,0.02965370925654434,0.029590848157965755
2020-03-20,-0.024247781753128472,-0.05556454027271507,0.029590848157965755,0.033827412266949144
2020-03-23,0.058329146858465686,-0.024247781753128472,0.033827412266949144,0.04160286923233058
2020-03-24,-0.12980466070471242,0.058329146858465686,0.04160286923233058,0.04266430471954984
2020-03-25,0.02507142402516349,-0.12980466070471242,0.04266430471954984,0.046599904666278974
2020-03-26,0.06624746894667499,0.02507142402516349,0.046599904666278974,0.04803589819272803
2020-03-27,0.038904356430389475,0.06624746894667499,0.04803589819272803,0.048155003061955554
2020-03-30,0.0021755381634551707,0.038904356430389475,0.048155003061955554,0.04856261556881412
2020-03-31,-0.04378053643081892,0.0021755381634551707,0.04856261556881412,0.049611948506599536
2020-04-01,0.03823772271336057,-0.04378053643081892,0.049611948506599536,0.049984596118786834
2020-04-03,-0.04000467509668226,0.03823772271336057,0.049984596118786834,0.04958279758909926
2020-04-07,-0.020596574186770744,-0.04000467509668226,0.04958279758909926,0.054369872560331635
2020-04-08,0.08763210467115035,-0.020596574186770744,0.054369872560331635,0.05431736521553104
2020-04-09,-0.004941902407507137,0.08763210467115035,0.05431736521553104,0.05536471694988655
2020-04-13,0.04150883161880259,-0.004941902407507137,0.05536471694988655,0.054564985808483873
2020-04-15,-0.01295567073707915,0.04150883161880259,0.054564985808483873,0.05454677930724026
2020-04-16,-0.007621853562688519,-0.01295567073707915,0.05454677930724026,0.051663082635646965
2020-04-17,0.007562771164790316,-0.007621853562688519,0.051663082635646965,0.05139603139506875
2020-04-20,0.03046328187687486,0.007562771164790316,0.05139603139506875,0.048520897193384024
2020-04-21,-0.0005288143766692954,0.03046328187687486,0.048520897193384024,0.048676997044570645
2020-04-22,-0.030274667144095657,-0.0005288143766692954,0.048676997044570645,0.047085365854617985
2020-04-23,0.02291941778872575,-0.030274667144095657,0.047085365854617985,0.046634740091490365
2020-04-24,0.01377995587701486,0.02291941778872575,0.046634740091490365,0.045353384049864706
2020-04-27,-0.017124941572334906,0.01377995587701486,0.045353384049864706,0.03360398058969239
2020-04-28,0.013971358975458648,-0.017124941572334906,0.03360398058969239,0.0334280834496805
2020-04-29,0.010622430648890235,0.013971358975458648,0.0334280834496805,0.030889487916469158
2020-04-30,0.018383013524196468,0.010622430648890235,0.030889487916469158,0.030572369947673223
2020-05-04,0.03208830345213909,0.018383013524196468,0.030572369947673223,0.0336324603299039
2020-05-05,-0.05744483901313502,0.03208830345213909,0.0336324603299039,0.03199357640067866
2020-05-06,-0.009458265521601117,-0.05744483901313502,0.03199357640067866,0.03111149137936888
2020-05-07,0.007093593467121684,-0.009458265521601117,0.03111149137936888,0.029586580859784457
2020-05-08,-0.007750119504051356,0.007093593467121684,0.029586580859784457,0.02897310356957859
2020-05-11,0.0057016970693835045,-0.007750119504051356,0.02897310356957859,0.02230605829547597
2020-05-12,-0.0013294930214019507,0.0057016970693835045,0.02230605829547597,0.02230066317707422
2020-05-13,-0.004616242718351149,-0.0013294930214019507,0.02230066317707422,0.020888290072706272
2020-05-14,0.02033371253039773,-0.004616242718351149,0.020888290072706272,0.021506195733012684
2020-05-15,-0.025661909373274727,0.02033371253039773,0.021506195733012684,0.021419979287395734
2020-05-18,-0.0006453627874545287,-0.025661909373274727,0.021419979287395734,0.022721840097393028
2020-05-19,-0.034322509703259896,-0.0006453627874545287,0.022721840097393028,0.021654378096782567
2020-05-20,0.00632982284022332,-0.034322509703259896,0.021654378096782567,0.022225586545214938
2020-05-21,0.021111396826158035,0.00632982284022332,0.022225586545214938,0.021188136444065024
2020-05-22,0.004378754451001221,0.021111396826158035,0.021188136444065024,0.020635970379363128
2020-05-26,-0.0073575840768702605,0.004378754451001221,0.020635970379363128,0.02037246573171796
2020-05-27,-0.0011284338094974533,-0.0073575840768702605,0.02037246573171796,0.02123843198660939
2020-05-28,0.03166450477176164,-0.0011284338094974533,0.02123843198660939,0.021410928143672958
2020-05-29,0.018803043536468778,0.03166450477176164,0.021410928143672958,0.021387908330819702
2020-06-01,0.009504662651105722,0.018803043536468778,0.021387908330819702,0.021736071877699922
2020-06-02,0.025662097319460564,0.009504662651105722,0.021736071877699922,0.02085740101897798
2020-06-03,0.015565527970742954,0.025662097319460564,0.02085740101897798,0.01606322866291478
2020-06-04,0.008262288035990828,0.015565527970742954,0.01606322866291478,0.01586013529174259
2020-06-05,-0.003225168681009971,0.008262288035990828,0.01586013529174259,0.015924228686947702
2020-06-08,0.011272276241460544,-0.003225168681009971,0.015924228686947702,0.01568833905589533
2020-06-09,0.002494520758722585,0.011272276241460544,0.01568833905589533,0.016106748525853015
2020-06-10,-0.011881032349997822,0.002494520758722585,0.016106748525853015,0.016069324031070756
2020-06-11,0.006917728526201428,-0.011881032349997822,0.016069324031070756,0.01691978060036785
2020-06-12,-0.021169158460066062,0.006917728526201428,0.01691978060036785,0.016510021377880536
2020-06-15,0.00716020911179549,-0.021169158460066062,0.016510021377880536,0.0157869539451608
2020-06-16,-0.015963279394844432,0.00716020911179549,0.0157869539451608,0.01582242667732488
2020-06-17,0.010220386061458031,-0.015963279394844432,0.01582242667732488,0.01331386655440664
2020-06-18,-0.0033134566648174157,0.010220386061458031,0.01331386655440664,0.01375468817583986
2020-06-19,0.021303187551898528,-0.0033134566648174157,0.01375468817583986,0.013490150168718157
2020-06-22,0.015136275444292302,0.021303187551898528,0.013490150168718157,0.013486015828367571
2020-06-23,0.006520616350433883,0.015136275444292302,0.013486015828367571,0.013272869519839246
2020-06-24,0.015497691991291696,0.006520616350433883,0.013272869519839246,0.014091161194596268
2020-06-25,-0.015824677233549855,0.015497691991291696,0.014091161194596268,0.012932088428207585
2020-06-26,-0.001591357298992957,-0.015824677233549855,0.012932088428207585,0.012577053273854917
2020-06-29,0.00914574014738645,-0.001591357298992957,0.012577053273854917,0.012746106166906445
2020-06-30,-0.006799538608783573,0.00914574014738645,0.012746106166906445,0.011724544731999055
2020-07-01,-0.0009988732845714887,-0.006799538608783573,0.011724544731999055,0.011565883096795158
2020-07-02,0.012419817334717198,-0.0009988732845714887,0.011565883096795158,0.011678714081077972
2020-07-03,0.011663452514898642,0.012419817334717198,0.011678714081077972,0.011623617666185877
2020-07-06,0.005273976044848361,0.011663452514898642,0.011623617666185877,0.01177433794320563
2020-07-07,0.014735139974255018,0.005273976044848361,0.01177433794320563,0.011774327330648114
2020-07-08,0.003344590235981215,0.014735139974255018,0.011774327330648114,0.011592884664399289
2020-07-09,-0.00869476207364206,0.003344590235981215,0.011592884664399289,0.01166475698297504
2020-07-10,0.010060032721901813,-0.00869476207364206,0.01166475698297504,0.01040913565028212
2020-07-13,-0.004198511095439339,0.010060032721901813,0.01040913565028212,0.010385804100986724
2020-07-14,0.003217889149241815,-0.004198511095439339,0.010385804100986724,0.010596362901301493
2020-07-15,-0.01808349601540049,0.003217889149241815,0.010596362901301493,0.010505831178895168
2020-07-16,0.0010229309240368245,-0.01808349601540049,0.010505831178895168,0.010533852548233337
2020-07-17,0.011466161662100571,0.0010229309240368245,0.010533852548233337,0.010101207991009551
2020-07-20,0.01506059125586967,0.011466161662100571,0.010101207991009551,0.009908176257111382
2020-07-21,0.011053321760931656,0.01506059125586967,0.009908176257111382,0.01009153250414013
2020-07-22,0.012706156865764484,0.011053321760931656,0.01009153250414013,0.009816068580203266
2020-07-23,-0.0026563094918139463,0.012706156865764484,0.009816068580203266,0.008854918842323698
2020-07-24,0.007442159858846331,-0.0026563094918139463,0.008854918842323698,0.008865016923411077
2020-07-27,-0.0018991484351116306,0.007442159858846331,0.008865016923411077,0.009023189998914593
2020-07-28,-0.005569925698846956,-0.0018991484351116306,0.009023189998914593,0.009059228887593512
2020-07-29,0.0151592736988444,-0.005569925698846956,0.009059228887593512,0.009433289496552382
2020-07-30,-0.008645614328603224,0.0151592736988444,0.009433289496552382,0.009637211713474746
2020-07-31,-0.008988714680747911,-0.008645614328603224,0.009637211713474746,0.009499010394159797
2020-08-03,-0.002585102372305803,-0.008988714680747911,0.009499010394159797,0.010309674217605955
2020-08-04,-0.016422215545293994,-0.002585102372305803,0.010309674217605955,0.010599858965476947
2020-08-05,0.018697932161379383,-0.016422215545293994,0.010599858965476947,0.010592973466656297
2020-08-06,0.0005768586219327965,0.018697932161379383,0.010592973466656297,0.010451314175815829
2020-08-07,0.008872554668374333,0.0005768586219327965,0.010451314175815829,0.010295893021076238
2020-08-10,0.0012410024488720417,0.008872554668374333,0.010295893021076238,0.010224096582597016
2020-08-11,0.005002705259437024,0.0012410024488720417,0.010224096582597016,0.010235780664754137
2020-08-12,0.004644978776729314,0.005002705259437024,0.010235780664754137,0.009163328885464688
2020-08-13,-0.0012452735151247118,0.004644978776729314,0.009163328885464688,0.009190516013801353
2020-08-14,-0.0007030344733010008,-0.0012452735151247118,0.009190516013801353,0.009447010451678062
2020-08-17,-0.010800437378868932,-0.0007030344733010008,0.009447010451678062,0.009018993826932194
2020-08-18,0.0061457110453491115,-0.010800437378868932,0.009018993826932194,0.009088213032347232
2020-08-19,0.012292057935075373,0.0061457110453491115,0.009088213032347232,0.008726318223256407
2020-08-20,0.002024600213507588,0.012292057935075373,0.008726318223256407,0.008938279580281183
2020-08-21,-0.008432399987605033,0.002024600213507588,0.008938279580281183,0.008869391809153507
2020-08-24,0.005250916093857194,-0.008432399987605033,0.008869391809153507,0.00900010964695012
2020-08-25,0.008341006471886514,0.005250916093857194,0.00900010964695012,0.008868850526349698
2020-08-26,0.0005058064691958464,0.008341006471886514,0.008868850526349698,0.008397047037781918
2020-08-27,0.0067423225064831005,0.0005058064691958464,0.008397047037781918,0.008097987235977086
2020-08-28,0.0008355606212675504,0.0067423225064831005,0.008097987235977086,0.007827241780391587
2020-08-31,0.007643195654994939,0.0008355606212675504,0.007827241780391587,0.009460908501745252
2020-09-01,-0.022330747801946216,0.007643195654994939,0.009460908501745252,0.008606413354352613
2020-09-02,0.007266739846322645,-0.022330747801946216,0.008606413354352613,0.007813135127995868
2020-09-03,0.005645038251127943,0.007266739846322645,0.007813135127995868,0.007828025220588545
2020-09-04,-0.0006545127600779965,0.005645038251127943,0.007828025220588545,0.008634591986457059
2020-09-07,-0.016794744948559814,-0.0006545127600779965,0.008634591986457059,0.008638017172533525
2020-09-08,0.0018705202595032944,-0.016794744948559814,0.008638017172533525,0.00861831499860936
2020-09-09,-0.0033201259317187093,0.0018705202595032944,0.00861831499860936,0.00859270127997175
2020-09-10,-0.003476927967516641,-0.0033201259317187093,0.00859270127997175,0.009213716284926366
2020-09-11,0.015184429863450921,-0.003476927967516641,0.009213716284926366,0.009209678931496018
2020-09-14,0.0013276149365679668,0.015184429863450921,0.009209678931496018,0.008854532424868921
2020-09-15,-0.0021283524468515003,0.0013276149365679668,0.008854532424868921,0.00888544240090252
2020-09-16,0.007145947910690342,-0.0021283524468515003,0.00888544240090252,0.008632501900842249
2020-09-17,0.0071820376506051,0.007145947910690342,0.008632501900842249,0.008826616589005529
2020-09-18,-0.007622027291120936,0.0071820376506051,0.008826616589005529,0.008596872682020295
2020-09-21,-0.0009681588767627147,-0.007622027291120936,0.008596872682020295,0.0098737890867919
2020-09-22,-0.02211225483867385,-0.0009681588767627147,0.0098737890867919,0.009810874743151022
2020-09-23,-0.00861286032635733,-0.02211225483867385,0.009810874743151022,0.009803294906458619
2020-09-24,-0.0019545871070447696,-0.00861286032635733,0.009803294906458619,0.011344400265832734
2020-09-25,-0.029312272096516434,-0.0019545871070447696,0.011344400265832734,0.012646725401072161
2020-09-28,0.022645788482354545,-0.029312272096516434,0.012646725401072161,0.013094195663642743
2020-09-29,0.016044868187371275,0.022645788482354545,0.013094195663642743,0.012208154877880024
2020-09-30,-0.0004586409458945395,0.016044868187371275,0.012208154877880024,0.012094468427671794
2020-10-01,0.002241001317642377,-0.0004586409458945395,0.012094468427671794,0.01251504729211364
2020-10-05,0.015061092732783665,0.002241001317642377,0.01251504729211364,0.012635212622759372
2020-10-06,0.0075676439490797165,0.015061092732783665,0.012635212622759372,0.012367009548558412
2020-10-07,0.013826475474619793,0.0075676439490797165,0.012367009548558412,0.012417410721287759
2020-10-08,0.006555187284725372,0.013826475474619793,0.012417410721287759,0.012439901365375686
2020-10-09,0.008156676606839941,0.006555187284725372,0.012439901365375686,0.012406114667404804
2020-10-12,0.0067260903253916204,0.008156676606839941,0.012406114667404804,0.012072155734784684
2020-10-13,0.0014058853909966196,0.0067260903253916204,0.012072155734784684,0.012077261724532122
2020-10-14,0.0002975290843887368,0.0014058853909966196,0.012077261724532122,0.012041931514926914
2020-10-15,0.0030625333853533387,0.0002975290843887368,0.012041931514926914,0.013289227673745269
2020-10-16,-0.02428360085835335,0.0030625333853533387,0.013289227673745269,0.01328555611722234
2020-10-19,0.007028949362235082,-0.02428360085835335,0.01328555611722234,0.013269956198483828
2020-10-20,0.009402769621849272,0.007028949362235082,0.013269956198483828,0.013257718125470348
2020-10-21,0.002000328507897331,0.009402769621849272,0.013257718125470348,0.012085629891635028
2020-10-22,0.0034337457642519276,0.002000328507897331,0.012085629891635028,0.011890763874916069
2020-10-23,-0.0034512817819539743,0.0034337457642519276,0.011890763874916069,0.011833871140842408
2020-10-26,0.0028495402835257977,-0.0034512817819539743,0.011833871140842408,0.010024694320566407
2020-10-27,-0.013629073304543216,0.0028495402835257977,0.010024694320566407,0.00921435589868821
2020-10-28,0.010337608346965288,-0.013629073304543216,0.00921435589868821,0.00945567115642246
2020-10-29,-0.013440608945763599,0.010337608346965288,0.00945567115642246,0.009569508318875267
2020-10-30,-0.005012942184360991,-0.013440608945763599,0.009569508318875267,0.009615705977491614
2020-11-02,-0.002433373422367602,-0.005012942184360991,0.009615705977491614,0.009118735305880945
2020-11-03,0.002297636149117599,-0.002433373422367602,0.009118735305880945,0.009346922300700824
2020-11-04,0.01237019016319918,0.002297636149117599,0.009346922300700824,0.009039781933776447
2020-11-05,0.008041647267956087,0.01237019016319918,0.009039781933776447,0.009691435270235818
2020-11-06,0.017785598915690537,0.008041647267956087,0.009691435270235818,0.009847603936539486
2020-11-09,0.011819014571289532,0.017785598915690537,0.009847603936539486,0.010287707192161441
2020-11-10,0.016104635537461442,0.011819014571289532,0.010287707192161441,0.01058358166802519
2020-11-11,0.01364650710436388,0.016104635537461442,0.01058358166802519,0.010661676617161489
2020-11-12,0.009346041508720315,0.01364650710436388,0.010661676617161489,0.01079621040741398
2020-11-13,-0.004576821525331454,0.009346041508720315,0.01079621040741398,0.008837796788238865
2020-11-17,0.002296970330761372,-0.004576821525331454,0.008837796788238865,0.008990791510876183
2020-11-18,0.012126619808373373,0.002296970330761372,0.008990791510876183,0.00891795500075552
2020-11-19,0.004975051165572175,0.012126619808373373,0.00891795500075552,0.009656196148999124
2020-11-20,-0.01287266861341374,0.004975051165572175,0.009656196148999124,0.009684830293205916
2020-11-23,0.00683930941371913,-0.01287266861341374,0.009684830293205916,0.009553647692267679
2020-11-24,0.005241475198302092,0.00683930941371913,0.009553647692267679,0.009636174144535794
2020-11-25,0.0099563448098976,0.005241475198302092,0.009636174144535794,0.009774752858655368
2020-11-26,-0.015070680468092346,0.0099563448098976,0.009774752858655368,0.00976459129933256
2020-11-27,0.010001213639976747,-0.015070680468092346,0.00976459129933256,0.008996277811422647
2020-12-01,-0.001389836350773832,0.010001213639976747,0.008996277811422647,0.008790464757473916
2020-12-02,0.010802694687318537,-0.001389836350773832,0.008790464757473916,0.008683575706224614
2020-12-03,0.0003585458429504751,0.010802694687318537,0.008683575706224614,0.008700140977836739
2020-12-04,0.0015365849299400214,0.0003585458429504751,0.008700140977836739,0.008611715125394903
2020-12-07,0.009490662358873525,0.0015365849299400214,0.008611715125394903,0.008602809640350885
2020-12-08,0.007331133249439903,0.009490662358873525,0.008602809640350885,0.008143219103782233
2020-12-09,0.002785331809333158,0.007331133249439903,0.008143219103782233,0.008079686739610738
2020-12-10,0.010165752285866914,0.002785331809333158,0.008079686739610738,0.007839041827734707
2020-12-11,-0.0037548548058806697,0.010165752285866914,0.007839041827734707,0.007506816331239526
2020-12-14,0.002637558535026452,-0.0037548548058806697,0.007506816331239526,0.007376035497152086
2020-12-15,0.0032781762806703973,0.002637558535026452,0.007376035497152086,0.007193815664393496
2020-12-16,0.0007153791977927426,0.0032781762806703973,0.007193815664393496,0.0072799881986798
2020-12-17,0.008464907059269056,0.0007153791977927426,0.0072799881986798,0.007011485323345901
2020-12-18,0.004238929390550483,0.008464907059269056,0.007011485323345901,0.007007359507186686
2020-12-21,0.0014445849987885229,0.004238929390550483,0.007007359507186686,0.009736671207156255
2020-12-22,-0.0314049525779333,0.0014445849987885229,0.009736671207156255,0.009851786659767034
2020-12-23,0.010346283876607965,-0.0314049525779333,0.009851786659767034,0.009978417300930425
2020-12-24,0.010010159185716239,0.010346283876607965,0.009978417300930425,0.010015541847469011
2020-12-28,0.01089253037474136,0.010010159185716239,0.010015541847469011,0.009250518528656595
2020-12-29,0.009015051389166695,0.01089253037474136,0.009250518528656595,0.009138153778171761
2020-12-30,0.004281594241144937,0.009015051389166695,0.009138153778171761,0.009072234285532213
2020-12-31,0.003542094606974411,0.004281594241144937,0.009072234285532213,0.008950745743080451
2021-01-01,-1.4318125132972703e-05,0.003542094606974411,0.008950745743080451,0.008929507253693517
2021-01-04,0.0026284263414808606,-1.4318125132972703e-05,0.008929507253693517,0.008983879878971857
2021-01-05,0.00816067272711063,0.0026284263414808606,0.008983879878971857,0.008885494292370358
2021-01-06,0.004712380865514287,0.00816067272711063,0.008885494292370358,0.008963352492650846
2021-01-07,-0.0037501320469031096,0.004712380865514287,0.008963352492650846,0.008994181574222264
2021-01-08,-0.0006291696120880319,-0.0037501320469031096,0.008994181574222264,0.009245124119822541
2021-01-11,0.014847223590326086,-0.0006291696120880319,0.009245124119822541,0.00922748921944046
2021-01-12,0.009583718134137165,0.014847223590326086,0.00922748921944046,0.009234949052794619
2021-01-13,0.005433314024232416,0.009583718134137165,0.009234949052794619,0.009266706459565505
2021-01-14,9.609083312889233e-05,0.005433314024232416,0.009266706459565505,0.009251044244795155
2021-01-15,0.002111247340323086,9.609083312889233e-05,0.009251044244795155,0.009702216460866858
2021-01-18,-0.011092344158201595,0.002111247340323086,0.009702216460866858,0.010105667670573634
2021-01-19,-0.010558650142566628,-0.011092344158201595,0.010105667670573634,0.010614312611723012
2021-01-20,0.016794730817062842,-0.010558650142566628,0.010614312611723012,0.007260991951207583
2021-01-21,0.008508265623863087,0.016794730817062842,0.007260991951207583,0.007344511956911249
2021-01-22,-0.0037112802046228577,0.008508265623863087,0.007344511956911249,0.00826278241634871
2021-01-25,-0.014972171647596122,-0.0037112802046228577,0.00826278241634871,0.008427197789351477
2021-01-27,-0.009254169343308138,-0.014972171647596122,0.008427197789351477,0.009381879333815965
2021-01-28,-0.019060488041877988,-0.009254169343308138,0.009381879333815965,0.009637239224834082
2021-01-29,-0.010735650281904374,-0.019060488041877988,0.009637239224834082,0.009987777097421458
2021-02-01,-0.013240422354072856,-0.010735650281904374,0.009987777097421458,0.01457054864818744
2021-02-02,0.047423511101338356,-0.013240422354072856,0.01457054864818744,0.015527112441330478
2021-02-03,0.02567357148195737,0.047423511101338356,0.015527112441330478,0.015560250740486082
2021-02-04,0.009701122671723184,0.02567357148195737,0.015560250740486082,0.015588320239158591
2021-02-05,0.0071467580293813615,0.009701122671723184,0.015588320239158591,0.015525520484258695
2021-02-08,0.0019199973566108586,0.0071467580293813615,0.015525520484258695,0.01566006200428491
2021-02-09,0.01283480273296811,0.0019199973566108586,0.01566006200428491,0.015450612478684886
2021-02-10,-0.0004300136336804483,0.01283480273296811,0.015450612478684886,0.01537607132880793
2021-02-11,-0.00018530340410816137,-0.0004300136336804483,0.01537607132880793,0.015366737145398652
2021-02-12,0.004421924647502795,-0.00018530340410816137,0.015366737145398652,0.015372460476149236
2021-02-15,-0.0006590524229219685,0.004421924647502795,0.015372460476149236,0.015470236117660453
2021-02-16,0.00998465984153385,-0.0006590524229219685,0.015470236117660453,0.015173646428670166
2021-02-17,-8.162092525865194e-05,0.00998465984153385,0.015173646428670166,0.015028960177292947
2021-02-18,-0.006827318687430917,-8.162092525865194e-05,0.015028960177292947,0.014810260486109521
2021-02-19,-0.005914312869584326,-0.006827318687430917,0.014810260486109521,0.014922056086330482
2021-02-22,-0.009074717063029758,-0.005914312869584326,0.014922056086330482,0.01562581627305529
2021-02-23,-0.020428174591586412,-0.009074717063029758,0.01562581627305529,0.015225716351006528
2021-02-24,0.0021872625461001327,-0.020428174591586412,0.015225716351006528,0.015481966852833456
2021-02-25,0.01864318245786234,0.0021872625461001327,0.015481966852833456,0.014696710317248911
2021-02-26,0.007699213013950157,0.01864318245786234,0.014696710317248911,0.017017203514594507
2021-03-01,-0.03763569324758598,0.007699213013950157,0.017017203514594507,0.016857537543867252
2021-03-02,0.015995389118723446,-0.03763569324758598,0.016857537543867252,0.013734131927198556
2021-03-03,0.010672985341787733,0.015995389118723446,0.013734131927198556,0.013431534559320618
2021-03-04,0.021884698711632122,0.010672985341787733,0.013431534559320618,0.013587982213368785
2021-03-05,-0.010812930524138231,0.021884698711632122,0.013587982213368785,0.013696139475950156
2021-03-08,-0.009459104528952489,-0.010812930524138231,0.013696139475950156,0.013692629674154145
2021-03-09,0.0012117060677612201,-0.009459104528952489,0.013692629674154145,0.013557611998122733
2021-03-10,0.00950777560179139,0.0012117060677612201,0.013557611998122733,0.013601093633851119
2021-03-12,0.005060099883821945,0.00950777560179139,0.013601093633851119,0.013767694014374344
2021-03-15,-0.009479506235763657,0.005060099883821945,0.013767694014374344,0.013798087636912025
2021-03-16,-0.006749419963093084,-0.009479506235763657,0.013798087636912025,0.013798698097744276
2021-03-17,-0.001275984104457617,-0.006749419963093084,0.013798698097744276,0.01380704534206245
2021-03-18,-0.012685759862868795,-0.001275984104457617,0.01380704534206245,0.013947666083504449
2021-03-19,-0.011102973071742905,-0.012685759862868795,0.013947666083504449,0.014282991259918765
2021-03-22,0.012786942826028547,-0.011102973071742905,0.014282991259918765,0.014245825314011779
2021-03-23,-0.000515437423697751,0.012786942826028547,0.014245825314011779,0.014190192816460985
2021-03-24,0.00531673999743143,-0.000515437423697751,0.014190192816460985,0.014022535505635867
2021-03-25,-0.017911176994211853,0.00531673999743143,0.014022535505635867,0.014387458217543196
2021-03-26,-0.015430189146808937,-0.017911176994211853,0.014387458217543196,0.014034264134857935
2021-03-30,0.012733031929623273,-0.015430189146808937,0.014034264134857935,0.01492541571982905
2021-03-31,0.02328481586755049,0.012733031929623273,0.01492541571982905,0.012549200367313268
2021-04-01,-0.010400699094332388,0.02328481586755049,0.012549200367313268,0.012333718789907385
2021-04-05,0.012024574166918489,-0.010400699094332388,0.012333718789907385,0.012561759236984642
2021-04-06,-0.015439860548026041,0.012024574166918489,0.012561759236984642,0.011486542299794882
2021-04-07,0.003122067245233451,-0.015439860548026041,0.011486542299794882,0.011526307620680368
2021-04-08,0.009231436965811968,0.003122067245233451,0.011526307620680368,0.011387074541130571
2021-04-09,0.0036945688638336804,0.009231436965811968,0.011387074541130571,0.011394953672023582
2021-04-12,-0.0026187118170183377,0.0036945688638336804,0.011394953672023582,0.013471162979519632
2021-04-13,-0.03532558930400764,-0.0026187118170183377,0.013471162979519632,0.013831107975738404
2021-04-15,0.013556195506029933,-0.03532558930400764,0.013831107975738404,0.013810137591102025
2021-04-16,0.005284484560774683,0.013556195506029933,0.013810137591102025,0.013776846528790214
2021-04-19,0.002496282165007191,0.005284484560774683,0.013776846528790214,0.014255028151295503
2021-04-20,-0.017676978554819645,0.002496282165007191,0.014255028151295503,0.01404865814339116
2021-04-22,-0.004390823034999047,-0.017676978554819645,0.01404865814339116,0.013990983089792946
2021-04-23,0.007676757575422188,-0.004390823034999047,0.013990983089792946,0.013681112641680034
2021-04-26,-0.004498133053794207,0.007676757575422188,0.013681112641680034,0.01389982903498425
2021-04-27,0.010016518287169873,-0.004498133053794207,0.01389982903498425,0.014102633223772218
2021-04-28,0.011601643402658013,0.010016518287169873,0.014102633223772218,0.013861860137449597
2021-04-29,0.014433855260107098,0.011601643402658013,0.013861860137449597,0.01333354504300233
2021-04-30,0.0020418099664161193,0.014433855260107098,0.01333354504300233,0.01375047207607578
2021-05-03,-0.017710812045177438,0.0020418099664161193,0.01375047207607578,0.012721785621131652
2021-05-04,0.00020851346320172048,-0.017710812045177438,0.012721785621131652,0.012685287172478143
2021-05-05,-0.00940610742344028,0.00020851346320172048,0.012685287172478143,0.01252819520337577
2021-05-06,0.0083709591539336,-0.00940610742344028,0.01252819520337577,0.012171324862660827
2021-05-07,0.0073164109749706,0.0083709591539336,0.012171324862660827,0.012236360287470646
2021-05-10,0.006679247748155426,0.0073164109749706,0.012236360287470646,0.01219670542857622
2021-05-11,0.008041422748121585,0.006679247748155426,0.01219670542857622,0.012254973190564964
2021-05-12,-0.006130201191218876,0.008041422748121585,0.012254973190564964,0.012453543360571962
2021-05-14,-0.0103866808073666,-0.006130201191218876,0.012453543360571962,0.009554102139986474
2021-05-17,-0.0012724250884564858,-0.0103866808073666,0.009554102139986474,0.009779797278008642
2021-05-18,0.01671576048197254,-0.0012724250884564858,0.009779797278008642,0.010040520268099597
2021-05-19,0.012393443335275034,0.01671576048197254,0.010040520268099597,0.010150039297242964
2021-05-20,-0.005159432408138875,0.012393443335275034,0.010150039297242964,0.009449980556643036
2021-05-21,-0.00825677606093067,-0.005159432408138875,0.009449980556643036,0.00996784907537896
2021-05-24,0.01806313567497475,-0.00825677606093067,0.00996784907537896,0.009910712306336462
2021-05-25,0.001476108604989923,0.01806313567497475,0.009910712306336462,0.009788726417711559
2021-05-26,0.0007073438653115716,0.001476108604989923,0.009788726417711559,0.009682252715670964
2021-05-27,0.006115021504864648,0.0007073438653115716,0.009682252715670964,0.009463034215998149
2021-05-28,0.002378821196545866,0.006115021504864648,0.009463034215998149,0.009099412180522402
2021-05-31,0.006376433707514062,0.002378821196545866,0.009099412180522402,0.00925341078503281
2021-06-01,0.009533088035724946,0.006376433707514062,0.00925341078503281,0.00809187444013572
2021-06-02,-0.0005101904286871628,0.009533088035724946,0.00809187444013572,0.008094027753326757
2021-06-03,8.67158252806366e-05,-0.0005101904286871628,0.008094027753326757,0.007620838721009554
2021-06-04,0.0073284506253876724,8.67158252806366e-05,0.007620838721009554,0.007622636610964405
2021-06-07,-0.001281017305247989,0.0073284506253876724,0.007622636610964405,0.007581293125866262
2021-06-08,0.0051945814919991395,-0.001281017305247989,0.007581293125866262,0.007585841029158411
2021-06-09,-0.0007333060957773752,0.0051945814919991395,0.007585841029158411,0.007762636700458832
2021-06-10,-0.006654976944212576,-0.0007333060957773752,0.007762636700458832,0.00757396820493581
2021-06-11,0.0065492869160790335,-0.006654976944212576,0.00757396820493581,0.006946581768028042
2021-06-14,0.003914130633349666,0.0065492869160790335,0.006946581768028042,0.006890443362155893
2021-06-15,0.0007911718082738162,0.003914130633349666,0.006890443362155893,0.0061994957242210704
2021-06-16,0.003630213545097627,0.0007911718082738162,0.0061994957242210704,0.0061246724562874725
2021-06-17,-0.006408632752808119,0.003630213545097627,0.0061246724562874725,0.006105636206899089
2021-06-18,-0.0048295020472909345,-0.006408632752808119,0.006105636206899089,0.00566899578435105
2021-06-21,-0.000513069646403852,-0.0048295020472909345,0.00566899578435105,0.004425878542444371
2021-06-22,0.004026588209654625,-0.000513069646403852,0.004425878542444371,0.004425439970978567
2021-06-23,0.0016670371193598932,0.004026588209654625,0.004425439970978567,0.004694988194078405
2021-06-24,-0.005439749231269109,0.0016670371193598932,0.004694988194078405,0.004719902352023465
2021-06-25,0.006597840798329813,-0.005439749231269109,0.004719902352023465,0.004759744074499349
2021-06-28,0.0044266891189239654,0.006597840798329813,0.004759744074499349,0.004724397326122372
2021-06-29,-0.0028782098242977616,0.0044266891189239654,0.004724397326122372,0.004450370106788955
2021-06-30,-0.0041891404314852165,-0.0028782098242977616,0.004450370106788955,0.0044718450266195385
2021-07-01,-0.0017112919035373597,-0.0041891404314852165,0.0044718450266195385,0.0045223909201725756
2021-07-02,-0.002639697229908089,-0.0017112919035373597,0.0045223909201725756,0.00426952913262431
2021-07-05,0.002691338986766656,-0.002639697229908089,0.00426952913262431,0.004520378066737709
2021-07-06,0.007133188273225066,0.002691338986766656,0.004520378066737709,0.00439985379161972
2021-07-07,-0.0010167521731027085,0.007133188273225066,0.00439985379161972,0.004465140864825589
2021-07-08,0.0038816171589777237,-0.0010167521731027085,0.004465140864825589,0.004732212506560248
2021-07-09,-0.0095562557277451,0.0038816171589777237,0.004732212506560248,0.004540121481942148
2021-07-12,-0.0024224839292732447,-0.0095562557277451,0.004540121481942148,0.004445721344778904
2021-07-13,0.00017844744498685117,-0.0024224839292732447,0.004445721344778904,0.004769453303078354
2021-07-14,0.007630985495128417,0.00017844744498685117,0.004769453303078354,0.004736422436738386
2021-07-15,0.0026308921169333477,0.007630985495128417,0.004736422436738386,0.004595686479625482
2021-07-16,0.004431072328003882,0.0026308921169333477,0.004595686479625482,0.004435089772833238
2021-07-19,-5.0225736783704455e-05,0.004431072328003882,0.004435089772833238,0.005089068345078249
2021-07-20,-0.010738912280361723,-5.0225736783704455e-05,0.005089068345078249,0.005285702227367511
2021-07-22,-0.0076369809214345,-0.010738912280361723,0.005285702227367511,0.005951874577344775
2021-07-23,0.012279233123449584,-0.0076369809214345,0.005951874577344775,0.005821442135213609
2021-07-26,0.002022238326785386,0.012279233123449584,0.005821442135213609,0.0056734533991226795
2021-07-27,-0.0019929055322251976,0.002022238326785386,0.0056734533991226795,0.005685494650137548
2021-07-28,-0.004929081202650898,-0.0019929055322251976,0.005685494650137548,0.005674857879507251
2021-07-29,-0.002352898858342667,-0.004929081202650898,0.005674857879507251,0.0056900783880719265
2021-07-30,0.004395444954646832,-0.002352898858342667,0.0056900783880719265,0.005680591034735341
2021-08-02,-0.000976039499086867,0.004395444954646832,0.005680591034735341,0.005875153226826816
2021-08-03,0.007746000136419795,-0.000976039499086867,0.005875153226826816,0.006701299577590373
2021-08-04,0.015460955882416139,0.007746000136419795,0.006701299577590373,0.00673887341152678
2021-08-05,0.007938242467802281,0.015460955882416139,0.00673887341152678,0.006720553204293584
2021-08-06,0.0022018725316477195,0.007938242467802281,0.006720553204293584,0.006777686644716014
2021-08-09,-0.003461233501561467,0.0022018725316477195,0.006777686644716014,0.006324429082237963
2021-08-10,0.0012347307242392969,-0.003461233501561467,0.006324429082237963,0.006257721543758336
2021-08-11,0.0013439090538649445,0.0012347307242392969,0.006257721543758336,0.006258322520447754
2021-08-12,0.00013208706805212245,0.0013439090538649445,0.006258322520447754,0.0061620818602411915
2021-08-13,0.005045395484346349,0.00013208706805212245,0.0061620818602411915,0.006428774493320956
2021-08-16,0.010064482340847336,0.005045395484346349,0.006428774493320956,0.006404850510169918
2021-08-17,0.002054024277023725,0.010064482340847336,0.006404850510169918,0.006394013693248134
2021-08-18,0.0031122785775283823,0.002054024277023725,0.006394013693248134,0.005806167395904069
2021-08-20,-0.00275360231817956,0.0031122785775283823,0.005806167395904069,0.005764204382699145
2021-08-23,-0.007142898400624986,-0.00275360231817956,0.005764204382699145,0.005309024864043642
2021-08-24,0.0027931806783987323,-0.007142898400624986,0.005309024864043642,0.005456423039378523
2021-08-25,0.007768362083601765,0.0027931806783987323,0.005456423039378523,0.005383901961557256
2021-08-26,0.0006045728309951315,0.007768362083601765,0.005383901961557256,0.005147709651937968
2021-08-27,0.00013525983096518424,0.0006045728309951315,0.005147709651937968,0.005026276587140941
2021-08-30,0.004105261588480014,0.00013525983096518424,0.005026276587140941,0.00552749997656087
2021-08-31,0.013519836521704187,0.004105261588480014,0.00552749997656087,0.005729493860393043
2021-09-01,0.011880446175423387,0.013519836521704187,0.005729493860393043,0.005870684686867819
2021-09-02,-0.00326573477436376,0.011880446175423387,0.005870684686867819,0.005371172079893552
2021-09-03,0.009246783727399066,-0.00326573477436376,0.005371172079893552,0.005281912783760703
2021-09-06,0.005190230833697296,0.009246783727399066,0.005281912783760703,0.005278443317052751
2021-09-07,0.0031287476677577253,0.005190230833697296,0.005278443317052751,0.0051477896936788685
2021-09-08,-0.0009035189246697772,0.0031287476677577253,0.0051477896936788685,0.005194519887572629
2021-09-09,-0.0004953092983268625,-0.0009035189246697772,0.005194519887572629,0.0052028536208959895
2021-09-13,0.0009075978909154347,-0.0004953092983268625,0.0052028536208959895,0.005233451004671478
2021-09-14,-0.000803098507419775,0.0009075978909154347,0.005233451004671478,0.005224315832645376
2021-09-15,0.001423151293159064,-0.000803098507419775,0.005224315832645376,0.005101607304241019
2021-09-16,0.00802354538262362,0.001423151293159064,0.005101607304241019,0.005154373034305461
2021-09-17,0.006281634763507293,0.00802354538262362,0.005154373034305461,0.005292080558698046
2021-09-20,-0.002515647600612625,0.006281634763507293,0.005292080558698046,0.005947226376200114
2021-09-21,-0.010705054879733056,-0.002515647600612625,0.005947226376200114,0.005724317638890488
2021-09-22,0.00949017386246398,-0.010705054879733056,0.005724317638890488,0.00579078016190603
2021-09-23,-0.0008740239935656202,0.00949017386246398,0.00579078016190603,0.006356175758430786
2021-09-24,0.015746528367181822,-0.0008740239935656202,0.006356175758430786,0.006337115093873693
2021-09-27,0.0016972499684944076,0.015746528367181822,0.006337115093873693,0.006337858384759944
2021-09-28,0.00010644538279747096,0.0016972499684944076,0.006337858384759944,0.006654074513066357
2021-09-29,-0.0059646824901542495,0.00010644538279747096,0.006654074513066357,0.006270838532397057
2021-09-30,-0.0021015082285871234,-0.0059646824901542495,0.006270838532397057,0.006054989001307849
2021-10-01,-0.005259376020738893,-0.0021015082285871234,0.006054989001307849,0.006126696766542447
2021-10-04,-0.004886983449795879,-0.005259376020738893,0.006126696766542447,0.006115971997480534
2021-10-05,0.009080467581137563,-0.004886983449795879,0.006115971997480534,0.006205612948811782
2021-10-06,0.007407660919946268,0.009080467581137563,0.006205612948811782,0.00665537079788113
2021-10-07,-0.009892144870289554,0.007407660919946268,0.00665537079788113,0.006835253503279997
2021-10-08,0.008180302016037588,-0.009892144870289554,0.006835253503279997,0.0068986988910936685
2021-10-11,0.005893622760496431,0.008180302016037588,0.0068986988910936685,0.00690342741652801
2021-10-12,0.0028359561343596074,0.005893622760496431,0.00690342741652801,0.006884399953441346
2021-10-13,0.0025632525445875576,0.0028359561343596074,0.006884399953441346,0.007085197372690168
2021-10-14,0.00943759784921161,0.0025632525445875576,0.007085197372690168,0.007165856746403098
2021-10-18,0.009734787740718787,0.00943759784921161,0.007165856746403098,0.007207269783620284
2021-10-19,0.007552396132719963,0.009734787740718787,0.007207269783620284,0.0072297928785270684
2021-10-20,-0.003155307734996393,0.007552396132719963,0.0072297928785270684,0.007027936344990653
2021-10-21,-0.008260625212080042,-0.003155307734996393,0.007027936344990653,0.006995756176580306
2021-10-22,-0.004844908296702255,-0.008260625212080042,0.006995756176580306,0.007065718282452229
2021-10-25,-0.003476668084567369,-0.004844908296702255,0.007065718282452229,0.006271795641796363
2021-10-26,0.000579633328010587,-0.003476668084567369,0.006271795641796363,0.006457887755182712
2021-10-27,0.007889480889700096,0.000579633328010587,0.006457887755182712,0.006521937275781489
2021-10-28,-0.0031448386638428527,0.007889480889700096,0.006521937275781489,0.007776850245553982
2021-10-29,-0.0194223384240636,-0.0031448386638428527,0.007776850245553982,0.008109321847841374
2021-11-01,-0.010393515763905459,-0.0194223384240636,0.008109321847841374,0.00861661794298558
2021-11-02,0.014599655057507821,-0.010393515763905459,0.00861661794298558,0.008547839386226485
2021-11-03,-0.002270048271341696,0.014599655057507821,0.008547839386226485,0.008388629799665172
2021-11-04,-0.0033400508475575075,-0.002270048271341696,0.008388629799665172,0.008301706891229393
2021-11-08,0.004913376165984751,-0.0033400508475575075,0.008301706891229393,0.008141671044201052
2021-11-09,0.008469704042186388,0.004913376165984751,0.008141671044201052,0.007994963578733626
2021-11-10,-0.001344921435271762,0.008469704042186388,0.007994963578733626,0.007917482733336954
2021-11-11,-0.0014991358050348014,-0.001344921435271762,0.007917482733336954,0.008097192359151682
2021-11-12,-0.007970140510272006,-0.0014991358050348014,0.008097192359151682,0.008565577804111784
2021-11-15,0.012820606684330382,-0.007970140510272006,0.008565577804111784,0.008308046589939335
2021-11-16,0.0003700663573213969,0.012820606684330382,0.008308046589939335,0.008085616556541582
2021-11-17,-0.006087981951756416,0.0003700663573213969,0.008085616556541582,0.007908693669088728
2021-11-18,-0.005586294529162039,-0.006087981951756416,0.007908693669088728,0.008009993637606854
2021-11-22,-0.007478195643460861,-0.005586294529162039,0.008009993637606854,0.008817037682775385
2021-11-23,-0.019603372100156835,-0.007478195643460861,0.008817037682775385,0.008931386301705061
2021-11-24,0.004983697932798847,-0.019603372100156835,0.008931386301705061,0.008952970622696841
2021-11-25,-0.0050446817378146935,0.004983697932798847,0.008952970622696841,0.009145223253342712
2021-11-26,0.006959452503032093,-0.0050446817378146935,0.009145223253342712,0.010670683863773336
2021-11-29,-0.029071254187753914,0.006959452503032093,0.010670683863773336,0.01072439507173801
2021-11-30,0.0016151341742889347,-0.029071254187753914,0.01072439507173801,0.010056783571904994
2021-12-01,-0.004148599194972014,0.0016151341742889347,0.010056783571904994,0.010270165328670549
2021-12-02,0.01081664117042136,-0.004148599194972014,0.010270165328670549,0.010200174937727352
2021-12-03,0.013674571102433752,0.01081664117042136,0.010200174937727352,0.010449952429630009
2021-12-06,-0.01177768586739425,0.013674571102433752,0.010449952429630009,0.010931581956786098
2021-12-07,-0.01654091957599968,-0.01177768586739425,0.010931581956786098,0.011527141232321137
2021-12-08,0.015636548581649423,-0.01654091957599968,0.011527141232321137,0.012055525067836364
2021-12-09,0.017060948527881648,0.015636548581649423,0.012055525067836364,0.012090894073452804
2021-12-10,0.002696066593683266,0.017060948527881648,0.012090894073452804,0.01209287678907408
2021-12-13,-0.00031677089480919296,0.002696066593683266,0.01209287678907408,0.01209845128950643
2021-12-14,-0.008169055116863166,-0.00031677089480919296,0.01209845128950643,0.011658638010595229
2021-12-15,-0.002495911181322197,-0.008169055116863166,0.011658638010595229,0.011675678753722898
2021-12-16,-0.005974060321640162,-0.002495911181322197,0.011675678753722898,0.011671872059869266
2021-12-17,0.0015678167505297491,-0.005974060321640162,0.011671872059869266,0.012008098522427927
2021-12-20,-0.01525945397337003,0.0015678167505297491,0.012008098522427927,0.012699696770346979
2021-12-21,-0.021842546279377872,-0.01525945397337003,0.012699696770346979,0.012390491928443654
2021-12-22,0.00942870544420904,-0.021842546279377872,0.012390491928443654,0.012621105470117943
2021-12-23,0.011007170994593363,0.00942870544420904,0.012621105470117943,0.012719449421750333
2021-12-24,0.006909306212627531,0.011007170994593363,0.012719449421750333,0.012606912957900864
2021-12-27,-0.004032754879180422,0.006909306212627531,0.012606912957900864,0.010946870700823634
2021-12-28,0.004851870910828504,-0.004032754879180422,0.010946870700823634,0.011096466264845225
2021-12-29,0.008603409174043453,0.004851870910828504,0.011096466264845225,0.01105201074543396
2021-12-30,-0.0011402602889762914,0.008603409174043453,0.01105201074543396,0.010807454848141052
2021-12-31,-0.0005606259494814747,-0.0011402602889762914,0.010807454848141052,0.010548819366837544
2022-01-03,0.008724831757606522,-0.0005606259494814747,0.010548819366837544,0.010724443586372923
2022-01-04,0.015653315812207858,0.008724831757606522,0.010724443586372923,0.010076539336444002
2022-01-05,0.01018687423526421,0.015653315812207858,0.010076539336444002,0.009675739663267338
2022-01-06,0.0067395852346920915,0.01018687423526421,0.009675739663267338,0.009378259523095216
2022-01-07,-0.010005417462796928,0.0067395852346920915,0.009378259523095216,0.009392005126860765
2022-01-10,0.003764183651131514,-0.010005417462796928,0.009392005126860765,0.009628870467895269
2022-01-11,0.010700318921871732,0.003764183651131514,0.009628870467895269,0.009380729175645157
2022-01-12,0.002913311252602302,0.010700318921871732,0.009380729175645157,0.009435949511277296
2022-01-13,0.008673115731830494,0.002913311252602302,0.009435949511277296,0.009237967333758833
2022-01-14,0.0024956237305924223,0.008673115731830494,0.009237967333758833,0.009256679448934362
2022-01-17,-0.00011232356375068253,0.0024956237305924223,0.009256679448934362,0.008288057500297812
2022-01-18,0.0028675682661627455,-0.00011232356375068253,0.008288057500297812,0.006795148941847469
2022-01-19,-0.010653690567923424,0.0028675682661627455,0.006795148941847469,0.0073084754053717674
2022-01-20,-0.00964224043394124,-0.010653690567923424,0.0073084754053717674,0.007631511867327209
2022-01-21,-0.010112406160797005,-0.00964224043394124,0.007631511867327209,0.007856879833964568
2022-01-24,-0.007875745304668613,-0.010112406160797005,0.007856879833964568,0.009921644121913526
2022-01-25,-0.02656790518738339,-0.007875745304668613,0.009921644121913526,0.009997364662164282
2022-01-27,0.007513491221694313,-0.02656790518738339,0.009997364662164282,0.010061041176634044
2022-01-28,-0.00971173291462768,0.007513491221694313,0.010061041176634044,0.010059291406089582
2022-01-31,-0.0004793161771092791,-0.00971173291462768,0.010059291406089582,0.010522769577826187
2022-02-01,0.0139107178709299,-0.0004793161771092791,0.010522769577826187,0.01077003101200528
2022-02-02,0.013667938611870323,0.0139107178709299,0.01077003101200528,0.010519176471227392
2022-02-03,0.011557838585399605,0.013667938611870323,0.010519176471227392,0.010627820940869582
2022-02-04,-0.012362248664229525,0.011557838585399605,0.010627820940869582,0.010499003435216765
2022-02-07,-0.0024998826581151823,-0.012362248664229525,0.010499003435216765,0.010921019713372077
2022-02-08,-0.017281112927623465,-0.0024998826581151823,0.010921019713372077,0.010906037180480622
2022-02-09,0.0030876976246183574,-0.017281112927623465,0.010906037180480622,0.010946636427367677
2022-02-10,0.01141215233034587,0.0030876976246183574,0.010946636427367677,0.011107362194817554
2022-02-11,0.008133901085124018,0.01141215233034587,0.011107362194817554,0.011162738598558007
2022-02-14,-0.01312629691281364,0.008133901085124018,0.011162738598558007,0.012701750103840545
2022-02-15,-0.03061622289529342,-0.01312629691281364,0.012701750103840545,0.014708087114496707
2022-02-16,0.03025912638397754,-0.03061622289529342,0.014708087114496707,0.014661266066844593
2022-02-17,-0.0017432697608654735,0.03025912638397754,0.014661266066844593,0.014544635511280993
2022-02-18,-0.001016014719190439,-0.0017432697608654735,0.014544635511280993,0.014440813840739617
2022-02-21,-0.0016353356196504576,-0.001016014719190439,0.014440813840739617,0.01432397316120095
2022-02-22,-0.004031556958107085,-0.0016353356196504576,0.01432397316120095,0.014298770732322908
2022-02-23,-0.006651566067580439,-0.004031556958107085,0.014298770732322908,0.01308320580113906
2022-02-24,-0.0016937094155936583,-0.006651566067580439,0.01308320580113906,0.016563482898959418
2022-02-25,-0.04778103847083648,-0.0016937094155936583,0.016563482898959418,0.01756096945860445
2022-02-28,0.025261660109649586,-0.04778103847083648,0.01756096945860445,0.017677010761401192
2022-03-02,0.008134034290366632,0.025261660109649586,0.017677010761401192,0.017486252661164756
2022-03-03,-0.011191633122935585,0.008134034290366632,0.017486252661164756,0.01713823139365919
2022-03-04,-0.00649757722841704,-0.011191633122935585,0.01713823139365919,0.017009885390850566
2022-03-07,-0.015317032007332254,-0.00649757722841704,0.017009885390850566,0.017448204985473555
2022-03-08,-0.02352668473994779,-0.015317032007332254,0.017448204985473555,0.01771668669426017
2022-03-09,0.009474776509483585,-0.02352668473994779,0.01771668669426017,0.01823776764447303
2022-03-10,0.020726290088294297,0.009474776509483585,0.01823776764447303,0.018607645695337627
2022-03-11,0.01526738719047449,0.020726290088294297,0.018607645695337627,0.01838916290180899
2022-03-14,0.0021421537513466316,0.01526738719047449,0.01838916290180899,0.018617678410819585
2022-03-15,0.014482565042708062,0.0021421537513466316,0.018617678410819585,0.018594848525545753
2022-03-16,-0.012346456503312231,0.014482565042708062,0.018594848525545753,0.01787934505026937
2022-03-17,0.018745100484606647,-0.012346456503312231,0.01787934505026937,0.01705983648629979
2022-03-21,0.018361988356508263,0.018745100484606647,0.01705983648629979,0.017190215727031312
2022-03-22,-0.009802202470463706,0.018361988356508263,0.017190215727031312,0.017386520297644953
2022-03-23,0.011561223252155806,-0.009802202470463706,0.017386520297644953,0.017406876953377056
2022-03-24,-0.0040339354552280104,0.011561223252155806,0.017406876953377056,0.017385077661119512
2022-03-25,-0.0013278937068936791,-0.0040339354552280104,0.017385077661119512,0.017343105741800473
2022-03-28,-0.004049875890900112,-0.0013278937068936791,0.017343105741800473,0.01735487817013179
2022-03-29,0.004022619949862971,-0.004049875890900112,0.01735487817013179,0.013371678934854395
2022-03-30,0.005998187274997013,0.004022619949862971,0.013371678934854395,0.012495161359262501
2022-03-31,0.009982465582194733,0.005998187274997013,0.012495161359262501,0.012457721617877305
2022-04-01,-0.001914477162001882,0.009982465582194733,0.012457721617877305,0.012253736651948004
2022-04-04,0.011777965258592316,-0.001914477162001882,0.012253736651948004,0.012692082475131098
2022-04-05,0.021671841339984343,0.011777965258592316,0.012692082475131098,0.012089597376146623
2022-04-06,-0.005317557796472028,0.021671841339984343,0.012089597376146623,0.010679035367640193
2022-04-07,-0.008339180323571727,-0.005317557796472028,0.010679035367640193,0.011122158880314191
2022-04-08,-0.00943974110495216,-0.008339180323571727,0.011122158880314191,0.010539029263431705
2022-04-11,0.008208759390795572,-0.00943974110495216,0.010539029263431705,0.01043801528705863
2022-04-12,-0.006151497975913078,0.008208759390795572,0.01043801528705863,0.010722684380553595
2022-04-13,-0.008183810641252287,-0.006151497975913078,0.010722684380553595,0.01042856596719818
2022-04-18,-0.0031174816283502382,-0.008183810641252287,0.01042856596719818,0.010810197836350927
2022-04-19,-0.017281188010147552,-0.0031174816283502382,0.010810197836350927,0.010462845598477648
2022-04-20,-0.012519178806467801,-0.017281188010147552,0.010462845598477648,0.009898067819529819
2022-04-21,0.010490244596548015,-0.012519178806467801,0.009898067819529819,0.010187610863248547
2022-04-22,0.014941678252146096,0.010490244596548015,0.010187610863248547,0.010281646075947495
2022-04-25,-0.012686452605167986,0.014941678252146096,0.010281646075947495,0.01060558959374148
2022-04-26,-0.012695122564301942,-0.012686452605167986,0.01060558959374148,0.011117301723409455
2022-04-27,0.014560121616207233,-0.012695122564301942,0.011117301723409455,0.011276572338453528
2022-04-28,-0.009441443610115341,0.014560121616207233,0.011276572338453528,0.011565479910526803
2022-04-29,0.012128508890934642,-0.009441443610115341,0.011565479910526803,0.011622078788259743
2022-05-02,-0.008263240381694681,0.012128508890934642,0.011622078788259743,0.011370283800050519
2022-05-04,-0.0019559171203674675,-0.008263240381694681,0.011370283800050519,0.012328673792648974
2022-05-05,-0.022936183451936376,-0.0019559171203674675,0.012328673792648974,0.011929666279226515
2022-05-06,0.00030284821366977077,-0.022936183451936376,0.011929666279226515,0.010886576448897886
2022-05-09,-0.0162684216398562,0.00030284821366977077,0.010886576448897886,0.010895772309368498
2022-05-10,-0.006666182687180999,-0.0162684216398562,0.010895772309368498,0.010861601069122673
2022-05-11,-0.003790968888092272,-0.006666182687180999,0.010861601069122673,0.010798520068574373
2022-05-12,-0.0044919933245182175,-0.003790968888092272,0.010798520068574373,0.011102801057819595
2022-05-13,-0.022211752141785834,-0.0044919933245182175,0.011102801057819595,0.011133961085549836
2022-05-16,-0.0016352232651188903,-0.022211752141785834,0.011133961085549836,0.01128634040969121
2022-05-17,0.0038112305721171857,-0.0016352232651188903,0.01128634040969121,0.013170216928665915
2022-05-18,0.026321935902047233,0.0038112305721171857,0.013170216928665915,0.01278145749726953
2022-05-19,-0.0011685620062508173,0.026321935902047233,0.01278145749726953,0.013661836250936978
2022-05-20,-0.026532725334179386,-0.0011685620062508173,0.013661836250936978,0.015101216565383555
2022-05-23,0.028891038794289337,-0.026532725334179386,0.015101216565383555,0.014570916103268987
2022-05-24,-0.0031630222318707046,0.028891038794289337,0.014570916103268987,0.014421619853219388
2022-05-25,-0.005522754266735541,-0.0031630222318707046,0.014421619853219388,0.014269221112265086
2022-05-26,-0.006161219184365629,-0.005522754266735541,0.014269221112265086,0.013984315505706982
2022-05-27,0.009007387318995308,-0.006161219184365629,0.013984315505706982,0.014224308795648923
2022-05-30,0.011273847198922216,0.009007387318995308,0.014224308795648923,0.014627779750398556
2022-05-31,0.018893205092962884,0.011273847198922216,0.014627779750398556,0.014565398238997992
2022-06-01,-0.004612433983534836,0.018893205092962884,0.014565398238997992,0.01457412534657157
2022-06-02,-0.0037264067061659745,-0.004612433983534836,0.01457412534657157,0.013795875488467488
2022-06-03,0.006370004993115463,-0.0037264067061659745,0.013795875488467488,0.013806932995009437
2022-06-06,-0.002628050201467391,0.006370004993115463,0.013806932995009437,0.013310465333461289
2022-06-07,-0.0008893953501298846,-0.002628050201467391,0.013310465333461289,0.013391966574267333
2022-06-08,-0.009245946006475991,-0.0008893953501298846,0.013391966574267333,0.013389953218755883
2022-06-09,-0.0036609606157923524,-0.009245946006475991,0.013389953218755883,0.01342423917418624
2022-06-10,0.00744972774168895,-0.0036609606157923524,0.01342423917418624,0.012999559460026532
2022-06-13,-0.016767698414100085,0.00744972774168895,0.012999559460026532,0.014327979473021408
2022-06-14,-0.026379749115209128,-0.016767698414100085,0.014327979473021408,0.014313354436610285
2022-06-15,-0.00268160945598539,-0.026379749115209128,0.014313354436610285,0.012957276903728736
2022-06-16,-0.0025393443813560568,-0.00268160945598539,0.012957276903728736,0.013637546141796096
2022-06-17,-0.021128447854290244,-0.0025393443813560568,0.013637546141796096,0.012499653456978203
2022-06-20,-0.00436829362663993,-0.021128447854290244,0.012499653456978203,0.010483011892508774
2022-06-21,0.0037042135956451006,-0.00436829362663993,0.010483011892508774,0.011483193419532123
2022-06-22,0.018804337854487096,0.0037042135956451006,0.011483193419532123,0.011792850302207869
2022-06-23,-0.014419265085317434,0.018804337854487096,0.011792850302207869,0.012006121500035194
2022-06-24,0.009300447519609234,-0.014419265085317434,0.012006121500035194,0.012013028320237207
2022-06-27,0.009166472588529428,0.009300447519609234,0.012013028320237207,0.011880247064496835
2022-06-28,0.008458990377725017,0.009166472588529428,0.011880247064496835,0.010954319796704871
2022-06-29,0.0011464333961117568,0.008458990377725017,0.010954319796704871,0.010943954714949453
2022-06-30,-0.0032239710103227903,0.0011464333961117568,0.010943954714949453,0.01094083324781886
2022-07-01,-0.001193081241402827,-0.0032239710103227903,0.01094083324781886,0.010767403239151438
2022-07-04,-0.0017870563085186086,-0.001193081241402827,0.010767403239151438,0.010901107696660497
2022-07-05,0.005288188249805481,-0.0017870563085186086,0.010901107696660497,0.010898275509264638
2022-07-06,-0.0015471713984448465,0.005288188249805481,0.010898275509264638,0.011151857349830712
2022-07-07,0.011318189707300252,-0.0015471713984448465,0.011151857349830712,0.011350095147701123
2022-07-08,0.00894949203151052,0.011318189707300252,0.011350095147701123,0.01128708284909665
2022-07-11,0.005436047866567373,0.00894949203151052,0.01128708284909665,0.010669244677330995
2022-07-12,-0.00028356592763323363,0.005436047866567373,0.010669244677330995,0.009107482958368605
2022-07-13,-0.0097249750439381,-0.00028356592763323363,0.009107482958368605,0.009190355882845046
2022-07-14,-0.005707292501522909,-0.0097249750439381,0.009190355882845046,0.00917790659461907
2022-07-15,-0.0017536552323109689,-0.005707292501522909,0.00917790659461907,0.00776189429067884
2022-07-18,0.0069359576863876615,-0.0017536552323109689,0.00776189429067884,0.00804471013142288
2022-07-19,0.014287304158276504,0.0069359576863876615,0.00804471013142288,0.008045210119321855
2022-07-20,0.003811764271124396,0.014287304158276504,0.008045210119321855,0.0074383943953214475
2022-07-21,0.01103388850696918,0.003811764271124396,0.0074383943953214475,0.006338029222499165
2022-07-22,0.005108719746296009,0.01103388850696918,0.006338029222499165,0.006249978649092845
2022-07-25,0.006877295960614926,0.005108719746296009,0.006249978649092845,0.006384392157238211
2022-07-26,-0.005290199311757782,0.006877295960614926,0.006384392157238211,0.006721275726929406
2022-07-27,-0.00884795806776506,-0.005290199311757782,0.006721275726929406,0.006920330968708078
2022-07-28,0.0095821774414373,-0.00884795806776506,0.006920330968708078,0.0075172309102739445
2022-07-29,0.017293731123692924,0.0095821774414373,0.0075172309102739445,0.007756214923915376
2022-08-01,0.013505953826479233,0.017293731123692924,0.007756214923915376,0.007763095181747884
2022-08-02,0.010595531668439406,0.013505953826479233,0.007763095181747884,0.00781722541634368
2022-08-03,0.000311327663805816,0.010595531668439406,0.00781722541634368,0.007713612696993749
2022-08-04,0.002461808358865669,0.000311327663805816,0.007713612696993749,0.007622787852764915
2022-08-05,-0.0003537116074355806,0.002461808358865669,0.007622787852764915,0.00756434472378479
2022-08-08,0.0008917270739845495,-0.0003537116074355806,0.00756434472378479,0.007598307832896069
2022-08-10,0.007334364671648164,0.0008917270739845495,0.007598307832896069,0.007578497953771998
2022-08-11,0.0005506610997998429,0.007334364671648164,0.007578497953771998,0.006944499296367157
2022-08-12,0.007085929368824795,0.0005506610997998429,0.006944499296367157,0.006563677129156526
2022-08-16,0.0022170219505635025,0.007085929368824795,0.006563677129156526,0.006395858669250417
2022-08-17,0.007181519343531395,0.0022170219505635025,0.006395858669250417,0.006392907478485214
2022-08-18,0.006675923198833145,0.007181519343531395,0.006392907478485214,0.006125498465979014
2022-08-19,0.0006826699360520383,0.006675923198833145,0.006125498465979014,0.007023488196499227
2022-08-22,-0.011029475746944017,0.0006826699360520383,0.007023488196499227,0.00796324116741975
2022-08-23,-0.0150773300473388,-0.011029475746944017,0.00796324116741975,0.0079611421690935
2022-08-24,0.00496268217550444,-0.0150773300473388,0.0079611421690935,0.007907457874315654
2022-08-25,0.001561611079505143,0.00496268217550444,0.007907457874315654,0.007878788530829274
2022-08-26,-0.004686182219266755,0.001561611079505143,0.007878788530829274,0.007439095938220277
2022-08-29,0.002080255529346653,-0.004686182219266755,0.007439095938220277,0.00814915388619145
2022-08-30,-0.014009988924553851,0.002080255529346653,0.00814915388619145,0.00910483592028848
2022-09-01,0.02578426378902554,-0.014009988924553851,0.00910483592028848,0.009251947012758261
2022-09-02,-0.012190795272107646,0.02578426378902554,0.009251947012758261,0.008994052381327111
2022-09-05,-0.0001910505934481499,-0.012190795272107646,0.008994052381327111,0.009108674523139817
2022-09-06,0.007203850071011875,-0.0001910505934481499,0.009108674523139817,0.009106950727199074
2022-09-07,-0.0005774531254664206,0.007203850071011875,0.009106950727199074,0.00912085566214567
2022-09-08,-0.0017671004916441913,-0.0005774531254664206,0.00912085566214567,0.00933922470968354
2022-09-09,0.009892512965589573,-0.0017671004916441913,0.00933922470968354,0.00923358918862748
2022-09-12,0.0019439347917691308,0.009892512965589573,0.00923358918862748,0.009294717688210155
2022-09-13,0.005775695663245095,0.0019439347917691308,0.009294717688210155,0.009306876311224965
2022-09-14,0.007454201929980142,0.005775695663245095,0.009306876311224965,0.009361214415735187
2022-09-15,-0.0036690976717561608,0.007454201929980142,0.009361214415735187,0.009394322479309453
2022-09-16,-0.007017960667916379,-0.0036690976717561608,0.009394322479309453,0.010181757574224687
2022-09-19,-0.019384853148544656,-0.007017960667916379,0.010181757574224687,0.010268174673498293
2022-09-20,0.0052136885924867205,-0.019384853148544656,0.010268174673498293,0.01030129879865636
2022-09-21,0.011008809885230342,0.0052136885924867205,0.01030129879865636,0.00979004310283476
2022-09-22,-0.005495005437451739,0.011008809885230342,0.00979004310283476,0.009812492626713576
2022-09-23,-0.004997577656902563,-0.005495005437451739,0.009812492626713576,0.010506914161266725
2022-09-26,-0.017155677232420508,-0.004997577656902563,0.010506914161266725,0.011138078986128213
2022-09-27,-0.017951321762256445,-0.017155677232420508,0.011138078986128213,0.011112616146272342
2022-09-28,-0.0005230508522044985,-0.017951321762256445,0.011112616146272342,0.010872243842828283
2022-09-29,-0.00874917846539458,-0.0005230508522044985,0.010872243842828283,0.008941637752836087
2022-09-30,-0.0024023347691036756,-0.00874917846539458,0.008941637752836087,0.009558445584267284
2022-10-03,0.01642575596626905,-0.0024023347691036756,0.009558445584267284,0.009845751598087229
2022-10-04,-0.012109264448790458,0.01642575596626905,0.009845751598087229,0.011080040728998382
2022-10-06,0.02291367093271912,-0.012109264448790458,0.011080040728998382,0.011120346109248351
2022-10-07,0.0033286441360573793,0.02291367093271912,0.011120346109248351,0.01111833682020719
2022-10-10,-0.0009895331040011834,0.0033286441360573793,0.01111833682020719,0.010864707320937335
2022-10-11,-0.00425364584114718,-0.0009895331040011834,0.010864707320937335,0.011218812066952246
2022-10-12,-0.014932383199930399,-0.00425364584114718,0.011218812066952246,0.011319811849877333
2022-10-13,0.008246145339619648,-0.014932383199930399,0.011319811849877333,0.0111342871464588
2022-10-14,-0.006380083772817624,0.008246145339619648,0.0111342871464588,0.01147923937148692
2022-10-17,0.010070888003887335,-0.006380083772817624,0.01147923937148692,0.011601597024294705
2022-10-18,0.007337586960815656,0.010070888003887335,0.011601597024294705,0.011098561489109912
2022-10-19,0.010117285874136073,0.007337586960815656,0.011098561489109912,0.01103933532619383
2022-10-20,0.0014468379208691928,0.010117285874136073,0.01103933532619383,0.010765452122132
2022-10-21,0.0029521745492440132,0.0014468379208691928,0.010765452122132,0.010710047350549999
2022-10-24,0.0007032337856462956,0.0029521745492440132,0.010710047350549999,0.010831335152631105
2022-10-25,0.008787356376761757,0.0007032337856462956,0.010831335152631105,0.0101320125142504
2022-10-27,-0.004196122026705051,0.008787356376761757,0.0101320125142504,0.009178914396399585
2022-10-28,0.004564907874966551,-0.004196122026705051,0.009178914396399585,0.009161597943128047
2022-10-31,0.002810605244745412,0.004564907874966551,0.009161597943128047,0.009076520906079024
2022-11-01,0.012672230395564199,0.002810605244745412,0.009076520906079024,0.009026035514563052
2022-11-02,0.007395053222392978,0.012672230395564199,0.009026035514563052,0.008655128126398882
2022-11-03,-0.003447197631545107,0.007395053222392978,0.008655128126398882,0.00803882973504258
2022-11-04,-0.0016673473084335422,-0.003447197631545107,0.00803882973504258,0.0066583128315078725
2022-11-07,0.003570168155688336,-0.0016673473084335422,0.0066583128315078725,0.006676174847661969
2022-11-09,0.004727586225111935,0.003570168155688336,0.006676174847661969,0.006722607641978873
2022-11-10,-0.002516139235956394,0.004727586225111935,0.006722607641978873,0.00688730031361308
2022-11-11,-0.007093725904609771,-0.002516139235956394,0.00688730031361308,0.006525602661759915
2022-11-14,0.017833173247033374,-0.007093725904609771,0.006525602661759915,0.006520219803759284
2022-11-15,-0.0011198455015547504,0.017833173247033374,0.006520219803759284,0.006134617039488645
2022-11-16,0.004050924260950772,-0.0011198455015547504,0.006134617039488645,0.006000289964045436
2022-11-17,0.0003396111515991951,0.004050924260950772,0.006000289964045436,0.00610444518267515
2022-11-18,-0.00357149639481924,0.0003396111515991951,0.00610444518267515,0.005945930831464777
2022-11-21,-0.00197613371355454,-0.00357149639481924,0.005945930831464777,0.006354879034247368
2022-11-22,-0.008067729540576885,-0.00197613371355454,0.006354879034247368,0.006381445767689417
2022-11-23,0.00463933015368867,-0.008067729540576885,0.006381445767689417,0.006377667965564481
2022-11-24,0.0012634580983039712,0.00463933015368867,0.006377667965564481,0.006577571925948366
2022-11-25,0.011870949889830174,0.0012634580983039712,0.006577571925948366,0.006424493438585378
2022-11-28,0.0015500019600884762,0.011870949889830174,0.006424493438585378,0.006404154881689087
2022-11-29,0.0027008413120686026,0.0015500019600884762,0.006404154881689087,0.006405078550015727
2022-11-30,0.00297912654375021,0.0027008413120686026,0.006405078550015727,0.006074589479129746
2022-12-01,0.007535634625419174,0.00297912654375021,0.006074589479129746,0.005951023511957753
2022-12-02,0.002886735334004964,0.007535634625419174,0.005951023511957753,0.006098602549962998
2022-12-05,-0.006187396179402005,0.002886735334004964,0.006098602549962998,0.006061193111290344
2022-12-06,0.00026482378562620035,-0.006187396179402005,0.006061193111290344,0.006133227446623361
2022-12-07,-0.0031175136590962937,0.00026482378562620035,0.006133227446623361,0.006207666165108739
2022-12-08,-0.004411902750398933,-0.0031175136590962937,0.006207666165108739,0.0061656417484856315
2022-12-09,0.002631912360927746,-0.004411902750398933,0.0061656417484856315,0.0060998992914787315
2022-12-12,-0.006058782405979346,0.002631912360927746,0.0060998992914787315,0.004770775820750694
2022-12-13,2.977743269738653e-05,-0.006058782405979346,0.004770775820750694,0.004908563954796936
2022-12-14,0.0059927938646799905,2.977743269738653e-05,0.004908563954796936,0.0048739569765890835
2022-12-15,0.002810661073194387,0.0059927938646799905,0.0048739569765890835,0.005733220599142603
2022-12-16,-0.013150934355333654,0.002810661073194387,0.005733220599142603,0.00594460601578655
2022-12-19,-0.00792295301794177,-0.013150934355333654,0.00594460601578655,0.006205724930560227
2022-12-20,0.008289956688926514,-0.00792295301794177,0.006205724930560227,0.005929318752242693
2022-12-21,-0.0019081205394395617,0.008289956688926514,0.005929318752242693,0.006291440371556351
2022-12-22,-0.01012771964355863,-0.0019081205394395617,0.006291440371556351,0.006337468978841452
2022-12-23,-0.003942502735851727,-0.01012771964355863,0.006337468978841452,0.006756287814167234
2022-12-26,-0.01768316025411787,-0.003942502735851727,0.006756287814167234,0.007339461903750492
2022-12-27,0.011669632893506865,-0.01768316025411787,0.007339461903750492,0.0074893318758239335
2022-12-28,0.006533654614990558,0.011669632893506865,0.0074893318758239335,0.007432890861271904
2022-12-29,-0.0005405150382313817,0.006533654614990558,0.007432890861271904,0.007253763417049233
2022-12-30,0.00377983170092433,-0.0005405150382313817,0.007253763417049233,0.007216746966926098
2023-01-02,-0.00471107793689185,0.00377983170092433,0.007216746966926098,0.007292964630213419
2023-01-03,0.005089583355357918,-0.00471107793689185,0.007292964630213419,0.007319366569956608
2023-01-04,0.00192892762485819,0.005089583355357918,0.007319366569956608,0.007583364509607576
2023-01-05,-0.010399069487028845,0.00192892762485819,0.007583364509607576,0.007560983433493629
2023-01-06,-0.0028154392892826285,-0.010399069487028845,0.007560983433493629,0.007605915440403994
2023-01-09,-0.007375503705446151,-0.0028154392892826285,0.007605915440403994,0.008248749883270647
2023-01-10,0.013536251708490266,-0.007375503705446151,0.008248749883270647,0.008490760184102785
2023-01-11,-0.010333504750958511,0.013536251708490266,0.008490760184102785,0.00831786711364781
2023-01-12,-0.0010299775022909463,-0.010333504750958511,0.00831786711364781,0.00824980796059938
2023-01-13,-0.00209547554088918,-0.0010299775022909463,0.00824980796059938,0.007996278413889817
2023-01-16,0.005510095918388247,-0.00209547554088918,0.007996278413889817,0.007865708454946373
2023-01-17,-0.003438847072569362,0.005510095918388247,0.007865708454946373,0.007899781797344314
2023-01-18,0.008854568511824201,-0.003438847072569362,0.007899781797344314,0.008046566660610141
2023-01-19,0.006206556323560042,0.008854568511824201,0.008046566660610141,0.007770564820569753
2023-01-20,-0.003165367099256078,0.006206556323560042,0.007770564820569753,0.007782961948921274
2023-01-23,-0.004428975305189153,-0.003165367099256078,0.007782961948921274,0.006746294510827209
2023-01-24,0.005042276095628795,-0.004428975305189153,0.006746294510827209,0.006274533205818329
2023-01-25,-1.3798013043020418e-05,0.005042276095628795,0.006274533205818329,0.006688266079907005
2023-01-27,-0.01249297962501228,-1.3798013043020418e-05,0.006688266079907005,0.0074906070568338265
2023-01-30,-0.016074246906178757,-0.01249297962501228,0.0074906070568338265,0.007452740494304185
2023-01-31,0.0025334426073457816,-0.016074246906178757,0.007452740494304185,0.007427112558002558
2023-02-01,0.0007479862801675896,0.0025334426073457816,0.007427112558002558,0.007292253165132856
2023-02-02,-0.0025959245256645946,0.0007479862801675896,0.007292253165132856,0.0072553734106725115
2023-02-03,-0.0003349392530399564,-0.0025959245256645946,0.0072553734106725115,0.007703812187932792
2023-02-06,0.013835596307890219,-0.0003349392530399564,0.007703812187932792,0.007751917945067823
2023-02-07,-0.005010133160870178,0.013835596307890219,0.007751917945067823,0.007608812802086402
2023-02-08,-0.0024261514654264627,-0.005010133160870178,0.007608812802086402,0.007217368751363741
2023-02-09,0.008475536424681795,-0.0024261514654264627,0.007217368751363741,0.006868818104654146
2023-02-10,0.0012170079483646568,0.008475536424681795,0.006868818104654146,0.006880036463626999
2023-02-13,-0.0020649578680046465,0.0012170079483646568,0.006880036463626999,0.006944417494374841
2023-02-14,-0.00479375070002519,-0.0020649578680046465,0.006944417494374841,0.007123980794094841
2023-02-15,0.0089443537049958,-0.00479375070002519,0.007123980794094841,0.007154522165291078
2023-02-16,0.004796470794436125,0.0089443537049958,0.007154522165291078,0.006888635542142014
2023-02-17,0.0011101336008929596,0.004796470794436125,0.006888635542142014,0.006818249395915752
2023-02-20,-0.005081567689351307,0.0011101336008929596,0.006818249395915752,0.006883358158808688
2023-02-21,-0.005550518480140765,-0.005081567689351307,0.006883358158808688,0.006830320753323944
2023-02-22,-0.001003126492992057,-0.005550518480140765,0.006830320753323944,0.0074184825633691245
2023-02-23,-0.015280363131582653,-0.001003126492992057,0.0074184825633691245,0.007413482856034012
2023-02-24,-0.002452434977984641,-0.015280363131582653,0.007413482856034012,0.0069884543177515
2023-02-27,-0.002595429723749043,-0.002452434977984641,0.0069884543177515,0.006147765582033549
2023-02-28,-0.004185411445805309,-0.002595429723749043,0.006147765582033549,0.0061815205401284405
2023-03-01,-0.0051027157362857345,-0.004185411445805309,0.0061815205401284405,0.006508457853381293
2023-03-02,0.008492348770636093,-0.0051027157362857345,0.006508457853381293,0.006665991832102398
2023-03-03,-0.007392168719804415,0.008492348770636093,0.006665991832102398,0.007578889097971566
2023-03-06,0.015728598629827895,-0.007392168719804415,0.007578889097971566,0.007067449842213615
2023-03-08,0.006655523618366965,0.015728598629827895,0.007067449842213615,0.007008737537814133
2023-03-09,0.0024250512391459367,0.006655523618366965,0.007008737537814133,0.0072815830545027455
2023-03-10,-0.009282249899975281,0.0024250512391459367,0.0072815830545027455,0.007283315354614553
2023-03-13,-0.010045664635585094,-0.009282249899975281,0.007283315354614553,0.007838204241244288
2023-03-14,-0.014851035931626178,-0.010045664635585094,0.007838204241244288,0.007899383009976464
2023-03-15,-0.006470680525861194,-0.014851035931626178,0.007899383009976464,0.007890319945352723
2023-03-16,-0.004174683738684903,-0.006470680525861194,0.007890319945352723,0.007508072868085981
2023-03-17,0.0007924286811309411,-0.004174683738684903,0.007508072868085981,0.007614220578154366
2023-03-20,0.006738129621978839,0.0007924286811309411,0.007614220578154366,0.007617934585512513
2023-03-21,-0.0065292432199922645,0.006738129621978839,0.007617934585512513,0.007890371898824869
2023-03-22,0.007010642946744028,-0.0065292432199922645,0.007890371898824869,0.007919742779143263
2023-03-23,0.0025953757489405316,0.007010642946744028,0.007919742779143263,0.007935766786136606
2023-03-24,-0.004372693304643627,0.0025953757489405316,0.007935766786136606,0.007461170564553072
2023-03-27,-0.007720933328590696,-0.004372693304643627,0.007461170564553072,0.007510160173050304
2023-03-28,0.0023988383407489433,-0.007720933328590696,0.007510160173050304,0.007506642994056228
2023-03-29,-0.002001683861354908,0.0023988383407489433,0.007506642994056228,0.007725498534651022
2023-03-31,0.007609856589321451,-0.002001683861354908,0.007725498534651022,0.00850990848940417
2023-04-03,0.016337198944623932,0.007609856589321451,0.00850990848940417,0.008311430408490228
2023-04-05,0.002206297973761151,0.016337198944623932,0.008311430408490228,0.008370034518023137
2023-04-06,0.009138954817361267,0.002206297973761151,0.008370034518023137,0.0076454603147010775
2023-04-10,0.002397874785437182,0.009138954817361267,0.0076454603147010775,0.0075029566415296955
2023-04-11,0.0014148632219350699,0.002397874785437182,0.0075029566415296955,0.007589225286711378
2023-04-12,0.005574768321964241,0.0014148632219350699,0.007589225286711378,0.0073602759587733865
2023-04-13,0.005083967961446945,0.005574768321964241,0.0073602759587733865,0.006942568935765356
2023-04-17,0.0008757724412713497,0.005083967961446945,0.006942568935765356,0.006197043041569277
2023-04-18,-0.006795512150830185,0.0008757724412713497,0.006197043041569277,0.006003043104424392
2023-04-19,-0.0026373533282438855,-0.006795512150830185,0.006003043104424392,0.005926098917005663
2023-04-20,-0.002344283016240789,-0.0026373533282438855,0.005926098917005663,0.005930962099376092
2023-04-21,0.0003234746363958152,-0.002344283016240789,0.005930962099376092,0.005830811643118938
2023-04-24,-2.260708945023282e-05,0.0003234746363958152,0.005830811643118938,0.005639498885038214
2023-04-25,0.006771973756565242,-2.260708945023282e-05,0.005639498885038214,0.00552618493086724
2023-04-26,0.0014568576938982503,0.006771973756565242,0.00552618493086724,0.005525532472729593
2023-04-27,0.0024958627615121465,0.0014568576938982503,0.005525532472729593,0.0053967496350238895
2023-04-28,0.005695152810193838,0.0024958627615121465,0.0053967496350238895,0.0050331746629227415
2023-05-02,0.008370013603697934,0.005695152810193838,0.0050331746629227415,0.005041186777446357
2023-05-03,0.004575166931912511,0.008370013603697934,0.005041186777446357,0.005108031831120908
2023-05-04,-0.00318502836487633,0.004575166931912511,0.005108031831120908,0.005187669659362214
2023-05-05,0.009173717607303677,-0.00318502836487633,0.005187669659362214,0.00505828246857479
2023-05-08,-0.010232406865540389,0.009173717607303677,0.00505828246857479,0.005418510881972408
2023-05-09,0.010814123118324304,-0.010232406865540389,0.005418510881972408,0.005205736249787998
2023-05-10,8.480038171931881e-05,0.010814123118324304,0.005205736249787998,0.0052075304839000035
2023-05-11,0.0026908205008338015,8.480038171931881e-05,0.0052075304839000035,0.005245302905803361
2023-05-12,-0.0009882342854272697,0.0026908205008338015,0.005245302905803361,0.005175338396821359
2023-05-15,0.0009728797753729701,-0.0009882342854272697,0.005175338396821359,0.0051596892588981575
2023-05-16,0.004589120522186851,0.0009728797753729701,0.0051596892588981575,0.00542393167127518
2023-05-17,-0.006106338807060685,0.004589120522186851,0.00542393167127518,0.005349523884926867
2023-05-18,-0.005728269488420423,-0.006106338807060685,0.005349523884926867,0.005357458257823527
2023-05-19,-0.002849053652701161,-0.005728269488420423,0.005357458257823527,0.005323723872845392
2023-05-22,0.0040513721791914925,-0.002849053652701161,0.005323723872845392,0.005404668890412281
2023-05-23,0.006097761825706316,0.0040513721791914925,0.005404668890412281,0.005387763368324881
2023-05-24,0.001834600568861644,0.006097761825706316,0.005387763368324881,0.005388713445794784
2023-05-25,-0.0034117947119577385,0.001834600568861644,0.005388713445794784,0.005389852689722583
2023-05-26,0.001955111686716471,-0.0034117947119577385,0.005389852689722583,0.005681621821020879
2023-05-29,0.009726420827874671,0.001955111686716471,0.005681621821020879,0.0056708847833410745
2023-05-30,0.005367798508963517,0.009726420827874671,0.0056708847833410745,0.005468207206034505
2023-05-31,0.0018925684396833287,0.005367798508963517,0.005468207206034505,0.005614580442513253
2023-06-01,-0.0053370195013254795,0.0018925684396833287,0.005614580442513253,0.0055914099591685175
2023-06-02,-0.0025169624936233204,-0.0053370195013254795,0.0055914099591685175,0.005288235923468382
2023-06-05,0.002507044360454902,-0.0025169624936233204,0.005288235923468382,0.004672381434911448
2023-06-06,0.003223787573137793,0.002507044360454902,0.004672381434911448,0.004143910374319741
2023-06-07,0.00027699431442118616,0.003223787573137793,0.004143910374319741,0.0043379820655307785
2023-06-08,0.006849851638528914,0.00027699431442118616,0.0043379820655307785,0.0045198853180484075
2023-06-09,-0.0049048192636628185,0.006849851638528914,0.0045198853180484075,0.0046180368546854126
2023-06-12,-0.00381819725413457,-0.0049048192636628185,0.0046180368546854126,0.0046272406433191865
2023-06-13,0.0020524046550352004,-0.00381819725413457,0.0046272406433191865,0.004704656694412512
2023-06-14,0.0061635024393194016,0.0020524046550352004,0.004704656694412512,0.004433353755871957
2023-06-15,0.0021238341844009856,0.0061635024393194016,0.004433353755871957,0.004289465995919937
2023-06-16,-0.0036149041015322014,0.0021238341844009856,0.004289465995919937,0.004372574857083991
2023-06-19,0.0073790483520230765,-0.0036149041015322014,0.004372574857083991,0.00450150681636337
2023-06-20,-0.0037475183921172883,0.0073790483520230765,0.00450150681636337,0.004395963788721267
2023-06-21,0.003265717567498605,-0.0037475183921172883,0.004395963788721267,0.004398272285038389
2023-06-22,0.0021337637466720683,0.003265717567498605,0.004398272285038389,0.00446521085492043
2023-06-23,-0.004539443817404343,0.0021337637466720683,0.00446521085492043,0.0047066091736118
2023-06-26,-0.005633615236065759,-0.004539443817404343,0.0047066091736118,0.00425444303471781
2023-06-27,0.0013768299134766515,-0.005633615236065759,0.00425444303471781,0.0043434158847835145
2023-06-28,0.00675190341711196,0.0013768299134766515,0.0043434158847835145,0.004648866456455136
2023-06-30,0.00822107281232487,0.00675190341711196,0.004648866456455136,0.004960000148296063
2023-07-03,0.01143527476356887,0.00822107281232487,0.004960000148296063,0.004991276014594954
2023-07-04,0.00695709243369369,0.01143527476356887,0.004991276014594954,0.00499905263932075
2023-07-05,0.003438946519135566,0.00695709243369369,0.00499905263932075,0.005005597974001981
2023-07-06,0.0004899685388621844,0.003438946519135566,0.005005597974001981,0.005031467051714784
2023-07-07,0.00509321758125636,0.0004899685388621844,0.005031467051714784,0.005429507641775177
2023-07-10,-0.00848835445771845,0.00509321758125636,0.005429507641775177,0.00522713683489375
2023-07-11,0.0012466303397029588,-0.00848835445771845,0.00522713683489375,0.00508767365448426
2023-07-12,0.004313930032438185,0.0012466303397029588,0.00508767365448426,0.00520565571334308
2023-07-13,-0.002834429471475497,0.004313930032438185,0.00520565571334308,0.005116832575002139
2023-07-14,0.0015192303855748879,-0.002834429471475497,0.005116832575002139,0.005282479008004086
2023-07-17,0.007765114931427508,0.0015192303855748879,0.005282479008004086,0.0052463329891416265
2023-07-18,0.007511013251041421,0.007765114931427508,0.0052463329891416265,0.0051293021141595365
2023-07-19,0.001917706853032497,0.007511013251041421,0.0051293021141595365,0.004952041946141323
2023-07-20,0.004248282371482448,0.001917706853032497,0.004952041946141323,0.005056002934947326
2023-07-21,0.007361412439498949,0.004248282371482448,0.005056002934947326,0.005976885430245187
2023-07-24,-0.011719737128305097,0.007361412439498949,0.005976885430245187,0.005931090051955401
2023-07-25,-0.0036794322929856182,-0.011719737128305097,0.005931090051955401,0.00567004169996229
2023-07-26,0.0004193703428323481,-0.0036794322929856182,0.00567004169996229,0.005687254708794209
2023-07-27,0.004964339187534694,0.0004193703428323481,0.005687254708794209,0.005909686313932419
2023-07-28,-0.0059863783008722304,0.004964339187534694,0.005909686313932419,0.0057670263847938155
2023-07-31,-0.0007044597937843067,-0.0059863783008722304,0.0057670263847938155,0.005398094849455993
2023-08-01,0.005484562836559181,-0.0007044597937843067,0.005398094849455993,0.005266365391200696
2023-08-02,-0.0010251191770254131,0.005484562836559181,0.005266365391200696,0.00579639947132077
2023-08-03,-0.010489749274959825,-0.0010251191770254131,0.00579639947132077,0.006039006559978517
2023-08-04,-0.007420685416911321,-0.010489749274959825,0.006039006559978517,0.006132452113887075
2023-08-07,0.006983389270114548,-0.007420685416911321,0.006132452113887075,0.005864247111282401
2023-08-08,0.004114401867602702,0.006983389270114548,0.005864247111282401,0.005878748910611511
2023-08-09,-0.0013497354646058168,0.004114401867602702,0.005878748910611511,0.005846875759089066
2023-08-10,0.003152707884763739,-0.0013497354646058168,0.005846875759089066,0.00590754346683404
2023-08-11,-0.004556268458015711,0.003152707884763739,0.00590754346683404,0.0060562694318681285
2023-08-14,-0.005874136161590715,-0.004556268458015711,0.0060562694318681285,0.005794513405205608
2023-08-16,0.00032169565781225984,-0.005874136161590715,0.005794513405205608,0.005533094986752614
2023-08-17,0.0015667570139761278,0.00032169565781225984,0.005533094986752614,0.005587015296916274
2023-08-18,-0.005124582584125403,0.0015667570139761278,0.005587015296916274,0.005472196654629306
2023-08-21,-0.0028452826260957353,-0.005124582584125403,0.005472196654629306,0.00526924409870376
2023-08-22,0.0043215209131937105,-0.0028452826260957353,0.00526924409870376,0.004714562563875194
2023-08-23,0.00014693555773015454,0.0043215209131937105,0.004714562563875194,0.004719580763936639
2023-08-24,0.0024515199000461063,0.00014693555773015454,0.004719580763936639,0.004742295337072006
2023-08-25,-0.002946964680621278,0.0024515199000461063,0.004742295337072006,0.004702416734466841
2023-08-28,-0.006236153774081932,-0.002946964680621278,0.004702416734466841,0.004624316061537873
2023-08-29,0.002089194238900971,-0.006236153774081932,0.004624316061537873,0.004663177184934217
2023-08-30,0.0018957584743610756,0.002089194238900971,0.004663177184934217,0.004449322774179073
2023-08-31,0.0002480956863764039,0.0018957584743610756,0.004449322774179073,0.004528453324538353
2023-09-01,-0.004840350603388277,0.0002480956863764039,0.004528453324538353,0.004562585586525411
2023-09-04,0.009426710188917609,-0.004840350603388277,0.004562585586525411,0.0043732740198834524
2023-09-05,0.004810833701642592,0.009426710188917609,0.0043732740198834524,0.004133474900483585
2023-09-06,0.0023605960187407238,0.004810833701642592,0.004133474900483585,0.004053556275523714
2023-09-07,0.0018467726478093027,0.0023605960187407238,0.004053556275523714,0.004234855949562363
2023-09-08,0.005915032360780392,0.0018467726478093027,0.004234855949562363,0.004298816240016026
2023-09-11,0.004709190366575022,0.005915032360780392,0.004298816240016026,0.0045111663262837375
2023-09-12,0.008900143420050854,0.004709190366575022,0.0045111663262837375,0.004233057747136769
2023-09-13,-0.0001575482868895195,0.008900143420050854,0.004233057747136769,0.004258897366799441
2023-09-14,0.003841345269944396,-0.0001575482868895195,0.004258897366799441,0.0042589594506204954
2023-09-15,0.001649208239910216,0.003841345269944396,0.0042589594506204954,0.004014341853197636
2023-09-18,0.004439613877174287,0.001649208239910216,0.004014341853197636,0.0040191469399786855
2023-09-20,-0.002924316846098174,0.004439613877174287,0.0040191469399786855,0.004941645362351098
2023-09-21,-0.011518249945432046,-0.002924316846098174,0.004941645362351098,0.005335395764220375
2023-09-22,-0.007991939166498319,-0.011518249945432046,0.005335395764220375,0.005402117782930088
2023-09-25,-0.003449417659114995,-0.007991939166498319,0.005402117782930088,0.005343925614626482
2023-09-26,1.5288066889551644e-05,-0.003449417659114995,0.005343925614626482,0.005112415028272884
2023-09-27,-0.0005007261720755274,1.5288066889551644e-05,0.005112415028272884,0.005119617674906093
2023-09-28,0.002631619198663282,-0.0005007261720755274,0.005119617674906093,0.005628234981030842
2023-09-29,-0.009783629666773708,0.002631619198663282,0.005628234981030842,0.005750448293258536
2023-10-03,0.005877516917168757,-0.009783629666773708,0.005750448293258536,0.005788305036352337
2023-10-04,-0.005578424654468894,0.005877516917168757,0.005788305036352337,0.0055397126191022794
2023-10-05,-0.004744307271330683,-0.005578424654468894,0.0055397126191022794,0.0055784909397805105
2023-10-06,0.005641584105285702,-0.004744307271330683,0.0055784909397805105,0.005684987142628568
2023-10-09,0.0055127073660514725,0.005641584105285702,0.005684987142628568,0.005892342898614126
2023-10-10,-0.00718194675884698,0.0055127073660514725,0.005892342898614126,0.006095488594082596
2023-10-11,0.00909680297624016,-0.00718194675884698,0.006095488594082596,0.00616080278585448
2023-10-12,0.006170692128707245,0.00909680297624016,0.00616080278585448,0.005814047959980811
2023-10-13,-0.0008757409120068171,0.006170692128707245,0.005814047959980811,0.00582524537436722
2023-10-16,-0.0021698099802970328,-0.0008757409120068171,0.00582524537436722,0.005737284036973095
2023-10-17,-0.0009772027556287366,-0.0021698099802970328,0.005737284036973095,0.005811487640438805
2023-10-18,0.004041709427698992,-0.0009772027556287366,0.005811487640438805,0.0058480379503258574
2023-10-19,-0.007086812741337156,0.004041709427698992,0.0058480379503258574,0.005841135700748942
2023-10-20,-0.0023588102112444,-0.007086812741337156,0.005841135700748942,0.005395616105018463
2023-10-23,-0.004180896084593599,-0.0023588102112444,0.005395616105018463,0.005857112375670578
2023-10-25,-0.013350307425555652,-0.004180896084593599,0.005857112375670578,0.006045367457888737
2023-10-26,-0.008277236732921023,-0.013350307425555652,0.006045367457888737,0.006620395353520421
2023-10-27,-0.013853064912347501,-0.008277236732921023,0.006620395353520421,0.007123154489621575
2023-10-30,0.010075700327460302,-0.013853064912347501,0.007123154489621575,0.007206295523308005
2023-10-31,0.004916740769664862,0.010075700327460302,0.007206295523308005,0.006961745752951402
2023-11-01,-0.0032026069828995363,0.004916740769664862,0.006961745752951402,0.006815866317472515
2023-11-02,-0.004740624572936891,-0.0032026069828995363,0.006815866317472515,0.007031594893053856
2023-11-03,0.007588523257266999,-0.004740624572936891,0.007031594893053856,0.007093405585928169
2023-11-06,0.005087980838331285,0.007588523257266999,0.007093405585928169,0.007301362517959552
2023-11-07,0.00941990339899168,0.005087980838331285,0.007301362517959552,0.0071791384733307
2023-11-08,-0.000260191958478706,0.00941990339899168,0.0071791384733307,0.00703337797410714
2023-11-09,0.0018962926582819506,-0.000260191958478706,0.00703337797410714,0.006719487589719963
2023-11-10,-0.002478937369815082,0.0018962926582819506,0.006719487589719963,0.006557071225507792
2023-11-13,0.001549283945833313,-0.002478937369815082,0.006557071225507792,0.006569547629526766
2023-11-15,0.0009369804014345284,0.001549283945833313,0.006569547629526766,0.007122665874529784
2023-11-16,0.011926753508604282,0.0009369804014345284,0.007122665874529784,0.007193031359204545
2023-11-17,0.004561522280999375,0.011926753508604282,0.007193031359204545,0.0071447777367365465
2023-11-20,-0.0016897597201204206,0.004561522280999375,0.0071447777367365465,0.006981633309317525
2023-11-21,-0.0019157289123818977,-0.0016897597201204206,0.006981633309317525,0.00702337482868089
2023-11-22,0.0045394734754240496,-0.0019157289123818977,0.00702337482868089,0.00694645656664319
2023-11-23,0.0014380348265852216,0.0045394734754240496,0.00694645656664319,0.006171996126338363
2023-11-24,-0.0004971574875239915,0.0014380348265852216,0.006171996126338363,0.005788622124384489
2023-11-28,-0.00036868908443588033,-0.0004971574875239915,0.005788622124384489,0.004597121365110821
2023-11-29,0.004799264638990497,-0.00036868908443588033,0.004597121365110821,0.0046243283020304966
2023-11-30,0.010402389113554511,0.004799264638990497,0.0046243283020304966,0.004594945765737392
2023-12-01,0.0018187545137213768,0.010402389113554511,0.004594945765737392,0.004495886750231733
2023-12-04,0.0066929416105065975,0.0018187545137213768,0.004495886750231733,0.005618329262080509
2023-12-05,0.020668169003769332,0.0066929416105065975,0.005618329262080509,0.005636547688292974
2023-12-06,0.008135565760247543,0.020668169003769332,0.005636547688292974,0.005632302471532554
2023-12-07,0.003960643244200535,0.008135565760247543,0.005632302471532554,0.005629340173932065
2023-12-08,-0.0017455990623970186,0.003960643244200535,0.005629340173932065,0.005562469856998574
2023-12-11,0.003265370504707432,-0.0017455990623970186,0.005562469856998574,0.005573252910661666
2023-12-12,0.001320935183362959,0.003265370504707432,0.005573252910661666,0.005688276872295139
2023-12-13,-0.004319607014175553,0.001320935183362959,0.005688276872295139,0.005700442631585117
2023-12-14,0.0009542158562574343,-0.004319607014175553,0.005700442631585117,0.005967870674225651
2023-12-15,0.012250087289956912,0.0009542158562574343,0.005967870674225651,0.00603743315355865
2023-12-18,0.012932779200891975,0.012250087289956912,0.00603743315355865,0.006172616058605138
2023-12-19,-0.0017710126840955187,0.012932779200891975,0.006172616058605138,0.006065620833888899
2023-12-20,0.0016083748565725031,-0.0017710126840955187,0.006065620833888899,0.007149577653718999
2023-12-21,-0.01412146609423337,0.0016083748565725031,0.007149577653718999,0.0071534355436793625
2023-12-22,0.004959794076523361,-0.01412146609423337,0.0071534355436793625,0.007141263440195802
2023-12-26,0.004438926556610712,0.004959794076523361,0.007141263440195802,0.007080485053272387
2023-12-27,0.004306875934107168,0.004438926556610712,0.007080485053272387,0.007133332581569517
2023-12-28,0.0099527499207277,0.004306875934107168,0.007133332581569517,0.0071393544216028955
2023-12-29,0.005723881307796219,0.0099527499207277,0.0071393544216028955,0.007134011726086383
2024-01-01,-0.0021717930740454694,0.005723881307796219,0.007134011726086383,0.00715805157840385
2024-01-02,0.00048317180721269004,-0.0021717930740454694,0.00715805157840385,0.007288761429923763
2024-01-03,-0.003500136051024061,0.00048317180721269004,0.007288761429923763,0.0064136780751226675
2024-01-04,-0.00685186637566948,-0.003500136051024061,0.0064136780751226675,0.00634606022335101
2024-01-05,0.006564470186349425,-0.00685186637566948,0.00634606022335101,0.006328918417235718
2024-01-08,0.002410182228605562,0.006564470186349425,0.006328918417235718,0.006723893989760313
2024-01-09,-0.00911070868564301,0.002410182228605562,0.006723893989760313,0.006710355657231408
2024-01-10,0.0014804820050666745,-0.00911070868564301,0.006710355657231408,0.006726234511669985
2024-01-11,0.0034277152411805734,0.0014804820050666745,0.006726234511669985,0.006597314134845257
2024-01-12,0.0013183031833516878,0.0034277152411805734,0.006597314134845257,0.006927232871772377
2024-01-15,0.011426492637705898,0.0013183031833516878,0.006927232871772377,0.006738400757110505
2024-01-16,0.009267074694848665,0.011426492637705898,0.006738400757110505,0.006333409465102926
2024-01-17,-0.0029482333845447517,0.009267074694848665,0.006333409465102926,0.007960044849291895
2024-01-18,-0.020894393512082443,-0.0029482333845447517,0.007960044849291895,0.00804157653351908
2024-01-19,-0.0050852715087356115,-0.020894393512082443,0.00804157653351908,0.007500695650714617
2024-01-23,0.00746195718645537,-0.0050852715087356115,0.007500695650714617,0.008484683530783237
2024-01-24,-0.01774084294273448,0.00746195718645537,0.008484683530783237,0.0087212076402246
2024-01-25,0.010129971071150878,-0.01774084294273448,0.0087212076402246,0.008734794298531698
2024-01-29,-0.004724053755400193,0.010129971071150878,0.008734794298531698,0.009358075011360158
2024-01-30,0.018030591452244726,-0.004724053755400193,0.009358075011360158,0.00951929798204984
2024-01-31,-0.009913698102483215,0.018030591452244726,0.00951929798204984,0.009753956002528886
2024-02-01,0.009460025419002926,-0.009913698102483215,0.009753956002528886,0.009757603269136121
2024-02-02,-0.0013003033741542103,0.009460025419002926,0.009757603269136121,0.00984770856849286
2024-02-05,0.007205988175093214,-0.0013003033741542103,0.00984770856849286,0.009755570727604135
2024-02-06,-0.0037568550808078083,0.007205988175093214,0.009755570727604135,0.009777407888402324
2024-02-07,0.007243402101531293,-0.0037568550808078083,0.009777407888402324,0.009769574021755947
2024-02-08,5.014315737827957e-05,0.007243402101531293,0.009769574021755947,0.00979902074427827
2024-02-09,-0.009692017110872975,5.014315737827957e-05,0.00979902074427827,0.009811901887479048
2024-02-12,0.0029722318898448563,-0.009692017110872975,0.009811901887479048,0.009947012596144358
2024-02-13,-0.0076414194307357075,0.0029722318898448563,0.009947012596144358,0.010025915349464974
2024-02-14,0.005884480011507653,-0.0076414194307357075,0.010025915349464974,0.009749176944674861
2024-02-15,0.004451992284961959,0.005884480011507653,0.009749176944674861,0.009547025751358717
2024-02-16,0.0032371361888359207,0.004451992284961959,0.009547025751358717,0.009623001951621503
2024-02-19,0.005930843022260657,0.0032371361888359207,0.009623001951621503,0.008358485088217972
2024-02-20,0.0037000088082788096,0.005930843022260657,0.008358485088217972,0.00824178780727486
2024-02-21,0.0033766555730090353,0.0037000088082788096,0.00824178780727486,0.008306420799872542
2024-02-22,-0.006392700010330099,0.0033766555730090353,0.008306420799872542,0.007212359252542991
2024-02-23,0.0073633218581414805,-0.006392700010330099,0.007212359252542991,0.00699154488465704
2024-02-26,-0.0002137959201901074,0.0073633218581414805,0.00699154488465704,0.006963444499478814
2024-02-27,-0.004080928508836235,-0.0002137959201901074,0.006963444499478814,0.005900575244159972
2024-02-28,0.003448994348646428,-0.004080928508836235,0.005900575244159972,0.006018618559264768
2024-02-29,-0.011135927809948543,0.003448994348646428,0.006018618559264768,0.00569806306537211
2024-03-01,0.0014418556686905948,-0.011135927809948543,0.00569806306537211,0.006614894921646808
2024-03-04,0.016192168700068565,0.0014418556686905948,0.006614894921646808,0.006493044214580658
2024-03-05,0.0029925402887358565,0.016192168700068565,0.006493044214580658,0.0064422167517618235
2024-03-06,-0.00220029050703785,0.0029925402887358565,0.0064422167517618235,0.006364746906268201
2024-03-07,0.005266971542034149,-0.00220029050703785,0.006364746906268201,0.006359936322185977
2024-03-11,0.0008676673462120199,0.005266971542034149,0.006359936322185977,0.006163078168640979
2024-03-12,-0.007153178801771132,0.0008676673462120199,0.006163078168640979,0.006156774558273793
2024-03-13,0.0001365188668460693,-0.007153178801771132,0.006156774558273793,0.006871051679964726
2024-03-14,-0.015132725270416536,0.0001365188668460693,0.006871051679964726,0.006906132332411497
2024-03-15,0.006771215952804832,-0.015132725270416536,0.006906132332411497,0.00699390489106355
2024-03-18,-0.005567468627318717,0.006771215952804832,0.00699390489106355,0.006968909428953047
2024-03-19,0.0014688778023679294,-0.005567468627318717,0.006968909428953047,0.007248369794119305
2024-03-20,-0.010802196640288697,0.0014688778023679294,0.007248369794119305,0.00719455960785722
2024-03-21,0.0009923428906801757,-0.010802196640288697,0.00719455960785722,0.007385240339845316
2024-03-22,0.0079146856998078,0.0009923428906801757,0.007385240339845316,0.0073056296746944254
2024-03-26,0.0038524885010076115,0.0079146856998078,0.0073056296746944254,0.0071655809437184805
2024-03-27,-0.00416580634029895,0.0038524885010076115,0.0071655809437184805,0.007278244166018292
2024-03-28,0.005405716783151604,-0.00416580634029895,0.007278244166018292,0.007494086238875159
2024-04-01,0.009187001078543977,0.005405716783151604,0.007494086238875159,0.0075670305899355325
2024-04-02,0.006050979178091831,0.009187001078543977,0.0075670305899355325,0.007082237913827547
2024-04-03,-0.0003872860275131451,0.006050979178091831,0.007082237913827547,0.007094129170815317
2024-04-04,-0.0008306302403686683,-0.0003872860275131451,0.007094129170815317,0.006223162018445917
2024-04-05,0.003565912488363576,-0.0008306302403686683,0.006223162018445917,0.006194927314151905
2024-04-08,-4.224679746289706e-05,0.003565912488363576,0.006194927314151905,0.0063259813364155495
2024-04-09,0.006778164752814453,-4.224679746289706e-05,0.0063259813364155495,0.006246279178233485
2024-04-10,-0.0010390218270411866,0.006778164752814453,0.006246279178233485,0.006323839928707064
2024-04-12,0.0049044741142307835,-0.0010390218270411866,0.006323839928707064,0.006549322097449111
2024-04-15,-0.010301592814249916,0.0049044741142307835,0.006549322097449111,0.00700518917708658
2024-04-16,-0.010963897188301042,-0.010301592814249916,0.00700518917708658,0.006251179078369622
2024-04-18,-0.005594325260972033,-0.010963897188301042,0.006251179078369622,0.006258272314248664
2024-04-19,-0.0068652458503182245,-0.005594325260972033,0.006258272314248664,0.00632378024583804
2024-04-22,0.0068717686886063944,-0.0068652458503182245,0.00632378024583804,0.006573985887645627
2024-04-23,0.008551965982977361,0.0068717686886063944,0.006573985887645627,0.006030464029321035
2024-04-24,0.0014147135985376202,0.008551965982977361,0.006030464029321035,0.006030678335136005
2024-04-25,0.0015379287654238016,0.0014147135985376202,0.006030678335136005,0.00600817494531632
2024-04-26,0.0074969296067168845,0.0015379287654238016,0.00600817494531632,0.006211789077160693
2024-04-29,-0.006663626980883297,0.0074969296067168845,0.006211789077160693,0.006419208595165504
2024-04-30,0.00996662256880243,-0.006663626980883297,0.006419208595165504,0.006383798957158951
2024-05-02,-0.00170251731563964,0.00996662256880243,0.006383798957158951,0.006111484003783186
2024-05-03,0.0019177127972140884,-0.00170251731563964,0.006111484003783186,0.006238973092365879
2024-05-06,-0.007609859296553445,0.0019177127972140884,0.006238973092365879,0.006247275458783383
2024-05-07,-0.0014749338156797576,-0.007609859296553445,0.006247275458783383,0.00639321810055429
2024-05-08,-0.006246985595782073,-0.0014749338156797576,0.00639321810055429,0.006333546837443933
2024-05-09,0.0,-0.006246985595782073,0.006333546837443933,0.0071306322720135
2024-05-10,-0.01546911781190452,0.0,0.0071306322720135,0.00701812926760664
2024-05-13,0.0044494691449390444,-0.01546911781190452,0.00701812926760664,0.007059449520450949
2024-05-14,0.0022149680905385605,0.0044494691449390444,0.007059449520450949,0.007070050854340258
2024-05-15,0.005148324587705533,0.0022149680905385605,0.007070050854340258,0.006749181400866149
2024-05-16,-0.0007786004689536163,0.005148324587705533,0.006749181400866149,0.006640191340476057
2024-05-17,0.009157377676264788,-0.0007786004689536163,0.006640191340476057,0.006518767476323465
2024-05-21,0.0027785403439750667,0.009157377676264788,0.006518767476323465,0.006295340148184055
2024-05-22,0.002802051667603722,0.0027785403439750667,0.006295340148184055,0.00617610767919444
2024-05-23,0.0030516154749500313,0.002802051667603722,0.00617610767919444,0.0068535367784173275
2024-05-24,0.01636661960848307,0.0030516154749500313,0.0068535367784173275,0.006864848952964568
2024-05-27,-0.0004593757337192361,0.01636661960848307,0.006864848952964568,0.00688321567434816
2024-05-28,-0.0010737589261899938,-0.0004593757337192361,0.00688321567434816,0.00675389945797335
2024-05-29,-0.0019317094176221072,-0.0010737589261899938,0.00675389945797335,0.006833422699255973
2024-05-30,-0.008015115627261094,-0.0019317094176221072,0.006833422699255973,0.006824011086254939
2024-05-31,-0.009515599658179275,-0.008015115627261094,0.006824011086254939,0.006831934861476129
2024-06-03,0.0018697799732139142,-0.009515599658179275,0.006831934861476129,0.009880263137942578
2024-06-04,0.03254231769535276,0.0018697799732139142,0.009880263137942578,0.01646189686186394
2024-06-05,-0.05929359941641077,0.03254231769535276,0.01646189686186394,0.018123808133232583
2024-06-06,0.033624236760035675,-0.05929359941641077,0.018123808133232583,0.018141579334909484
2024-06-07,0.008888049244237806,0.033624236760035675,0.018141579334909484,0.018617973504096816
2024-06-10,0.020539931466807104,0.008888049244237806,0.018617973504096816,0.018196669224001063
2024-06-11,-0.0013289382574128705,0.020539931466807104,0.018196669224001063,0.01820198708561886
2024-06-12,0.0002429314342191624,-0.0013289382574128705,0.01820198708561886,0.018201710373382272
2024-06-13,0.002497312914139238,0.0002429314342191624,0.018201710373382272,0.018193768826376553
2024-06-14,0.0032564994745150067,0.002497312914139238,0.018193768826376553,0.018177005595021677
2024-06-18,0.0028505279152657437,0.0032564994745150067,0.018177005595021677,0.01812134699172105
2024-06-19,0.003933450786960613,0.0028505279152657437,0.01812134699172105,0.018145788692427223
2024-06-20,-0.0017786131162043084,0.003933450786960613,0.018145788692427223,0.01814550272081109
2024-06-21,0.0021687361796223215,-0.0017786131162043084,0.01814550272081109,0.018178338201261537
2024-06-24,-0.00279629951309035,0.0021687361796223215,0.018178338201261537,0.01787907117841925
2024-06-25,0.00156375661610908,-0.00279629951309035,0.01787907117841925,0.01792857261693035
2024-06-26,0.007793879853915442,0.00156375661610908,0.01792857261693035,0.017942445175820124
2024-06-27,0.006218040121837909,0.007793879853915442,0.017942445175820124,0.017953579503239024
2024-06-28,0.007361040898544724,0.006218040121837909,0.017953579503239024,0.017817386876198004
2024-07-01,-0.0014099020825968367,0.007361040898544724,0.017817386876198004,0.017597355447495928
2024-07-02,0.005470484349075377,-0.0014099020825968367,0.017597355447495928,0.017619012637301756
2024-07-03,-0.0007497161563467802,0.005470484349075377,0.017619012637301756,0.01633901509785815
2024-07-04,0.006742306607722792,-0.0007497161563467802,0.01633901509785815,0.00834106654643322
2024-07-05,0.0006444070008029268,0.006742306607722792,0.00834106654643322,0.0051973801726929655
2024-07-08,0.0008928929498506211,0.0006444070008029268,0.0051973801726929655,0.005099683283089793
2024-07-09,-0.00013562113637344275,0.0008928929498506211,0.005099683283089793,0.0031982694959634115
2024-07-10,0.004631820986013446,-0.00013562113637344275,0.0031982694959634115,0.0034383960734743015
2024-07-11,-0.004450911197766749,0.004631820986013446,0.0034383960734743015,0.0034571194164169966
2024-07-12,-0.0003494426502141934,-0.004450911197766749,0.0034571194164169966,0.0036631209207256907
2024-07-15,0.007657573644356042,-0.0003494426502141934,0.0036631209207256907,0.0036657467531018657
2024-07-16,0.003450669707641296,0.007657573644356042,0.0036657467531018657,0.0036745916189526704
2024-07-18,0.0010697158254551198,0.003450669707641296,0.0036745916189526704,0.0038424954263572685
2024-07-19,0.007632129743428306,0.0010697158254551198,0.0038424954263572685,0.0047509615433295165
2024-07-22,-0.010884676251089243,0.007632129743428306,0.0047509615433295165,0.004792814925627112
2024-07-23,-0.0008825762723847497,-0.010884676251089243,0.004792814925627112,0.004728235860239595
2024-07-24,-0.0012321559717249908,-0.0008825762723847497,0.004728235860239595,0.004835126838766664
2024-07-25,-0.002677831825905974,-0.0012321559717249908,0.004835126838766664,0.004648474950873927
2024-07-26,-0.0003031269840456652,-0.002677831825905974,0.004648474950873927,0.005766123845512324
2024-07-29,0.01756732976027453,-0.0003031269840456652,0.005766123845512324,0.00563966960061284
2024-07-30,5.03324972633834e-05,0.01756732976027453,0.00563966960061284,0.005601596967448318
2024-07-31,0.0008536433743000504,5.03324972633834e-05,0.005601596967448318,0.00555607245125727
2024-08-01,0.00377553501085659,0.0008536433743000504,0.00555607245125727,0.0055323028750946385
2024-08-02,0.0023946791656728195,0.00377553501085659,0.0055323028750946385,0.006131698536241147
2024-08-05,-0.011722935491954689,0.0023946791656728195,0.006131698536241147,0.008602901906507612
2024-08-06,-0.02678645789462286,-0.011722935491954689,0.008602901906507612,0.008609646848292343
2024-08-07,-0.0026209626510589334,-0.02678645789462286,0.008609646848292343,0.009088596600406939
2024-08-08,0.012710162480444431,-0.0026209626510589334,0.009088596600406939,0.009161666896422324
2024-08-09,-0.007428747813561065,0.012710162480444431,0.009161666896422324,0.009416805244569651
2024-08-12,0.010386864037815746,-0.007428747813561065,0.009416805244569651,0.00941866003517008
2024-08-13,-0.0008412844977941925,0.010386864037815746,0.00941866003517008,0.009432435227106524
2024-08-14,-0.008543146999630324,-0.0008412844977941925,0.009432435227106524,0.009388012045574688
2024-08-16,0.00019677699987563635,-0.008543146999630324,0.009388012045574688,0.010115665183937847
2024-08-19,0.016459762490292462,0.00019677699987563635,0.010115665183937847,0.009967110210271954
2024-08-20,0.0012835584110202358,0.016459762490292462,0.009967110210271954,0.009734280097621078
2024-08-21,0.005135759339910173,0.0012835584110202358,0.009734280097621078,0.009744794371944566
2024-08-22,0.0028887826964991703,0.005135759339910173,0.009744794371944566,0.009738822746885136
2024-08-23,0.001667357653657442,0.0028887826964991703,0.009738822746885136,0.009708607345193278
2024-08-26,0.00046955607782672715,0.001667357653657442,0.009708607345193278,0.00981319051097528
2024-08-27,0.007551387144671073,0.00046955607782672715,0.00981319051097528,0.009069473589022986
2024-08-28,0.0002858944102370753,0.007551387144671073,0.009069473589022986,0.009071648450444758
2024-08-29,0.0013830024432652799,0.0002858944102370753,0.009071648450444758,0.009104077909148724
2024-08-30,0.00397565940632294,0.0013830024432652799,0.009104077909148724,0.009096943874398078
2024-09-02,0.003337760073577778,0.00397565940632294,0.009096943874398078,0.009091251345836323
2024-09-03,0.001695950113232314,0.003337760073577778,0.009091251345836323,0.008649059823990089
2024-09-04,4.550829989491412e-05,0.001695950113232314,0.008649059823990089,0.005959170645887807
2024-09-05,-0.0032100820170585243,4.550829989491412e-05,0.005959170645887807,0.005940012612875401
2024-09-06,-0.0021270784221717465,-0.0032100820170585243,0.005940012612875401,0.006170053660475989
2024-09-09,-0.011650350298901935,-0.0021270784221717465,0.006170053660475989,0.005867127339980639
2024-09-10,0.003390048695012693,-0.011650350298901935,0.005867127339980639,0.0055510864740245264
2024-09-11,0.0041986500501236534,0.003390048695012693,0.0055510864740245264,0.005698467363199585
2024-09-12,-0.004897963449619458,0.0041986500501236534,0.005698467363199585,0.006463841544067419
2024-09-13,0.01887963282727112,-0.004897963449619458,0.006463841544067419,0.0064971536930419765
2024-09-16,-0.0012761636040355961,0.01887963282727112,0.0064971536930419765,0.00563795133982717
2024-09-17,0.0010746751326089488,-0.0012761636040355961,0.00563795133982717,0.005637719742785638
2024-09-18,0.0013709866056039743,0.0010746751326089488,0.005637719742785638,0.005620094017862618
2024-09-19,-0.0016129951842196455,0.0013709866056039743,0.005620094017862618,0.005608722728295962
2024-09-20,0.0015072376499098983,-0.0016129951842196455,0.005608722728295962,0.006338724437664206
2024-09-23,0.014760441377741573,0.0015072376499098983,0.006338724437664206,0.006384974988996483
2024-09-24,0.005742385099666292,0.014760441377741573,0.006384974988996483,0.006274505505235535
2024-09-25,5.2030021699067674e-05,0.005742385099666292,0.006274505505235535,0.006266915505270266
2024-09-26,0.0024575565157058943,5.2030021699067674e-05,0.006266915505270266,0.006413273240046651
2024-09-27,0.008148714241454025,0.0024575565157058943,0.006413273240046651,0.006445778593116862
2024-09-30,-0.0014152231703233875,0.008148714241454025,0.006445778593116862,0.007314973893423093
2024-10-01,-0.014060900852023384,-0.0014152231703233875,0.007314973893423093,0.007322120070726252
2024-10-03,-0.0005404401234794243,-0.014060900852023384,0.007322120070726252,0.008781286608300555
2024-10-04,-0.021196375260987388,-0.0005404401234794243,0.008781286608300555,0.008991342776148447
2024-10-07,-0.009326695880144675,-0.021196375260987388,0.008991342776148447,0.00917251947399975
2024-10-08,-0.008748875168602677,-0.009326695880144675,0.00917251947399975,0.00902648834354248
2024-10-09,0.00876764730346924,-0.008748875168602677,0.00902648834354248,0.009005004464180283
2024-10-10,-0.0012473907279866303,0.00876764730346924,0.009005004464180283,0.008957963252981866
2024-10-11,0.0006604768849507447,-0.0012473907279866303,0.008957963252981866,0.008895204528772065
2024-10-14,-0.0013680536120755926,0.0006604768849507447,0.008895204528772065,0.00795269131028432
2024-10-15,0.006557345754428789,-0.0013680536120755926,0.00795269131028432,0.00796757057948159
2024-10-16,-0.0028096049048969007,0.006557345754428789,0.00796757057948159,0.007982770739508675
2024-10-17,-0.0034340754096676696,-0.0028096049048969007,0.007982770739508675,0.00815757620406555
2024-10-18,-0.008868227322834543,-0.0034340754096676696,0.00815757620406555,0.008242680076936145
2024-10-21,0.004210173941240125,-0.008868227322834543,0.008242680076936145,0.008233204907508444
2024-10-22,-0.00293518237799828,0.004210173941240125,0.008233204907508444,0.007727339689799702
2024-10-23,-0.012469180337869368,-0.00293518237799828,0.007727339689799702,0.0075009297661794445
2024-10-24,-0.001495564743491773,-0.012469180337869368,0.0075009297661794445,0.007479120185654481
2024-10-25,-0.0014773427748562273,-0.001495564743491773,0.007479120185654481,0.007486268961650706
2024-10-28,-0.008959220549493163,-0.0014773427748562273,0.007486268961650706,0.007369772975505698
2024-10-29,0.0065485676346082045,-0.008959220549493163,0.007369772975505698,0.007603893961539325
2024-10-30,0.0052466588480091225,0.0065485676346082045,0.007603893961539325,0.007204963835786014
2024-10-31,-0.005149825253829232,0.0052466588480091225,0.007204963835786014,0.007210903446312522
2024-11-01,-0.005566773640794054,-0.005149825253829232,0.007210903446312522,0.006036568348140141
2024-11-04,0.004090004961616156,-0.005566773640794054,0.006036568348140141,0.006287782492727009
2024-11-05,-0.0127137736646451,0.004090004961616156,0.006287782492727009,0.006524746945954732
2024-11-06,0.00908305881860727,-0.0127137736646451,0.006524746945954732,0.006725681160451287
2024-11-07,0.011181870759630508,0.00908305881860727,0.006725681160451287,0.007115269300044408
2024-11-08,-0.011628025706147627,0.011181870759630508,0.007115269300044408,0.007099075140706827
2024-11-11,-0.002113709312467793,-0.011628025706147627,0.007099075140706827,0.007104941135793925
2024-11-12,-0.00028567088740283353,-0.002113709312467793,0.007104941135793925,0.007114697204157268
2024-11-13,-0.010680930776533315,-0.00028567088740283353,0.007114697204157268,0.007523002975082108
2024-11-14,-0.013582562322921432,-0.010680930776533315,0.007523002975082108,0.007531820954294055
2024-11-18,-0.0011185324376894457,-0.013582562322921432,0.007531820954294055,0.007404522945209475
2024-11-19,-0.0033527151631265184,-0.0011185324376894457,0.007404522945209475,0.00734497332763048
2024-11-21,0.002758581406631766,-0.0033527151631265184,0.00734497332763048,0.007412397204676565
2024-11-22,-0.007168807933116472,0.002758581406631766,0.007412397204676565,0.009093804525691094
2024-11-25,0.023869464111237804,-0.007168807933116472,0.009093804525691094,0.009607621350887509
2024-11-26,0.013161295867362366,0.023869464111237804,0.009607621350887509,0.009605931040336965
2024-11-27,-0.0011312238174179257,0.013161295867362366,0.009605931040336965,0.009428301387341648
2024-11-28,0.003323085437806128,-0.0011312238174179257,0.009428301387341648,0.009858302983599132
2024-11-29,-0.014861029054492936,0.003323085437806128,0.009858302983599132,0.010009649895652265
2024-12-02,0.009072001940535257,-0.014861029054492936,0.010009649895652265,0.010052639993798655
2024-12-03,0.006006820004948565,0.009072001940535257,0.010052639993798655,0.01009888572739968
2024-12-04,0.007460011144599932,0.006006820004948565,0.01009888572739968,0.010066108171870484
2024-12-05,0.00042109681465385407,0.007460011144599932,0.010066108171870484,0.009800727400465182
2024-12-06,0.009847825562885104,0.00042109681465385407,0.009800727400465182,0.009656063674919635
2024-12-09,-0.0012384293961259507,0.009847825562885104,0.009656063674919635,0.009387313428292462
2024-12-10,-0.0023827399277279726,-0.0012384293961259507,0.009387313428292462,0.008984630876251195
2024-12-11,-0.0003635086213900074,-0.0023827399277279726,0.008984630876251195,0.00895934771458268
2024-12-12,0.0012901233029631864,-0.0003635086213900074,0.00895934771458268,0.009016679773960529
2024-12-13,-0.003778196379659149,0.0012901233029631864,0.009016679773960529,0.008777245380684565
2024-12-16,0.008945547808588916,-0.003778196379659149,0.008777245380684565,0.008168553796663931
2024-12-17,-0.004039468921733236,0.008945547808588916,0.008168553796663931,0.008838415299340836
2024-12-18,-0.013468730047733413,-0.004039468921733236,0.008838415299340836,0.008916549529329642
2024-12-19,-0.005635699812006956,-0.013468730047733413,0.008916549529329642,0.009269380625166003
2024-12-20,-0.010213311567061067,-0.005635699812006956,0.009269380625166003,0.00977190301897228
2024-12-23,-0.01520556915080562,-0.010213311567061067,0.00977190301897228,0.008348103813345872
2024-12-24,0.0070354729729729115,-0.01520556915080562,0.008348103813345872,0.007759839305891143
2024-12-26,-0.0010861087115143775,0.0070354729729729115,0.007759839305891143,0.007770728665267341
2024-12-27,0.0009503186263191132,-0.0010861087115143775,0.007770728665267341,0.007754264003669396
2024-12-30,0.002661079652128029,0.0009503186263191132,0.007754264003669396,0.0072203926886328955
2024-12-31,-0.007075847935867907,0.002661079652128029,0.0072203926886328955,0.006881585034211425
2025-01-01,-4.212721278373799e-06,-0.007075847935867907,0.006881585034211425,0.006799171683285687
2025-01-02,0.004148887118253564,-4.212721278373799e-06,0.006799171683285687,0.007869904392790563
2025-01-03,0.018774033191665485,0.004148887118253564,0.007869904392790563,0.008016563757489124
2025-01-06,-0.007602755327609123,0.018774033191665485,0.008016563757489124,0.00828402257534916
2025-01-07,-0.016192595996625703,-0.007602755327609123,0.00828402257534916,0.008386191628462129
2025-01-08,0.0038892874268343647,-0.016192595996625703,0.008386191628462129,0.00838850656327495
2025-01-09,-0.0007993610384197103,0.0038892874268343647,0.00838850656327495,0.008452415437044612
2025-01-10,-0.006857594959147506,-0.0007993610384197103,0.008452415437044612,0.008425241873220598
2025-01-13,-0.004037999702463213,-0.006857594959147506,0.008425241873220598,0.008846930179970238
2025-01-14,-0.014747275302477436,-0.004037999702463213,0.008846930179970238,0.008574021982692496
2025-01-15,0.003902874499386977,-0.014747275302477436,0.008574021982692496,0.008632110632818496
2025-01-16,0.0016028803979861728,0.003902874499386977,0.008632110632818496,0.008405739289641312
2025-01-17,0.004247650725383689,0.0016028803979861728,0.008405739289641312,0.008387361309641546
2025-01-20,-0.004658651792672774,0.004247650725383689,0.008387361309641546,0.008340583250695187
2025-01-21,0.006100485537167577,-0.004658651792672774,0.008340583250695187,0.008220571126661856
2025-01-22,-0.013711845677293555,0.006100485537167577,0.008220571126661856,0.00815829638462403
2025-01-23,0.0056764909144164655,-0.013711845677293555,0.00815829638462403,0.008190876555275848
2025-01-24,0.0021593282262408753,0.0056764909144164655,0.008190876555275848,0.00821916574279559
2025-01-27,-0.004876047658393667,0.0021593282262408753,0.00821916574279559,0.008448958726779022
2025-01-28,-0.011391241935562957,-0.004876047658393667,0.008448958726779022,0.008519212071386811
2025-01-29,0.005611229817278129,-0.011391241935562957,0.008519212071386811,0.008811030517603156
2025-01-30,0.008966649288351114,0.005611229817278129,0.008811030517603156,0.008799396437097838
2025-01-31,0.003730087599762788,0.008966649288351114,0.008799396437097838,0.0080704541413107
2025-02-01,0.011135740150325812,0.003730087599762788,0.0080704541413107,0.007941320954075138
2025-02-03,-0.0011166221250199504,0.011135740150325812,0.007941320954075138,0.007219224597838855
2025-02-04,-0.005157091976693451,-0.0011166221250199504,0.007219224597838855,0.008044280409269309
2025-02-05,0.016189306820631133,-0.005157091976693451,0.008044280409269309,0.008052900117932976
2025-02-06,-0.001809207062143936,0.016189306820631133,0.008052900117932976,0.007951936577230123
2025-02-07,-0.003922602634608197,-0.001809207062143936,0.007951936577230123,0.007907893090771573
2025-02-10,-0.0018387386257991967,-0.003922602634608197,0.007907893090771573,0.0073617274806279396
2025-02-11,-0.007570033692307909,-0.0018387386257991967,0.0073617274806279396,0.007911671606662148
2025-02-12,-0.013249684936046169,-0.007570033692307909,0.007911671606662148,0.007903375583165608
2025-02-13,-0.0011507892904301098,-0.013249684936046169,0.007903375583165608,0.007833906818054528
2025-02-14,-0.0006009745771905495,-0.0011507892904301098,0.007833906818054528,0.007828193975536846
2025-02-17,-0.004435266153706374,-0.0006009745771905495,0.007828193975536846,0.007693896143247673
2025-02-18,0.0013192755977626813,-0.004435266153706374,0.007693896143247673,0.007099750407728448
2025-02-19,-0.0006184463402948426,0.0013192755977626813,0.007099750407728448,0.006973565441009817
2025-02-20,-0.0005404326900405598,-0.0006184463402948426,0.006973565441009817,0.006948453650798346
2025-02-21,-0.0008612081186238907,-0.0005404326900405598,0.006948453650798346,0.006956101452563932
2025-02-24,-0.005117148798882476,-0.0008612081186238907,0.006956101452563932,0.006899494663912956
2025-02-25,-0.010640105330068539,-0.005117148798882476,0.006899494663912956,0.006754536345816196
2025-02-27,-0.00025711604818956513,-0.010640105330068539,0.006754536345816196,0.006375716572791022
2025-02-28,-0.00011087678764998277,-0.00025711604818956513,0.006375716572791022,0.007301184416456878
2025-03-03,-0.018644959666695105,-0.00011087678764998277,0.007301184416456878,0.006644290497593752
2025-03-04,-0.00024400049223838316,-0.018644959666695105,0.006644290497593752,0.006638183889141792
2025-03-05,-0.0016569416451024388,-0.00024400049223838316,0.006638183889141792,0.007318652555179066
2025-03-06,0.011531695069225467,-0.0016569416451024388,0.007318652555179066,0.006572728157969148
2025-03-07,0.009284847776867,0.011531695069225467,0.006572728157969148,0.006599757087251776
2025-03-10,0.00034601398645017767,0.009284847776867,0.006599757087251776,0.006601850934108901
2025-03-11,-0.004088203913091726,0.00034601398645017767,0.006601850934108901,0.00665944239901588
2025-03-12,0.0016740474556060647,-0.004088203913091726,0.00665944239901588,0.006545321441052514
2025-03-13,-0.0012179087892316698,0.0016740474556060647,0.006545321441052514,0.006018816433604599
2025-03-17,-0.003262089461738671,-0.0012179087892316698,0.006018816433604599,0.006177857690508416
2025-03-18,0.004980568336268254,-0.003262089461738671,0.006177857690508416,0.007051824012229407
2025-03-19,0.01446329899483545,0.004980568336268254,0.007051824012229407,0.007029608537008312
2025-03-20,0.0032100316461272094,0.01446329899483545,0.007029608537008312,0.007529658059624093
2025-03-21,0.012356195589090069,0.0032100316461272094,0.007529658059624093,0.007650920610920032
2025-03-24,0.0068885519512889015,0.012356195589090069,0.007650920610920032,0.008098563716998419
2025-03-25,0.013188177230298859,0.0068885519512889015,0.008098563716998419,0.008084469167458627
2025-03-26,0.00043539728764163677,0.013188177230298859,0.008084469167458627,0.008209021890832769
2025-03-27,-0.007681079328545448,0.00043539728764163677,0.008209021890832769,0.007745026493196823
2025-03-28,0.004474827877002596,-0.007681079328545448,0.007745026493196823,0.007813450804975596
2025-04-01,-0.0030773044101545244,0.004474827877002596,0.007813450804975596,0.008652714984183048
2025-04-02,-0.015036571865236992,-0.0030773044101545244,0.008652714984183048,0.0074195549527316775
2025-04-03,0.0071938424586863725,-0.015036571865236992,0.0074195549527316775,0.00751548709847788
2025-04-04,-0.0035251486188494496,0.0071938424586863725,0.00751548709847788,0.008375925227133086
2025-04-07,-0.014866619775066536,-0.0035251486188494496,0.008375925227133086,0.01092253341546767
2025-04-08,-0.03243254628305536,-0.014866619775066536,0.01092253341546767,0.011373435433703805
2025-04-09,0.016887318902814252,-0.03243254628305536,0.011373435433703805,0.011450707445957558
2025-04-11,-0.006065856008070525,0.016887318902814252,0.011450707445957558,0.012164681884999291
2025-04-15,0.019170387409190415,-0.006065856008070525,0.012164681884999291,0.01300539736568917
2025-04-16,0.02190239778210845,0.019170387409190415,0.01300539736568917,0.013000223007569322
2025-04-17,0.004657316201027051,0.02190239778210845,0.013000223007569322,0.013367486694904208
2025-04-21,0.017683476937954135,0.004657316201027051,0.013367486694904208,0.013488343991743887
2025-04-22,0.011483498464016417,0.017683476937954135,0.013488343991743887,0.013250044687710075
2025-04-23,0.0017284255654137493,0.011483498464016417,0.013250044687710075,0.013277315104333906
2025-04-24,0.006690840652122221,0.0017284255654137493,0.013277315104333906,0.013163793143253815
2025-04-25,-0.0033807460922566923,0.006690840652122221,0.013163793143253815,0.013319434545137574
2025-04-28,-0.00855166336268387,-0.0033807460922566923,0.013319434545137574,0.01327072670394008
2025-04-29,0.012028211882747275,-0.00855166336268387,0.01327072670394008,0.013271233596121734
2025-04-30,0.0003061930965739812,0.012028211882747275,0.013271233596121734,0.013113579055157514
2025-05-02,-7.191007773188485e-05,0.0003061930965739812,0.013113579055157514,0.013101230639053269
2025-05-05,0.0005136803511647248,-7.191007773188485e-05,0.013101230639053269,0.013072817221462371
2025-05-06,0.004700890697612925,0.0005136803511647248,0.013072817221462371,0.012551399122678953
2025-05-07,-0.0033338898599493128,0.004700890697612925,0.012551399122678953,0.01250681210209392
2025-05-08,0.0014274549954715887,-0.0033338898599493128,0.01250681210209392,0.012567608656194886
2025-05-09,-0.005758880297096702,0.0014274549954715887,0.012567608656194886,0.012329586336450944
2025-05-12,-0.0109501096942064,-0.005758880297096702,0.012329586336450944,0.012003987014817804
2025-05-13,0.038183073090219954,-0.0109501096942064,0.012003987014817804,0.01243847255995627
2025-05-14,-0.01389583907654357,0.038183073090219954,0.01243847255995627,0.01221593931216623
2025-05-15,0.0036027960647213586,-0.01389583907654357,0.01221593931216623,0.012047250450734424
2025-05-16,0.01602143814146184,0.0036027960647213586,0.012047250450734424,0.011429705537487497
2025-05-19,-0.0016877607536591732,0.01602143814146184,0.011429705537487497,0.011508707860834024
2025-05-20,-0.0029717088137536374,-0.0016877607536591732,0.011508707860834024,0.011356757247694832
2025-05-21,-0.010484831354666824,-0.0029717088137536374,0.011356757247694832,0.011167992643406063
2025-05-22,0.00524831270888626,-0.010484831354666824,0.011167992643406063,0.011362242619663877
2025-05-23,-0.008211272774042211,0.00524831270888626,0.011362242619663877,0.011464497766334925
2025-05-26,0.009892488718005854,-0.008211272774042211,0.011464497766334925,0.011463985239729859
2025-05-27,0.005954979456279652,0.009892488718005854,0.011463985239729859,0.011400550939082866
2025-05-28,-0.0069977248703164685,0.005954979456279652,0.011400550939082866,0.01118204197459608
2025-05-29,-0.0029706520659956714,-0.0069977248703164685,0.01118204197459608,0.01119319797073709
2025-05-30,0.003278479228775888,-0.0029706520659956714,0.01119319797073709,0.011231805259095591
2025-06-02,-0.00333823496911434,0.003278479228775888,0.011231805259095591,0.011242364982191602
2025-06-03,-0.0013777230725331435,-0.00333823496911434,0.011242364982191602,0.01132923519331305
2025-06-04,-0.007043833380258491,-0.0013777230725331435,0.01132923519331305,0.01131611361085139
2025-06-05,0.003165904807986175,-0.007043833380258491,0.01131611361085139,0.011363137462533092
2025-06-06,0.005308696762106768,0.003165904807986175,0.011363137462533092,0.011441587500063148
2025-06-09,0.01018752395450262,0.005308696762106768,0.011441587500063148,0.011089757211258055
2025-06-10,0.004005448710087123,0.01018752395450262,0.011089757211258055,0.007413015880279377
2025-06-11,4.18584595869298e-05,0.004005448710087123,0.007413015880279377,0.006654235410823715
2025-06-12,0.0014798446727146697,4.18584595869298e-05,0.006654235410823715,0.00705410447199784
2025-06-13,-0.010071084662786611,0.0014798446727146697,0.00705410447199784,0.006247539542363472
2025-06-16,-0.006814458847919758,-0.010071084662786611,0.006247539542363472,0.0065994382023873786
2025-06-17,0.00921979376770854,-0.006814458847919758,0.0065994382023873786,0.006617929573428495
2025-06-18,-0.0037319707924959866,0.00921979376770854,0.006617929573428495,0.006195999941853638
2025-06-19,-0.0016637405234334324,-0.0037319707924959866,0.006195999941853638,0.0060922154444305624
2025-06-20,-0.0007577278241026608,-0.0016637405234334324,0.0060922154444305624,0.006404294707300402
2025-06-23,0.01287247095983779,-0.0007577278241026608,0.006404294707300402,0.006215959956458503
2025-06-24,-0.0055948454872697395,0.01287247095983779,0.006215959956458503,0.006110536458435794
2025-06-25,0.0029012296868362597,-0.0055948454872697395,0.006110536458435794,0.006116051071015022
2025-06-26,0.008001820520425307,0.0029012296868362597,0.006116051071015022,0.006516660789015156
2025-06-27,0.012052010814129765,0.008001820520425307,0.006516660789015156,0.00651944879690296
2025-06-30,0.003475704773181043,0.012052010814129765,0.00651944879690296,0.0065773673889555195
2025-07-01,-0.004709842354665206,0.003475704773181043,0.0065773673889555195,0.006546358076714236
2025-07-02,0.0009699396772837598,-0.004709842354665206,0.006546358076714236,0.006354081070522962
2025-07-03,-0.0034610085397696055,0.0009699396772837598,0.006354081070522962,0.006393645128245299
2025-07-04,-0.00188971251922454,-0.0034610085397696055,0.006393645128245299,0.006337114317660524
2025-07-07,0.0021924250859925998,-0.00188971251922454,0.006337114317660524,0.006009506000238369
2025-07-08,1.1813410706551508e-05,0.0021924250859925998,0.006009506000238369,0.005977966484855564
2025-07-09,0.0024036171315751087,1.1813410706551508e-05,0.005977966484855564,0.00600357762875297
2025-07-10,-0.00181801902732881,0.0024036171315751087,0.00600357762875297,0.006116608189990038
2025-07-11,-0.004743646446198069,-0.00181801902732881,0.006116608189990038,0.005960752211990919
2025-07-14,-0.008100901810276007,-0.004743646446198069,0.005960752211990919,0.005772019461990511
2025-07-15,-0.002685854157148504,-0.008100901810276007,0.005772019461990511,0.005511025630459229
2025-07-16,0.004525103218794291,-0.002685854157148504,0.005511025630459229,0.005425550341614856
2025-07-17,0.0006449487413033861,0.004525103218794291,0.005425550341614856,0.0054994027776460435
2025-07-18,-0.003990217351728331,0.0006449487413033861,0.0054994027776460435,0.005662900652576435
2025-07-21,-0.0056965580472427835,-0.003990217351728331,0.005662900652576435,0.005011098091822332
2025-07-22,0.004898144302865282,-0.0056965580472427835,0.005011098091822332,0.004856248617705187
2025-07-23,-0.0011876443882732346,0.004898144302865282,0.004856248617705187,0.005008445675076551
2025-07-24,0.006344544590244583,-0.0011876443882732346,0.005008445675076551,0.0048834264046453005
2025-07-25,-0.006256994627491075,0.006344544590244583,0.0048834264046453005,0.004343053801394191
2025-07-28,-0.008981674037030651,-0.006256994627491075,0.004343053801394191,0.004324612764588027
2025-07-29,-0.006284962329387578,-0.008981674037030651,0.004324612764588027,0.0045629555179182105
2025-07-30,0.005680474234370125,-0.006284962329387578,0.0045629555179182105,0.004573692282357424
2025-07-31,0.001367835124523431,0.005680474234370125,0.004573692282357424,0.004574344037083661
2025-08-01,-0.0034882717656889994,0.001367835124523431,0.004574344037083661,0.004816387758090533
2025-08-04,-0.008195943742782208,-0.0034882717656889994,0.004816387758090533,0.005063330891587723
2025-08-05,0.006407415043054421,-0.008195943742782208,0.005063330891587723,0.005063793972204255
2025-08-06,-0.0029608040671041946,0.006407415043054421,0.005063793972204255,0.004991412337718775
2025-08-07,-0.003056914228121266,-0.0029608040671041946,0.004991412337718775,0.005025586531327781
2025-08-08,0.0008932609229541644,-0.003056914228121266,0.005025586531327781,0.005270214273717782
2025-08-11,-0.009466912735407229,0.0008932609229541644,0.005270214273717782,0.0055834348904243766
2025-08-12,0.009101804471857822,-0.009466912735407229,0.0055834348904243766,0.005609083331023699
2025-08-13,-0.003971941790719136,0.009101804471857822,0.005609083331023699,0.00565555642349172
2025-08-14,0.005388453516712133,-0.003971941790719136,0.00565555642349172,0.005653221654198415
2025-08-18,0.00048543816407109475,0.005388453516712133,0.005653221654198415,0.006099104016725949
2025-08-19,0.009973019276634965,0.00048543816407109475,0.006099104016725949,0.006052837315645026
2025-08-20,0.004168564680625764,0.009973019276634965,0.006052837315645026,0.005985549996840274
2025-08-21,0.0027981813736617234,0.004168564680625764,0.005985549996840274,0.005986981131305282
2025-08-22,0.0013252889742787488,0.0027981813736617234,0.005986981131305282,0.006084621719205583
2025-08-25,-0.008517482060098724,0.0013252889742787488,0.006084621719205583,0.0060206451522005835
2025-08-26,0.003926417350905487,-0.008517482060098724,0.0060206451522005835,0.006118374894197741
2025-08-28,-0.010241179872034878,0.003926417350905487,0.006118374894197741,0.006248796308425012
2025-08-29,-0.008544430103923584,-0.010241179872034878,0.006248796308425012,0.0061174643515602934
2025-09-01,-0.0030223697933294824,-0.008544430103923584,0.0061174643515602934,0.006404334314724848
2025-09-02,0.008114070174605414,-0.0030223697933294824,0.006404334314724848,0.00637499004965233
2025-09-03,-0.0018457290617897026,0.008114070174605414,0.00637499004965233,0.00623101737168335
2025-09-04,0.0055107151470170646,-0.0018457290617897026,0.00623101737168335,0.006074619902540863
2025-09-05,0.0007788776228048189,0.0055107151470170646,0.006074619902540863,0.006035612735741206
2025-09-08,0.00027084730671167456,0.0007788776228048189,0.006035612735741206,0.005993016089405572
2025-09-09,0.0012994782193525012,0.00027084730671167456,0.005993016089405572,0.006039785848299179
2025-09-10,0.003852930178235292,0.0012994782193525012,0.006039785848299179,0.005629823647543109
2025-09-11,0.0042020862308871365,0.003852930178235292,0.005629823647543109,0.005331320766928717
2025-09-12,0.0012974116602184615,0.0042020862308871365,0.005331320766928717,0.005265779880076463
2025-09-15,0.004339045410009845,0.0012974116602184615,0.005265779880076463,0.005214044796954844
2025-09-16,-0.0017838966811339896,0.004339045410009845,0.005214044796954844,0.005368974203257129
2025-09-17,0.006777256391098607,-0.0017838966811339896,0.005368974203257129,0.0050155973154107315
2025-09-18,0.003611475529465391,0.006777256391098607,0.0050155973154107315,0.0050008038864191905
2025-09-19,0.0036853015416349333,0.003611475529465391,0.0050008038864191905,0.005078799671423934
2025-09-22,-0.0037976065391384095,0.0036853015416349333,0.005078799671423934,0.0052115203049093424
2025-09-23,-0.004923635718664832,-0.0037976065391384095,0.0052115203049093424,0.004829306374221141
2025-09-24,-0.0013034343973540308,-0.004923635718664832,0.004829306374221141,0.004885917258327684
2025-09-25,-0.00447365300760838,-0.0013034343973540308,0.004885917258327684,0.004552730837021371
2025-09-26,-0.006626948212322681,-0.00447365300760838,0.004552730837021371,0.0046485223571649525
2025-09-29,-0.009487437927231501,-0.006626948212322681,0.0046485223571649525,0.0045939214336416095
2025-09-30,-0.0008030448049409777,-0.009487437927231501,0.0045939214336416095,0.004247174845937729
2025-10-01,-0.0009661407544825362,-0.0008030448049409777,0.004247174845937729,0.004667651007544964
2025-10-03,0.009150390492475902,-0.0009661407544825362,0.004667651007544964,0.004547226422235932
2025-10-06,0.0023332467769816567,0.009150390492475902,0.004547226422235932,0.004798351227385662
2025-10-07,0.007367178791287232,0.0023332467769816567,0.004798351227385662,0.004798908554422323
2025-10-08,0.0012222193924698033,0.007367178791287232,0.004798908554422323,0.004846302306254417
2025-10-09,-0.0024752925801897474,0.0012222193924698033,0.004846302306254417,0.004911404267161647
2025-10-10,0.005416017571936882,-0.0024752925801897474,0.004911404267161647,0.004908147813856745
2025-10-13,0.0041120501676790155,0.005416017571936882,0.004908147813856745,0.004945179850341799
2025-10-14,-0.0022938183927065925,0.0041120501676790155,0.004945179850341799,0.004922470207564431
2025-10-15,-0.003244479132464395,-0.0022938183927065925,0.004922470207564431,0.005131106795413046
2025-10-16,0.007080820872521931,-0.003244479132464395,0.005131106795413046,0.005400725485171258
2025-10-17,0.010336228211479837,0.007080820872521931,0.005400725485171258,0.005441830300153682
2025-10-20,0.004867983737610659,0.010336228211479837,0.005441830300153682,0.005492252843066807
2025-10-21,0.005184813729964155,0.004867983737610659,0.005492252843066807,0.005390550083251567
2025-10-23,0.0009847568259027106,0.005184813729964155,0.005390550083251567,0.00521645188006121
2025-10-24,0.0008814076368377499,0.0009847568259027106,0.00521645188006121,0.005302538576627612
2025-10-27,-0.0037174505259611745,0.0008814076368377499,0.005302538576627612,0.005263491764261231
2025-10-28,0.006625291500029773,-0.0037174505259611745,0.005263491764261231,0.0049563666405985935
2025-10-29,-0.001149638146805021,0.006625291500029773,0.0049563666405985935,0.004226065868966318
2025-10-30,0.0045381040946781415,-0.001149638146805021,0.004226065868966318,0.0046473802774508926
2025-10-31,-0.0067571756478100875,0.0045381040946781415,0.0046473802774508926,0.004949017317554687
2025-11-03,-0.006018660837397216,-0.0067571756478100875,0.004949017317554687,0.0046793641478019635
2025-11-04,0.0016036793506921665,-0.006018660837397216,0.0046793641478019635,0.005004957048328347
2025-11-06,-0.006431586779760301,0.0016036793506921665,0.005004957048328347,0.004908712076204881
2025-11-07,-0.0034359080045569534,-0.006431586779760301,0.004908712076204881,0.00491859006319219
2025-11-10,-0.0006820322478444663,-0.0034359080045569534,0.00491859006319219,0.00488965370897245
2025-11-11,0.0032185728871263475,-0.0006820322478444663,0.00488965370897245,0.004860368651291625
2025-11-12,0.0047156471705849246,0.0032185728871263475,0.004860368651291625,0.00499497468148015
2025-11-13,0.0070384090258497345,0.0047156471705849246,0.00499497468148015,0.004940056890285621
2025-11-14,0.00012944949620363744,0.0070384090258497345,0.004940056890285621,0.004832967881437921
2025-11-17,0.001194026471448284,0.00012944949620363744,0.004832967881437921,0.0046977341262462126
2025-11-18,0.0039906690408659795,0.001194026471448284,0.0046977341262462126,0.004344776453100924
2025-11-19,-0.003974806902018679,0.0039906690408659795,0.004344776453100924,0.004378013079240289
2025-11-20,0.005503640675154298,-0.003974806902018679,0.004378013079240289,0.004386970193990111
2025-11-21,0.005354541588221684,0.005503640675154298,0.004386970193990111,0.004539875591179208
2025-11-24,-0.0047342428227803435,0.005354541588221684,0.004539875591179208,0.004644272197591431
2025-11-25,-0.004167936312968079,-0.0047342428227803435,0.004644272197591431,0.004612943966792139
2025-11-26,-0.002877529180069005,-0.004167936312968079,0.004612943966792139,0.005154620562775387
2025-11-27,0.012381783530362567,-0.002877529180069005,0.005154620562775387,0.005141670206970057
2025-11-28,0.0003911422381892571,0.012381783530362567,0.005141670206970057,0.005061723052520382
2025-12-01,-0.0004806903583736144,0.0003911422381892571,0.005061723052520382,0.0048116237941754755
2025-12-02,-0.0010380212747401751,-0.0004806903583736144,0.0048116237941754755,0.004776387011296732
2025-12-03,-0.005484113396941881,-0.0010380212747401751,0.004776387011296732,0.004797091799130185
2025-12-04,-0.0017746951904364927,-0.005484113396941881,0.004797091799130185,0.004538931475212535
2025-12-05,0.0018375278996383138,-0.0017746951904364927,0.004538931475212535,0.004557210487848257
2025-12-08,0.005865433091659877,0.0018375278996383138,0.004557210487848257,0.005031350542459027
2025-12-09,-0.00862653945989178,0.005865433091659877,0.005031350542459027,0.005140589432269296
2025-12-10,-0.004657081109092687,-0.00862653945989178,0.005140589432269296,0.0051051333446204845
2025-12-11,-0.0031598875909956137,-0.004657081109092687,0.0051051333446204845,0.005008852901684078
2025-12-12,0.0054565875164998,-0.0031598875909956137,0.005008852901684078,0.0051599041929184545
2025-12-15,0.005729990019651465,0.0054565875164998,0.0051599041929184545,0.005160928082628904
2025-12-16,-0.0007543469807149705,0.005729990019651465,0.005160928082628904,0.005280266609510344
2025-12-17,-0.006424068837574293,-0.0007543469807149705,0.005280266609510344,0.005222116893095154
2025-12-18,-0.001606677033445636,-0.006424068837574293,0.005222116893095154,0.0050590612116265445
2025-12-19,-0.00011619552256891819,-0.001606677033445636,0.0050590612116265445,0.005088015472023484
2025-12-22,0.005843362036054733,-0.00011619552256891819,0.005088015472023484,0.00529514330446748
2025-12-23,0.00793332910611566,0.005843362036054733,0.00529514330446748,0.0051998169632307915
2025-12-24,0.00018148889399149937,0.00793332910611566,0.0051998169632307915,0.005161873317982282
2025-12-26,-0.0013389838361685946,0.00018148889399149937,0.005161873317982282,0.004457249820721199
2025-12-29,-0.0038175521330050532,-0.0013389838361685946,0.004457249820721199,0.004520502803696476
2025-12-30,-0.003847631310177624,-0.0038175521330050532,0.004520502803696476,0.004521202557563232
2025-12-31,-0.00012527898855285713,-0.003847631310177624,0.004521202557563232,0.004829101052322132
2026-01-01,0.0073538342244390265,-0.00012527898855285713,0.004829101052322132,0.004668260788518162
2026-01-02,0.0006487344669803274,0.0073538342244390265,0.004668260788518162,0.004866693289036533
2026-01-05,0.006960765170238581,0.0006487344669803274,0.004866693289036533,0.004920153301193607
2026-01-06,-0.0029720587604740167,0.006960765170238581,0.004920153301193607,0.004799256542749807
2026-01-07,-0.0027276473171363724,-0.0029720587604740167,0.004799256542749807,0.004392799415254084
2026-01-08,-0.001449622016468255,-0.0027276473171363724,0.004392799415254084,0.004839609596715968
2026-01-09,-0.010095364158449915,-0.001449622016468255,0.004839609596715968,0.005070482018282437
2026-01-12,-0.007479613285493514,-0.010095364158449915,0.005070482018282437,0.005006776591326172
2026-01-13,0.004164153963733375,-0.007479613285493514,0.005006776591326172,0.00483502509880421
2026-01-14,-0.002246942885392733,0.004164153963733375,0.00483502509880421,0.004855166839787737
2026-01-16,-0.00259211846006413,-0.002246942885392733,0.004855166839787737,0.004683006899134674
2026-01-19,0.0011201764399650926,-0.00259211846006413,0.004683006899134674,0.004754427471680693
2026-01-20,-0.004236324757381116,0.0011201764399650926,0.004754427471680693,0.005576747854780242
2026-01-21,-0.013796877137441155,-0.004236324757381116,0.005576747854780242,0.0053576291054476454
2026-01-22,-0.0029723570791637677,-0.013796877137441155,0.0053576291054476454,0.005150410236479358
2026-01-23,0.00526285960946038,-0.0029723570791637677,0.005150410236479358,0.0054107236104974105
2026-01-27,-0.009539381186706164,0.00526285960946038,0.0054107236104974105,0.00563040900513436
2026-01-28,0.005060152863462841,-0.009539381186706164,0.00563040900513436,0.005897592603804816
2026-01-29,0.006647346488174222,0.005060152863462841,0.005897592603804816,0.005937810820195324
2026-01-30,0.0030048195489833507,0.006647346488174222,0.005937810820195324,0.005967757852009159
2026-02-02,-0.003865234077404689,0.0030048195489833507,0.005967757852009159,0.005881958259155854
2026-02-03,-0.00917235522852089,-0.003865234077404689,0.005881958259155854,0.00838580210566914
2026-02-04,0.025475932330218942,-0.00917235522852089,0.00838580210566914,0.008224441334707108
2026-02-05,0.0018831648283172964,0.025475932330218942,0.008224441334707108,0.008264918673935067
2026-02-06,-0.00516756745616076,0.0018831648283172964,0.008264918673935067,0.008281962851669513
2026-02-09,0.0019849016468285186,-0.00516756745616076,0.008281962851669513,0.008444634966488566
2026-02-10,0.006756581098813275,0.0019849016468285186,0.008444634966488566,0.008171210299735268
2026-02-11,0.0026229876069705504,0.006756581098813275,0.008171210299735268,0.007982700964306698
2026-02-12,0.0007209990483325601,0.0026229876069705504,0.007982700964306698,0.008046303100033007
2026-02-13,-0.00565042923620962,0.0007209990483325601,0.008046303100033007,0.008530025256038453
2026-02-16,-0.01302348257655217,-0.00565042923620962,0.008530025256038453,0.008722767872804113
2026-02-17,0.008309432803093486,-0.01302348257655217,0.008722767872804113,0.008726824488512497
2026-02-18,0.00166066292063749,0.008309432803093486,0.008726824488512497,0.008700861991340531
2026-02-19,0.003652002197183979,0.00166066292063749,0.008700861991340531,0.008728990279939088
2026-02-20,-0.014136684522350174,0.003652002197183979,0.008728990279939088,0.008736653038567127
2026-02-23,0.004592550680687868,-0.014136684522350174,0.008736653038567127,0.00874400660419611
2026-02-24,0.00554333479982394,0.004592550680687868,0.00874400660419611,0.008850270898940993
2026-02-25,-0.011214156627970318,0.00554333479982394,0.008850270898940993,0.008803148824576675
2026-02-26,0.002275335490801167,-0.011214156627970318,0.008803148824576675,0.0086940935229489
2026-02-27,0.0005513894339252978,0.002275335490801167,0.0086940935229489,0.009101655023743915
2026-03-02,-0.012468368500212268,0.0005513894339252978,0.009101655023743915,0.00944929909878123
2026-03-04,-0.012429227421638323,-0.012468368500212268,0.00944929909878123,0.009821806981801252
2026-03-05,-0.015491187895474101,-0.012429227421638323,0.009821806981801252,0.008295073394000254
2026-03-06,0.011658274570576665,-0.015491187895474101,0.008295073394000254,0.008580922368553607
2026-03-09,-0.012737318930444053,0.011658274570576665,0.008580922368553607,0.00915821110435677
2026-03-10,-0.017275692308183932,-0.012737318930444053,0.00915821110435677,0.009519352994348074
2026-03-11,0.009719840791548862,-0.017275692308183932,0.009519352994348074,0.009702019763104789
2026-03-12,-0.01627056774308744,0.009719840791548862,0.009702019763104789,0.009663618874381118
2026-03-13,-0.009540396930332928,-0.01627056774308744,0.009663618874381118,0.010211259082366898
2026-03-16,-0.02064586811222946,-0.009540396930332928,0.010211259082366898,0.01082690964394553
2026-03-17,0.011131271353117311,-0.02064586811222946,0.01082690964394553,0.010945096450203633
2026-03-18,0.007362598835607637,0.011131271353117311,0.010945096450203633,0.010946724435872121
2026-03-19,0.008339304375208911,0.007362598835607637,0.010946724435872121,0.012559423905780565
2026-03-20,-0.03262077926216955,0.008339304375208911,0.012559423905780565,0.012605831999602959
2026-03-23,0.004884308965338757,-0.03262077926216955,0.012605831999602959,0.01327823047855
2026-03-24,-0.026037751600726855,0.004884308965338757,0.01327823047855,0.014077420526717394
2026-03-25,0.017756683156527453,-0.026037751600726855,0.014077420526717394,0.014733268462188885
2026-03-27,0.01719805962740728,0.017756683156527453,0.014733268462188885,0.015098344190509688
2026-03-30,-0.02088905112938999,0.01719805962740728,0.015098344190509688,0.015406423162800791
2026-04-01,-0.02139385559374285,-0.02088905112938999,0.015406423162800791,0.01606844779528076
2026-04-02,0.015583438293735208,-0.02139385559374285,0.01606844779528076,0.01605163533567386
2026-04-06,0.0014858954897207788,0.015583438293735208,0.01605163533567386,0.016315611322660795
2026-04-07,0.01123362266767347,0.0014858954897207788,0.016315611322660795,0.016230306747808634
2026-04-08,0.0067658785769486585,0.01123362266767347,0.016230306747808634,0.018252042845920552
2026-04-09,0.03778379295615997,0.0067658785769486585,0.018252042845920552,0.01815905444279918
2026-04-10,-0.009261439434677166,0.03778379295615997,0.01815905444279918,0.017970882803804305
2026-04-13,0.011587753764504383,-0.009261439434677166,0.017970882803804305,0.017931218956602116
2026-04-15,-0.008646321593950623,0.011587753764504383,0.017931218956602116,0.017923534360005287
2026-04-16,0.016300637062472756,-0.008646321593950623,0.017923534360005287,0.017774613298474615
2026-04-17,-0.0014258739785333319,0.016300637062472756,0.017774613298474615,0.017074833292967193
2026-04-20,0.006480241406387144,-0.0014258739785333319,0.017074833292967193,0.0169652039128178
2026-04-21,0.00046394992773279853,0.006480241406387144,0.0169652039128178,0.016988478273702416
2026-04-22,0.008690798564113589,0.00046394992773279853,0.016988478273702416,0.017064954634735174
2026-04-23,-0.00807678861823835,0.008690798564113589,0.017064954634735174,0.015392746994419974
2026-04-24,-0.008411190019346093,-0.00807678861823835,0.015392746994419974,0.01567236042496895
2026-04-27,-0.011380506539678703,-0.008411190019346093,0.01567236042496895,0.014367778322154252
2026-04-28,0.008149234824183171,-0.011380506539678703,0.014367778322154252,0.014057354510523324
2026-04-29,-0.004026115924964935,0.008149234824183171,0.014057354510523324,0.013699736318191845
2026-04-30,0.007582657634449097,-0.004026115924964935,0.013699736318191845,0.012873976042927636
2026-05-04,-0.007449012061355398,0.007582657634449097,0.012873976042927636,0.011658261086919643
2026-05-05,0.005073434414612388,-0.007449012061355398,0.011658261086919643,0.011432726314334583
2026-05-06,-0.0035863394542201554,0.005073434414612388,0.011432726314334583,0.011615629367617815
2026-05-07,0.01240589643353629,-0.0035863394542201554,0.011615629367617815,0.01149443156255387
2026-05-08,-0.00017668148029703623,0.01240589643353629,0.01149443156255387,0.01161795126657179
2026-05-11,-0.006186630612244115,-0.00017668148029703623,0.01161795126657179,0.008922199417156903
2026-05-12,-0.014903149402549887,-0.006186630612244115,0.008922199417156903,0.009571258547334718
2026-05-13,-0.018319683541890175,-0.014903149402549887,0.009571258547334718,0.009164090257253775
2026-05-14,0.0014135784059419176,-0.018319683541890175,0.009164090257253775,0.009422374555058843
2026-05-15,0.011831236369372666,0.0014135784059419176,0.009422374555058843,0.008626121695383938
2026-05-18,-0.0019459851637491088,0.011831236369372666,0.008626121695383938,0.008631202575811478
2026-05-19,0.0002727692071817778,-0.0019459851637491088,0.008631202575811478,0.008456899032510552
2026-05-20,-0.0013509212410769411,0.0002727692071817778,0.008456899032510552,0.008475641207049866
2026-05-21,0.0017359640951817301,-0.0013509212410769411,0.008475641207049866,0.008164767269401504
2026-05-22,-0.00018178203854768427,0.0017359640951817301,0.008164767269401504,0.008088758785206934
2026-05-25,0.002731024474358801,-0.00018178203854768427,0.008088758785206934,0.00849712731588198
2026-05-26,0.01317064277657587,0.002731024474358801,0.00849712731588198,0.008184715733097954
2026-05-27,-0.004910181295375682,0.01317064277657587,0.008184715733097954,0.00797227945379246
2026-05-29,-0.00027385257567613674,-0.004910181295375682,0.00797227945379246,0.00856658211491076
2026-06-01,-0.015033175629577955,-0.00027385257567613674,0.00856658211491076,0.008438340655640992
2026-06-02,-0.007013425513053284,-0.015033175629577955,0.008438340655640992,0.008418166783382848
2026-06-03,0.00431736306319519,-0.007013425513053284,0.008418166783382848,0.008314160790821373
2026-06-04,-0.0033193946094914883,0.00431736306319519,0.008314160790821373,0.008307832977335327
2026-06-05,0.00046788683297016576,-0.0033193946094914883,0.008307832977335327,0.00770061483098124
2026-06-08,-0.0021289028843615165,0.00046788683297016576,0.00770061483098124,0.007908406973388746
2026-06-09,-0.010429338627102713,-0.0021289028843615165,0.007908406973388746,0.008021970782389995
2026-06-10,0.005150698844224255,-0.010429338627102713,0.008021970782389995,0.00744300115803381
2026-06-11,-0.0011681556778996294,0.005150698844224255,0.00744300115803381,0.006338509070480089
2026-06-12,-0.0022980713363744965,-0.0011681556778996294,0.006338509070480089,0.007738531340763912
2026-06-15,0.019916620139797336,-0.0022980713363744965,0.007738531340763912,0.007599360580101384
2026-06-16,0.009778646829145199,0.019916620139797336,0.007599360580101384,0.007665420210830035
2026-06-17,0.005669932287180934,0.009778646829145199,0.007665420210830035,0.007698147659802933
2026-06-18,0.004024687267071059,0.005669932287180934,0.007698147659802933,0.007698816508031245
2026-06-19,0.0034169978003351087,0.004024687267071059,0.007698816508031245,0.007869778367195542
2026-06-22,-0.006409317718677587,0.0034169978003351087,0.007869778367195542,0.007893373943839023
2026-06-23,0.0037396580495980825,-0.006409317718677587,0.007893373943839023,0.008334054716505978
2026-06-24,-0.011567105067506356,0.0037396580495980825,0.008334054716505978,0.008017664860196238
2026-06-25,0.008292056551520766,-0.011567105067506356,0.008017664860196238,0.007942117704761128
2026-06-29,0.0014299437722400388,0.008292056551520766,0.007942117704761128,0.008012768032100102
2026-06-30,-0.004562271366810755,0.0014299437722400388,0.008012768032100102,0.007281406580554909
2026-07-01,-0.0033616954637991636,-0.004562271366810755,0.007281406580554909,0.007143643218167606
2026-07-02,0.0058703208311072785,-0.0033616954637991636,0.007143643218167606,0.007227184665816027
2026-07-03,0.007075342557701703,0.0058703208311072785,0.007227184665816027,0.007162976552871562
2026-07-06,0.003935786500487426,0.007075342557701703,0.007162976552871562,0.007231669102154702
2026-07-07,0.006571669412775316,0.003935786500487426,0.007231669102154702,0.007209872410734476
2026-07-08,-0.0012955357222089736,0.006571669412775316,0.007209872410734476,0.008421913453042914
2026-07-09,-0.02117524515827318,-0.0012955357222089736,0.008421913453042914,0.008393132352172867
2026-07-10,0.0033812004144717633,-0.02117524515827318,0.008393132352172867,0.008577136925488968
2026-07-13,0.01018660596494203,0.0033812004144717633,0.008577136925488968,0.0085316696188922
2026-07-14,0.0001693570555851842,0.01018660596494203,0.0085316696188922,0.0076893994724559584
2026-07-15,-0.006565165369047166,0.0001693570555851842,0.0076893994724559584,0.007415917918512856
2026-07-16,0.0010996658451518648,-0.006565165369047166,0.007415917918512856,0.007320346162831766
2026-07-17,-0.00023880225097083763,0.0010996658451518648,0.007320346162831766,0.007644455605045701
2026-07-20,0.010865014643113069,-0.00023880225097083763,0.007644455605045701,0.007673352472530097
2026-07-21,-0.003936861885253551,0.010865014643113069,0.007673352472530097,0.007545178532458017
2026-07-22,-0.002095871495760848,-0.003936861885253551,0.007545178532458017,0.007711901543060793
2026-07-23,-0.0079151479856997,-0.002095871495760848,0.007711901543060793,0.007361866776904917
2026-07-24,-0.0052779242850445884,-0.0079151479856997,0.007361866776904917,0.007172545183565317
2026-07-27,-0.004279518395644999,-0.0052779242850445884,0.007172545183565317,0.007496632126572382
2026-07-28,0.009613989195766948,-0.004279518395644999,0.007496632126572382,0.007427386951380884
2026-07-29,-0.0004417249460887396,0.009613989195766948,0.007427386951380884,0.007749425364329647
2026-07-30,0.011042140877174367,-0.0004417249460887396,0.007749425364329647,0.007676867307529479
2026-07-31,0.0027608503860552247,0.011042140877174367,0.007676867307529479,0.0075523824424626185
